member_id,join_date,last_visited,checklist_completed
5981050,2021-01-10,,
6047117,2021-01-16,,
6139110,2021-01-26,,
6164330,2021-01-28,,
6457614,2021-02-27,,
6457763,2021-02-27,,
6458470,2021-02-27,,
6460542,2021-02-27,,
6489456,2021-03-02,,
6573894,2021-03-11,,
6636195,2021-03-17,,
6652735,2021-03-19,,
6707752,2021-03-25,,
6707774,2021-03-25,,
6707775,2021-03-25,,
6707995,2021-03-25,,
6708012,2021-03-25,,
6708025,2021-03-25,,
6708054,2021-03-25,,
6708117,2021-03-25,,
6708153,2021-03-25,,
6708195,2021-03-25,,
6708540,2021-03-25,,
6708546,2021-03-25,,
6708730,2021-03-25,,
6708755,2021-03-25,,
6708854,2021-03-25,,
6708932,2021-03-25,,
6708991,2021-03-25,,
6709025,2021-03-25,,
6709063,2021-03-25,,
6709241,2021-03-25,,
6709271,2021-03-25,,
6709314,2021-03-25,,
6709428,2021-03-25,,
6709469,2021-03-25,,
6710097,2021-03-25,,
6710326,2021-03-25,,
6710359,2021-03-25,,
6710427,2021-03-25,,
6711059,2021-03-25,,
6713031,2021-03-25,,
6713461,2021-03-25,,
6714104,2021-03-25,,
6714144,2021-03-25,,
6714161,2021-03-25,,
6714476,2021-03-25,,
6714579,2021-03-25,,
6714622,2021-03-25,,
6715466,2021-03-25,,
6715525,2021-03-25,,
6715652,2021-03-25,,
6716039,2021-03-25,,
6716786,2021-03-25,,
6716846,2021-03-25,,
6717173,2021-03-25,,
6717183,2021-03-25,,
6717622,2021-03-25,,
6717731,2021-03-25,,
6717924,2021-03-25,,
6718157,2021-03-25,,
6718394,2021-03-25,,
6718677,2021-03-25,,
6718725,2021-03-25,,
6718728,2021-03-25,,
6718748,2021-03-25,,
6718760,2021-03-25,,
6718772,2021-03-25,,
6718850,2021-03-26,,
6718851,2021-03-26,,
6718885,2021-03-26,,
6719009,2021-03-26,,
6719020,2021-03-26,,
6719054,2021-03-26,,
6719065,2021-03-26,,
6719097,2021-03-26,,
6719108,2021-03-26,,
6719114,2021-03-26,,
6719395,2021-03-26,,
6719595,2021-03-26,,
6719666,2021-03-26,,
6720342,2021-03-26,,
6720427,2021-03-26,,
6720509,2021-03-26,,
6721582,2021-03-26,,
6721645,2021-03-26,,
6721756,2021-03-26,,
6723245,2021-03-26,,
6723928,2021-03-26,,
6724089,2021-03-26,,
6725288,2021-03-26,,
6725344,2021-03-26,,
6725444,2021-03-26,,
6725747,2021-03-26,,
6726289,2021-03-26,,
6726777,2021-03-26,,
6727217,2021-03-26,,
6727818,2021-03-26,,
6727835,2021-03-26,,
6728330,2021-03-26,,
6728742,2021-03-26,,
6728875,2021-03-26,,
6729104,2021-03-26,,
6729305,2021-03-26,,
6729438,2021-03-26,,
6729598,2021-03-27,,
6730120,2021-03-27,,
6730297,2021-03-27,,
6730318,2021-03-27,,
6730506,2021-03-27,,
6730573,2021-03-27,,
6730874,2021-03-27,,
6731054,2021-03-27,,
6731715,2021-03-27,,
6731722,2021-03-27,,
6731723,2021-03-27,,
6731887,2021-03-27,,
6732345,2021-03-27,,
6732560,2021-03-27,,
6732973,2021-03-27,,
6733138,2021-03-27,,
6733981,2021-03-27,,
6734567,2021-03-27,,
6734703,2021-03-27,,
6735660,2021-03-27,,
6736006,2021-03-27,,
6736074,2021-03-27,,
6736749,2021-03-27,,
6736818,2021-03-27,,
6737201,2021-03-27,,
6737457,2021-03-27,,
6737634,2021-03-28,,
6737758,2021-03-28,,
6737810,2021-03-28,,
6739281,2021-03-28,,
6739332,2021-03-28,,
6740941,2021-03-28,,
6741073,2021-03-28,,
6741332,2021-03-28,,
6741428,2021-03-28,,
6741562,2021-03-28,,
6742029,2021-03-28,,
6742475,2021-03-28,,
6742515,2021-03-28,,
6743044,2021-03-28,,
6743079,2021-03-28,,
6743173,2021-03-28,,
6743818,2021-03-28,,
6743906,2021-03-28,,
6743966,2021-03-28,,
6745240,2021-03-29,,
6745354,2021-03-29,,
6745608,2021-03-29,,
6747491,2021-03-29,,
6749649,2021-03-29,,
6750315,2021-03-29,,
6750371,2021-03-29,,
6750398,2021-03-29,,
6751896,2021-03-29,,
6752423,2021-03-29,,
6753890,2021-03-29,,
6754117,2021-03-29,,
6754658,2021-03-29,,
6755290,2021-03-30,,
6755525,2021-03-30,,
6755968,2021-03-30,,
6755997,2021-03-30,,
6756487,2021-03-30,,
6756742,2021-03-30,,
6756983,2021-03-30,,
6758212,2021-03-30,,
6758815,2021-03-30,,
6760066,2021-03-30,,
6760563,2021-03-30,,
6761166,2021-03-30,,
6761233,2021-03-30,,
6761529,2021-03-30,,
6761696,2021-03-30,,
6762847,2021-03-30,,
6763382,2021-03-30,,
6764149,2021-03-30,,
6764697,2021-03-30,,
6765003,2021-03-30,,
6766289,2021-03-31,,
6766397,2021-03-31,,
6766732,2021-03-31,,
6766859,2021-03-31,,
6767217,2021-03-31,,
6771987,2021-03-31,,
6773459,2021-03-31,,
6774606,2021-03-31,,
6774667,2021-03-31,,
6775256,2021-03-31,,
6780174,2021-04-01,,
6780393,2021-04-01,,
6782153,2021-04-01,,
6783001,2021-04-01,,
6784416,2021-04-01,,
6785508,2021-04-01,,
6785860,2021-04-01,,
6786028,2021-04-01,,
6786644,2021-04-01,,
6787154,2021-04-01,,
6787157,2021-04-01,,
6789934,2021-04-02,,
6799421,2021-04-02,,
6875510,2021-04-02,,
6879160,2021-04-02,,
6879426,2021-04-02,,
6880006,2021-04-02,,
6880434,2021-04-02,,
6881725,2021-04-02,,
6881963,2021-04-02,,
6885783,2021-04-03,,
6885840,2021-04-03,,
6886047,2021-04-03,,
6888712,2021-04-03,,
6889472,2021-04-03,,
6890141,2021-04-03,,
7000545,2021-04-04,,
7000547,2021-04-04,,
7000780,2021-04-04,,
7002846,2021-04-04,,
7003591,2021-04-04,,
7003664,2021-04-04,,
7004532,2021-04-04,,
7005402,2021-04-04,,
7006128,2021-04-05,,
7006476,2021-04-05,,
7006642,2021-04-05,,
7007621,2021-04-05,,
7009892,2021-04-05,,
7010772,2021-04-05,,
7011572,2021-04-05,,
7011608,2021-04-05,,
7011834,2021-04-05,,
7011942,2021-04-05,,
7012793,2021-04-05,,
7012872,2021-04-05,,
7013644,2021-04-05,,
7015169,2021-04-06,,
7015429,2021-04-06,,
7016049,2021-04-06,,
7016180,2021-04-06,,
7016883,2021-04-06,,
7017767,2021-04-06,,
7018544,2021-04-06,,
7020331,2021-04-06,,
7021964,2021-04-06,,
7022432,2021-04-06,,
7023536,2021-04-06,,
7024008,2021-04-06,,
7024012,2021-04-06,,
7024119,2021-04-06,,
7024369,2021-04-06,,
7024823,2021-04-06,,
7024939,2021-04-06,,
7025664,2021-04-07,,
7025759,2021-04-07,,
7026276,2021-04-07,,
7030173,2021-04-07,,
7030195,2021-04-07,,
7030512,2021-04-07,,
7030676,2021-04-07,,
7031262,2021-04-07,,
7031542,2021-04-07,,
7031653,2021-04-07,,
7032113,2021-04-07,,
7032998,2021-04-07,,
7033016,2021-04-07,,
7033033,2021-04-07,,
7033258,2021-04-07,,
7033394,2021-04-07,,
7033625,2021-04-07,,
7033704,2021-04-07,,
7033713,2021-04-07,,
7033800,2021-04-07,,
7033934,2021-04-07,,
7034387,2021-04-07,,
7034670,2021-04-07,,
7035195,2021-04-07,,
7035208,2021-04-07,,
7035404,2021-04-07,,
7035573,2021-04-08,,
7036111,2021-04-08,,
7036209,2021-04-08,,
7036222,2021-04-08,,
7036494,2021-04-08,,
7036543,2021-04-08,,
7036604,2021-04-08,,
7036641,2021-04-08,,
7036911,2021-04-08,,
7037020,2021-04-08,,
7037118,2021-04-08,,
7037384,2021-04-08,,
7037527,2021-04-08,,
7037609,2021-04-08,,
7037698,2021-04-08,,
7038260,2021-04-08,,
7038273,2021-04-08,,
7038646,2021-04-08,,
7038728,2021-04-08,,
7039294,2021-04-08,,
7041256,2021-04-08,,
7041745,2021-04-08,,
7042044,2021-04-08,,
7042927,2021-04-08,,
7043446,2021-04-08,,
7043528,2021-04-08,,
7044348,2021-04-08,,
7045545,2021-04-08,,
7046731,2021-04-09,,
7047252,2021-04-09,,
7047288,2021-04-09,,
7047747,2021-04-09,,
7048184,2021-04-09,,
7048476,2021-04-09,,
7048603,2021-04-09,,
7048798,2021-04-09,,
7048928,2021-04-09,,
7049118,2021-04-09,,
7051785,2021-04-09,,
7052310,2021-04-09,,
7052377,2021-04-09,,
7055224,2021-04-09,,
7057874,2021-04-10,,
7058190,2021-04-10,,
7058561,2021-04-10,,
7059447,2021-04-10,,
7060989,2021-04-10,,
7061623,2021-04-10,,
7063793,2021-04-11,,
7063922,2021-04-11,,
7064580,2021-04-11,,
7064880,2021-04-11,,
7065219,2021-04-11,,
7066566,2021-04-11,,
7066607,2021-04-11,,
7071535,2021-04-11,,
7072115,2021-04-12,,
7072292,2021-04-12,,
7073012,2021-04-12,,
7076057,2021-04-12,,
7079832,2021-04-12,,
7080540,2021-04-12,,
7080998,2021-04-12,,
7081512,2021-04-12,,
7082304,2021-04-12,,
7082411,2021-04-12,,
7082417,2021-04-12,,
7082475,2021-04-12,,
7082496,2021-04-12,,
7082622,2021-04-13,,
7082625,2021-04-13,,
7082757,2021-04-13,,
7083093,2021-04-13,,
7083343,2021-04-13,,
7083587,2021-04-13,,
7083610,2021-04-13,,
7083719,2021-04-13,,
7085521,2021-04-13,,
7086916,2021-04-13,,
7087603,2021-04-13,,
7087745,2021-04-13,,
7088234,2021-04-13,,
7088246,2021-04-13,,
7088727,2021-04-13,,
7088978,2021-04-13,,
7089123,2021-04-13,,
7089965,2021-04-13,,
7089983,2021-04-13,,
7090402,2021-04-13,,
7091537,2021-04-13,,
7091703,2021-04-13,,
7092055,2021-04-13,,
7092322,2021-04-14,,
7094007,2021-04-14,,
7095543,2021-04-14,,
7095970,2021-04-14,,
7095971,2021-04-14,,
7096150,2021-04-14,,
7096571,2021-04-14,,
7097134,2021-04-14,,
7099386,2021-04-14,,
7103707,2021-04-15,,
7103865,2021-04-15,,
7104373,2021-04-15,,
7104808,2021-04-15,,
7109672,2021-04-15,,
7112596,2021-04-15,,
7112655,2021-04-15,,
7113864,2021-04-15,,
7114055,2021-04-16,,
7115041,2021-04-16,,
7115206,2021-04-16,,
7115385,2021-04-16,,
7119623,2021-04-16,,
7125271,2021-04-17,,
7127159,2021-04-17,,
7127933,2021-04-17,,
7128526,2021-04-17,,
7129244,2021-04-18,,
7130696,2021-04-18,,
7133097,2021-04-18,,
7133523,2021-04-18,,
7134309,2021-04-18,,
7134856,2021-04-18,,
7135282,2021-04-18,,
7135379,2021-04-19,,
7135405,2021-04-19,,
7135948,2021-04-19,,
7137476,2021-04-19,,
7141899,2021-04-19,,
7143697,2021-04-19,,
7144555,2021-04-19,,
7144784,2021-04-19,,
7149224,2021-04-20,,
7151533,2021-04-20,,
7152056,2021-04-20,,
7154870,2021-04-20,,
7155424,2021-04-21,,
7155438,2021-04-21,,
7159021,2021-04-21,,
7160194,2021-04-21,,
7162272,2021-04-21,,
7162963,2021-04-21,,
7163487,2021-04-21,,
7165413,2021-04-22,,
7165817,2021-04-22,,
7166190,2021-04-22,,
7168522,2021-04-22,,
7168533,2021-04-22,,
7169462,2021-04-22,,
7169525,2021-04-22,,
7169793,2021-04-22,,
7169825,2021-04-22,,
7171115,2021-04-22,,
7175186,2021-04-23,,
7175735,2021-04-23,,
7176450,2021-04-23,,
7176793,2021-04-23,,
7180802,2021-04-23,,
7182221,2021-04-23,,
7182643,2021-04-23,,
7184264,2021-04-24,,
7186598,2021-04-24,,
7187287,2021-04-24,,
7188570,2021-04-24,,
7190874,2021-04-24,,
7192748,2021-04-25,,
7193005,2021-04-25,,
7197503,2021-04-25,,
7197976,2021-04-25,,
7198709,2021-04-25,,
7199508,2021-04-26,,
7199773,2021-04-26,,
7199895,2021-04-26,,
7200338,2021-04-26,,
7201306,2021-04-26,,
7201843,2021-04-26,,
7202641,2021-04-26,,
7203285,2021-04-26,,
7203414,2021-04-26,,
7204286,2021-04-26,,
7206612,2021-04-26,,
7207647,2021-04-26,,
7207736,2021-04-26,,
7207886,2021-04-26,,
7209810,2021-04-26,,
7210392,2021-04-27,,
7214517,2021-04-27,,
7216137,2021-04-27,,
7217147,2021-04-27,,
7217479,2021-04-27,,
7217871,2021-04-27,,
7217971,2021-04-27,,
7218028,2021-04-27,,
7218311,2021-04-27,,
7218868,2021-04-27,,
7219362,2021-04-27,,
7219948,2021-04-27,,
7220111,2021-04-27,,
7220137,2021-04-27,,
7220337,2021-04-27,,
7221076,2021-04-28,,
7222476,2021-04-28,,
7223277,2021-04-28,,
7225886,2021-04-28,,
7227625,2021-04-28,,
7228610,2021-04-28,,
7230683,2021-04-28,,
7233779,2021-04-29,,
7234118,2021-04-29,,
7234210,2021-04-29,,
7234560,2021-04-29,,
7238314,2021-04-29,,
7239612,2021-04-29,,
7240247,2021-04-29,,
7240603,2021-04-29,,
7240890,2021-04-29,,
7242807,2021-04-29,,
7242875,2021-04-29,,
7244018,2021-04-29,,
7244057,2021-04-30,,
7244074,2021-04-30,,
7247360,2021-04-30,,
7248160,2021-04-30,,
7249044,2021-04-30,,
7249102,2021-04-30,,
7249365,2021-04-30,,
7249408,2021-04-30,,
7249410,2021-04-30,,
7249562,2021-04-30,,
7249631,2021-04-30,,
7249732,2021-04-30,,
7250649,2021-04-30,,
7255230,2021-05-01,,
7255625,2021-05-01,,
7256078,2021-05-01,,
7257376,2021-05-01,,
7259550,2021-05-01,,
7261276,2021-05-01,,
7261698,2021-05-01,,
7262259,2021-05-01,,
7263340,2021-05-02,,
7263977,2021-05-02,,
7264280,2021-05-02,,
7266560,2021-05-02,,
7267150,2021-05-02,,
7267348,2021-05-02,,
7268510,2021-05-02,,
7269035,2021-05-02,,
7269461,2021-05-02,,
7269898,2021-05-02,,
7271274,2021-05-03,,
7271546,2021-05-03,,
7271937,2021-05-03,,
7272614,2021-05-03,,
7272750,2021-05-03,,
7276660,2021-05-03,,
7279511,2021-05-03,,
7282384,2021-05-03,,
7282483,2021-05-03,,
7284450,2021-05-04,,
7285896,2021-05-04,,
7286569,2021-05-04,,
7288053,2021-05-04,,
7293055,2021-05-04,,
7293552,2021-05-04,,
7294372,2021-05-04,,
7295865,2021-05-04,,
7300922,2021-05-05,,
7301370,2021-05-05,,
7302585,2021-05-05,,
7304363,2021-05-05,,
7304654,2021-05-05,,
7305487,2021-05-05,,
7309683,2021-05-06,,
7310935,2021-05-06,,
7312715,2021-05-06,,
7314190,2021-05-06,,
7314507,2021-05-06,,
7314715,2021-05-06,,
7317660,2021-05-06,,
7318233,2021-05-06,,
7318258,2021-05-06,,
7318298,2021-05-06,,
7318337,2021-05-06,,
7318386,2021-05-06,,
7318835,2021-05-06,,
7319887,2021-05-06,,
7320277,2021-05-07,,
7320448,2021-05-07,,
7320782,2021-05-07,,
7321216,2021-05-07,,
7322098,2021-05-07,,
7322149,2021-05-07,,
7322698,2021-05-07,,
7322772,2021-05-07,,
7323624,2021-05-07,,
7324266,2021-05-07,,
7326500,2021-05-07,,
7327054,2021-05-07,,
7327369,2021-05-07,,
7328032,2021-05-07,,
7328722,2021-05-07,,
7328789,2021-05-07,,
7329117,2021-05-07,,
7329264,2021-05-07,,
7330094,2021-05-07,,
7330127,2021-05-07,,
7330378,2021-05-07,,
7330670,2021-05-08,,
7331645,2021-05-08,,
7331788,2021-05-08,,
7331810,2021-05-08,,
7331949,2021-05-08,,
7332179,2021-05-08,,
7332787,2021-05-08,,
7333128,2021-05-08,,
7335356,2021-05-08,,
7335568,2021-05-08,,
7336521,2021-05-08,,
7336564,2021-05-08,,
7336934,2021-05-08,,
7337023,2021-05-08,,
7337407,2021-05-08,,
7338327,2021-05-08,,
7338416,2021-05-08,,
7338460,2021-05-08,,
7338534,2021-05-08,,
7338555,2021-05-08,,
7338587,2021-05-08,,
7339206,2021-05-09,,
7339337,2021-05-09,,
7339340,2021-05-09,,
7339356,2021-05-09,,
7339576,2021-05-09,,
7342270,2021-05-09,,
7345831,2021-05-09,,
7346353,2021-05-09,,
7346709,2021-05-09,,
7347417,2021-05-09,,
7347998,2021-05-10,,
7348247,2021-05-10,,
7350764,2021-05-10,,
7351031,2021-05-10,,
7351201,2021-05-10,,
7351621,2021-05-10,,
7354659,2021-05-10,,
7356092,2021-05-10,,
7357346,2021-05-10,,
7357376,2021-05-10,,
7358157,2021-05-10,,
7358683,2021-05-10,,
7359267,2021-05-10,,
7359730,2021-05-10,,
7360318,2021-05-10,,
7361049,2021-05-11,,
7362778,2021-05-11,,
7364015,2021-05-11,,
7364541,2021-05-11,,
7368696,2021-05-11,,
7368766,2021-05-11,,
7369982,2021-05-11,,
7370320,2021-05-11,,
7371508,2021-05-11,,
7371641,2021-05-11,,
7371784,2021-05-11,,
7371822,2021-05-11,,
7371869,2021-05-11,,
7371929,2021-05-11,,
7372085,2021-05-11,,
7372319,2021-05-11,,
7372346,2021-05-11,,
7373262,2021-05-11,,
7373364,2021-05-11,,
7373444,2021-05-11,,
7373488,2021-05-11,,
7373624,2021-05-11,,
7373679,2021-05-11,,
7374331,2021-05-12,,
7374706,2021-05-12,,
7375104,2021-05-12,,
7375194,2021-05-12,,
7376088,2021-05-12,,
7376116,2021-05-12,,
7376829,2021-05-12,,
7376835,2021-05-12,,
7377011,2021-05-12,,
7383060,2021-05-12,,
7385163,2021-05-12,,
7385716,2021-05-12,,
7386101,2021-05-13,,
7386149,2021-05-13,,
7386808,2021-05-13,,
7388511,2021-05-13,,
7388610,2021-05-13,,
7390152,2021-05-13,,
7390439,2021-05-13,,
7391554,2021-05-13,,
7393244,2021-05-13,,
7394160,2021-05-13,,
7394430,2021-05-13,,
7394533,2021-05-13,,
7396967,2021-05-13,,
7397101,2021-05-13,,
7398661,2021-05-14,,
7400125,2021-05-14,,
7401449,2021-05-14,,
7401520,2021-05-14,,
7401636,2021-05-14,,
7402577,2021-05-14,,
7403267,2021-05-14,,
7403686,2021-05-14,,
7404592,2021-05-14,,
7406196,2021-05-14,,
7407323,2021-05-14,,
7407920,2021-05-14,,
7408088,2021-05-14,,
7408943,2021-05-15,,
7408988,2021-05-15,,
7408989,2021-05-15,,
7409850,2021-05-15,,
7410589,2021-05-15,,
7410629,2021-05-15,,
7410757,2021-05-15,,
7410911,2021-05-15,,
7411436,2021-05-15,,
7411710,2021-05-15,,
7411745,2021-05-15,,
7413058,2021-05-15,,
7414298,2021-05-15,,
7414883,2021-05-15,,
7415495,2021-05-15,,
7415542,2021-05-15,,
7415939,2021-05-15,,
7415984,2021-05-15,,
7416123,2021-05-15,,
7417402,2021-05-16,,
7418024,2021-05-16,,
7419763,2021-05-16,,
7420011,2021-05-16,,
7421580,2021-05-16,,
7421646,2021-05-16,,
7422276,2021-05-16,,
7422803,2021-05-16,,
7423004,2021-05-16,,
7423194,2021-05-16,,
7424094,2021-05-17,,
7424346,2021-05-17,,
7424673,2021-05-17,,
7425232,2021-05-17,,
7429226,2021-05-17,,
7429570,2021-05-17,,
7429880,2021-05-17,,
7431289,2021-05-17,,
7432410,2021-05-17,,
7432606,2021-05-17,,
7433071,2021-05-17,,
7433340,2021-05-17,,
7433681,2021-05-17,,
7433899,2021-05-17,,
7434103,2021-05-17,,
7434244,2021-05-17,,
7434479,2021-05-17,,
7434843,2021-05-17,,
7435386,2021-05-18,,
7435599,2021-05-18,,
7435607,2021-05-18,,
7436233,2021-05-18,,
7438202,2021-05-18,,
7439444,2021-05-18,,
7439826,2021-05-18,,
7440049,2021-05-18,,
7440212,2021-05-18,,
7441376,2021-05-18,,
7441468,2021-05-18,,
7441607,2021-05-18,,
7441748,2021-05-18,,
7441935,2021-05-18,,
7441996,2021-05-18,,
7442599,2021-05-18,,
7443602,2021-05-18,,
7443768,2021-05-18,,
7444018,2021-05-18,,
7444027,2021-05-18,,
7444205,2021-05-18,,
7444284,2021-05-18,,
7444319,2021-05-18,,
7444486,2021-05-18,,
7444512,2021-05-18,,
7445302,2021-05-19,,
7445878,2021-05-19,,
7446282,2021-05-19,,
7446431,2021-05-19,,
7446530,2021-05-19,,
7446791,2021-05-19,,
7447042,2021-05-19,,
7447047,2021-05-19,,
7451200,2021-05-19,,
7453381,2021-05-19,,
7453580,2021-05-19,,
7454355,2021-05-19,,
7454443,2021-05-19,,
7454514,2021-05-19,,
7454795,2021-05-19,,
7455133,2021-05-19,,
7455292,2021-05-19,,
7455479,2021-05-19,,
7455564,2021-05-19,,
7455691,2021-05-19,,
7455889,2021-05-19,,
7456457,2021-05-20,,
7456787,2021-05-20,,
7456899,2021-05-20,,
7457081,2021-05-20,,
7458356,2021-05-20,,
7458972,2021-05-20,,
7460091,2021-05-20,,
7460119,2021-05-20,,
7461038,2021-05-20,,
7461931,2021-05-20,,
7462477,2021-05-20,,
7462506,2021-05-20,,
7463190,2021-05-20,,
7463691,2021-05-20,,
7464085,2021-05-20,,
7464380,2021-05-20,,
7465293,2021-05-20,,
7465304,2021-05-20,,
7465415,2021-05-20,,
7465455,2021-05-20,,
7465774,2021-05-20,,
7465798,2021-05-20,,
7466023,2021-05-20,,
7466056,2021-05-20,,
7466302,2021-05-20,,
7466406,2021-05-20,,
7467058,2021-05-21,,
7467298,2021-05-21,,
7467514,2021-05-21,,
7467578,2021-05-21,,
7467857,2021-05-21,,
7467968,2021-05-21,,
7468617,2021-05-21,,
7470809,2021-05-21,,
7471971,2021-05-21,,
7472379,2021-05-21,,
7472454,2021-05-21,,
7472776,2021-05-21,,
7473270,2021-05-21,,
7473952,2021-05-21,,
7474953,2021-05-21,,
7476029,2021-05-22,,
7476319,2021-05-22,,
7476336,2021-05-22,,
7476424,2021-05-22,,
7476893,2021-05-22,,
7477563,2021-05-22,,
7480042,2021-05-22,,
7480055,2021-05-22,,
7481230,2021-05-22,,
7481469,2021-05-22,,
7482485,2021-05-23,,
7482564,2021-05-23,,
7483539,2021-05-23,,
7483740,2021-05-23,,
7483777,2021-05-23,,
7483783,2021-05-23,,
7484183,2021-05-23,,
7484468,2021-05-23,,
7485270,2021-05-23,,
7485374,2021-05-23,,
7485639,2021-05-23,,
7486950,2021-05-23,,
7487175,2021-05-23,,
7487211,2021-05-23,,
7487275,2021-05-23,,
7488387,2021-05-24,,
7488684,2021-05-24,,
7488814,2021-05-24,,
7488836,2021-05-24,,
7488988,2021-05-24,,
7490566,2021-05-24,,
7491203,2021-05-24,,
7491221,2021-05-24,,
7491600,2021-05-24,,
7492679,2021-05-24,,
7494354,2021-05-24,,
7494409,2021-05-24,,
7495362,2021-05-24,,
7495487,2021-05-24,,
7495541,2021-05-24,,
7497042,2021-05-24,,
7497953,2021-05-25,,
7498400,2021-05-25,,
7498483,2021-05-25,,
7498674,2021-05-25,,
7498822,2021-05-25,,
7499196,2021-05-25,,
7500160,2021-05-25,,
7503888,2021-05-25,,
7505302,2021-05-25,,
7505455,2021-05-25,,
7505964,2021-05-25,,
7506045,2021-05-25,,
7506200,2021-05-25,,
7506544,2021-05-25,,
7506769,2021-05-25,,
7506936,2021-05-25,,
7506995,2021-05-25,,
7507433,2021-05-25,,
7507439,2021-05-25,,
7509133,2021-05-26,,
7509755,2021-05-26,,
7512043,2021-05-26,,
7513997,2021-05-26,,
7514868,2021-05-26,,
7515589,2021-05-26,,
7515774,2021-05-26,,
7516227,2021-05-26,,
7516440,2021-05-26,,
7516886,2021-05-26,,
7517785,2021-05-26,,
7518724,2021-05-27,,
7519035,2021-05-27,,
7522479,2021-05-27,,
7524995,2021-05-27,,
7527217,2021-05-27,,
7527334,2021-05-27,,
7527619,2021-05-27,,
7527953,2021-05-28,,
7530352,2021-05-28,,
7530711,2021-05-28,,
7532038,2021-05-28,,
7533062,2021-05-28,,
7533606,2021-05-28,,
7533610,2021-05-28,,
7534540,2021-05-28,,
7534659,2021-05-28,,
7536037,2021-05-28,,
7536216,2021-05-28,,
7537226,2021-05-29,,
7537236,2021-05-29,,
7537270,2021-05-29,,
7537619,2021-05-29,,
7537633,2021-05-29,,
7537943,2021-05-29,,
7538468,2021-05-29,,
7538683,2021-05-29,,
7539637,2021-05-29,,
7539764,2021-05-29,,
7541861,2021-05-29,,
7542950,2021-05-30,,
7543217,2021-05-30,,
7543560,2021-05-30,,
7544390,2021-05-30,,
7546658,2021-05-30,,
7547877,2021-05-30,,
7549144,2021-05-30,,
7550390,2021-05-31,,
7551073,2021-05-31,,
7551312,2021-05-31,,
7554655,2021-05-31,,
7556151,2021-05-31,,
7557391,2021-06-01,,
7558494,2021-06-01,,
7558584,2021-06-01,,
7562012,2021-06-01,,
7563392,2021-06-01,,
7563886,2021-06-01,,
7564078,2021-06-01,,
7564680,2021-06-01,,
7564815,2021-06-01,,
7564821,2021-06-01,,
7565350,2021-06-01,,
7565392,2021-06-01,,
7565619,2021-06-01,,
7566125,2021-06-01,,
7566585,2021-06-01,,
7567354,2021-06-01,,
7569551,2021-06-02,,
7570467,2021-06-02,,
7572297,2021-06-02,,
7574993,2021-06-02,,
7575488,2021-06-02,,
7578248,2021-06-03,,
7580541,2021-06-03,,
7583346,2021-06-03,,
7584419,2021-06-03,,
7586269,2021-06-03,,
7587238,2021-06-03,,
7587896,2021-06-04,,
7587932,2021-06-04,,
7588957,2021-06-04,,
7592452,2021-06-04,,
7592961,2021-06-04,,
7594861,2021-06-04,,
7596364,2021-06-04,,
7598956,2021-06-05,,
7599804,2021-06-05,,
7599819,2021-06-05,,
7600498,2021-06-05,,
7600715,2021-06-05,,
7601402,2021-06-05,,
7604503,2021-06-06,,
7607480,2021-06-06,,
7609231,2021-06-07,,
7610319,2021-06-07,,
7611778,2021-06-07,,
7612229,2021-06-07,,
7615174,2021-06-07,,
7615378,2021-06-07,,
7616033,2021-06-07,,
7616035,2021-06-07,,
7616336,2021-06-07,,
7617066,2021-06-07,,
7618109,2021-06-07,,
7619037,2021-06-07,,
7621842,2021-06-08,,
7622217,2021-06-08,,
7622676,2021-06-08,,
7627673,2021-06-08,,
7629233,2021-06-08,,
7629352,2021-06-08,,
7629900,2021-06-08,,
7630251,2021-06-09,,
7630290,2021-06-09,,
7630442,2021-06-09,,
7631053,2021-06-09,,
7631381,2021-06-09,,
7637688,2021-06-09,,
7637721,2021-06-09,,
7639140,2021-06-09,,
7639526,2021-06-09,,
7640588,2021-06-10,,
7641183,2021-06-10,,
7643293,2021-06-10,,
7644574,2021-06-10,,
7645131,2021-06-10,,
7645672,2021-06-10,,
7646768,2021-06-10,,
7649304,2021-06-10,,
7649578,2021-06-11,,
7651248,2021-06-11,,
7653370,2021-06-11,,
7655583,2021-06-11,,
7655623,2021-06-11,,
7657832,2021-06-11,,
7660601,2021-06-12,,
7660731,2021-06-12,,
7663918,2021-06-12,,
7664788,2021-06-12,,
7664832,2021-06-12,,
7668585,2021-06-13,,
7670975,2021-06-13,,
7671057,2021-06-13,,
7671791,2021-06-14,,
7672178,2021-06-14,,
7675596,2021-06-14,,
7675962,2021-06-14,,
7676169,2021-06-14,,
7679287,2021-06-14,,
7680640,2021-06-15,,
7681948,2021-06-15,,
7682184,2021-06-15,,
7684872,2021-06-15,,
7685418,2021-06-15,,
7688382,2021-06-15,,
7688829,2021-06-15,,
7688852,2021-06-15,,
7690573,2021-06-16,,
7692712,2021-06-16,,
7693733,2021-06-16,,
7695370,2021-06-16,,
7695672,2021-06-16,,
7695699,2021-06-16,,
7696259,2021-06-16,,
7696492,2021-06-16,,
7697952,2021-06-17,,
7698712,2021-06-17,,
7698881,2021-06-17,,
7701898,2021-06-17,,
7702962,2021-06-17,,
7702964,2021-06-17,,
7703229,2021-06-17,,
7703233,2021-06-17,,
7703707,2021-06-17,,
7704489,2021-06-17,,
7704596,2021-06-17,,
7704894,2021-06-17,,
7706467,2021-06-18,,
7707483,2021-06-18,,
7707524,2021-06-18,,
7707881,2021-06-18,,
7710157,2021-06-18,,
7710274,2021-06-18,,
7711298,2021-06-18,,
7711897,2021-06-18,,
7712538,2021-06-18,,
7712671,2021-06-18,,
7713656,2021-06-18,,
7713955,2021-06-18,,
7715487,2021-06-19,,
7715653,2021-06-19,,
7715939,2021-06-19,,
7716516,2021-06-19,,
7718870,2021-06-19,,
7719306,2021-06-19,,
7719362,2021-06-19,,
7719980,2021-06-19,,
7720053,2021-06-19,,
7720465,2021-06-20,,
7720488,2021-06-20,,
7721134,2021-06-20,,
7721629,2021-06-20,,
7724591,2021-06-20,,
7724848,2021-06-20,,
7726426,2021-06-21,,
7726581,2021-06-21,,
7727940,2021-06-21,,
7730519,2021-06-21,,
7731445,2021-06-21,,
7731988,2021-06-21,,
7735434,2021-06-21,,
7736003,2021-06-21,,
7736344,2021-06-22,,
7736357,2021-06-22,,
7737813,2021-06-22,,
7738587,2021-06-22,,
7739453,2021-06-22,,
7741847,2021-06-22,,
7742456,2021-06-22,,
7744095,2021-06-22,,
7746933,2021-06-23,,
7747098,2021-06-23,,
7747237,2021-06-23,,
7747480,2021-06-23,,
7747584,2021-06-23,,
7749333,2021-06-23,,
7749612,2021-06-23,,
7749681,2021-06-23,,
7751236,2021-06-23,,
7751839,2021-06-23,,
7770409,2021-06-23,,
7773785,2021-06-24,,
7776847,2021-06-24,,
7781911,2021-06-24,,
7787123,2021-06-24,,
7788332,2021-06-24,,
7794891,2021-06-24,,
7795375,2021-06-24,,
7798922,2021-06-24,,
7800243,2021-06-24,,
7804758,2021-06-25,,
7807215,2021-06-25,,
7811275,2021-06-25,,
7812288,2021-06-25,,
7812659,2021-06-25,,
7813529,2021-06-25,,
7817405,2021-06-26,,
7819940,2021-06-26,,
7822676,2021-06-26,,
7823131,2021-06-26,,
7823641,2021-06-26,,
7824609,2021-06-26,,
7825363,2021-06-26,,
7825477,2021-06-26,,
7825925,2021-06-26,,
7827013,2021-06-26,,
7828923,2021-06-27,,
7829171,2021-06-27,,
7830940,2021-06-27,,
7832854,2021-06-27,,
7833588,2021-06-27,,
7833788,2021-06-27,,
7833926,2021-06-27,,
7833937,2021-06-27,,
7834805,2021-06-27,,
7834952,2021-06-27,,
7835151,2021-06-27,,
7835416,2021-06-27,,
7838342,2021-06-28,,
7839068,2021-06-28,,
7842924,2021-06-28,,
7844189,2021-06-28,,
7844350,2021-06-28,,
7844641,2021-06-28,,
7844656,2021-06-28,,
7845972,2021-06-28,,
7847069,2021-06-28,,
7847085,2021-06-28,,
7847162,2021-06-28,,
7847581,2021-06-28,,
7847866,2021-06-29,,
7848829,2021-06-29,,
7849341,2021-06-29,,
7852925,2021-06-29,,
7853106,2021-06-29,,
7853467,2021-06-29,,
7855216,2021-06-29,,
7856308,2021-06-29,,
7856505,2021-06-29,,
7856570,2021-06-29,,
7857198,2021-06-29,,
7857482,2021-06-29,,
7858537,2021-06-29,,
7859194,2021-06-29,,
7859514,2021-06-30,,
7860140,2021-06-30,,
7861157,2021-06-30,,
7861320,2021-06-30,,
7861355,2021-06-30,,
7862761,2021-06-30,,
7863523,2021-06-30,,
7863944,2021-06-30,,
7866550,2021-06-30,,
7866728,2021-06-30,,
7867587,2021-06-30,,
7871754,2021-06-30,,
7874774,2021-06-30,,
7874867,2021-06-30,,
7876124,2021-06-30,,
7877397,2021-06-30,,
7877929,2021-07-01,,
7886252,2021-07-01,,
7887383,2021-07-01,,
7888646,2021-07-01,,
7891956,2021-07-01,,
7891991,2021-07-01,,
7894062,2021-07-01,,
7895538,2021-07-01,,
7896071,2021-07-01,,
7896419,2021-07-01,,
7896613,2021-07-01,,
7896624,2021-07-01,,
7896758,2021-07-01,,
7897107,2021-07-01,,
7898343,2021-07-01,,
7898964,2021-07-02,,
7900737,2021-07-02,,
7904035,2021-07-02,,
7905692,2021-07-02,,
7906389,2021-07-02,,
7906648,2021-07-02,,
7906747,2021-07-02,,
7908675,2021-07-02,,
7913696,2021-07-03,,
7913747,2021-07-03,,
7914183,2021-07-03,,
7916673,2021-07-03,,
7917311,2021-07-03,,
7917446,2021-07-03,,
7920415,2021-07-03,,
7921695,2021-07-04,,
7922709,2021-07-04,,
7925359,2021-07-04,,
7925527,2021-07-04,,
7925868,2021-07-04,,
7925905,2021-07-04,,
7925949,2021-07-04,,
7925956,2021-07-04,,
7925962,2021-07-04,,
7926000,2021-07-04,,
7926088,2021-07-04,,
7926203,2021-07-04,,
7926233,2021-07-04,,
7926283,2021-07-04,,
7926337,2021-07-04,,
7926405,2021-07-04,,
7926605,2021-07-04,,
7926712,2021-07-04,,
7926991,2021-07-04,,
7927305,2021-07-04,,
7927409,2021-07-04,,
7927637,2021-07-04,,
7927963,2021-07-04,,
7928447,2021-07-04,,
7928900,2021-07-05,,
7929126,2021-07-05,,
7929133,2021-07-05,,
7929144,2021-07-05,,
7929193,2021-07-05,,
7929195,2021-07-05,,
7929223,2021-07-05,,
7929689,2021-07-05,,
7929793,2021-07-05,,
7930228,2021-07-05,,
7930403,2021-07-05,,
7930563,2021-07-05,,
7931062,2021-07-05,,
7931299,2021-07-05,,
7931529,2021-07-05,,
7935709,2021-07-05,,
7937425,2021-07-05,,
7937893,2021-07-05,,
7938969,2021-07-05,,
7939612,2021-07-05,,
7939879,2021-07-05,,
7940494,2021-07-06,,
7941007,2021-07-06,,
7941214,2021-07-06,,
7942037,2021-07-06,,
7942405,2021-07-06,,
7945414,2021-07-06,,
7946235,2021-07-06,,
7951775,2021-07-07,,
7952162,2021-07-07,,
7952413,2021-07-07,,
7952821,2021-07-07,,
7953053,2021-07-07,,
7954494,2021-07-07,,
7955099,2021-07-07,,
7959399,2021-07-07,,
7960325,2021-07-07,,
7960493,2021-07-07,,
7962259,2021-07-07,,
7964072,2021-07-08,,
7965497,2021-07-08,,
7966437,2021-07-08,,
7967335,2021-07-08,,
7967637,2021-07-08,,
7967640,2021-07-08,,
7967713,2021-07-08,,
7967790,2021-07-08,,
7968182,2021-07-08,,
7968378,2021-07-08,,
7970780,2021-07-08,,
7971799,2021-07-08,,
7972644,2021-07-08,,
7973984,2021-07-09,,
7974108,2021-07-09,,
7974213,2021-07-09,,
7974420,2021-07-09,,
7974777,2021-07-09,,
7975555,2021-07-09,,
7976731,2021-07-09,,
7978834,2021-07-09,,
7978912,2021-07-09,,
7979802,2021-07-09,,
7980482,2021-07-09,,
7981145,2021-07-09,,
7981522,2021-07-09,,
7983745,2021-07-10,,
7984316,2021-07-10,,
7987512,2021-07-10,,
7988001,2021-07-10,,
7988990,2021-07-11,,
7992611,2021-07-11,,
7992882,2021-07-11,,
7993620,2021-07-11,,
7993984,2021-07-12,,
7994265,2021-07-12,,
7994273,2021-07-12,,
7994520,2021-07-12,,
7995242,2021-07-12,,
7996026,2021-07-12,,
7996342,2021-07-12,,
7996500,2021-07-12,,
7999596,2021-07-12,,
7999741,2021-07-12,,
8001237,2021-07-12,,
8001923,2021-07-12,,
8002146,2021-07-12,,
8002209,2021-07-12,,
8002309,2021-07-12,,
8002883,2021-07-12,,
8002948,2021-07-13,,
8002991,2021-07-13,,
8003690,2021-07-13,,
8003706,2021-07-13,,
8007099,2021-07-13,,
8008053,2021-07-13,,
8008817,2021-07-13,,
8009668,2021-07-13,,
8013841,2021-07-14,,
8018568,2021-07-14,,
8019671,2021-07-14,,
8020308,2021-07-14,,
8020918,2021-07-14,,
8022613,2021-07-15,,
8027119,2021-07-15,,
8031945,2021-07-15,,
8032520,2021-07-16,,
8035334,2021-07-16,,
8036175,2021-07-16,,
8038573,2021-07-16,,
8040565,2021-07-17,,
8041043,2021-07-17,,
8043181,2021-07-17,,
8043421,2021-07-17,,
8044307,2021-07-17,,
8044326,2021-07-17,,
8046226,2021-07-17,,
8046992,2021-07-18,,
8049304,2021-07-18,,
8049310,2021-07-18,,
8049761,2021-07-18,,
8049805,2021-07-18,,
8050760,2021-07-18,,
8051918,2021-07-19,,
8057437,2021-07-19,,
8058306,2021-07-19,,
8059348,2021-07-19,,
8060057,2021-07-19,,
8062125,2021-07-20,,
8068084,2021-07-20,,
8068495,2021-07-20,,
8068936,2021-07-20,,
8070142,2021-07-20,,
8071376,2021-07-21,,
8075411,2021-07-21,,
8075452,2021-07-21,,
8075512,2021-07-21,,
8078242,2021-07-21,,
8079600,2021-07-21,,
8080413,2021-07-22,,
8080644,2021-07-22,,
8082808,2021-07-22,,
8085373,2021-07-22,,
8086862,2021-07-22,,
8087062,2021-07-22,,
8089240,2021-07-22,,
8090419,2021-07-23,,
8091204,2021-07-23,,
8098628,2021-07-24,,
8103374,2021-07-24,,
8103781,2021-07-24,,
8104849,2021-07-24,,
8109999,2021-07-25,,
8110899,2021-07-26,,
8112261,2021-07-26,,
8113314,2021-07-26,,
8114426,2021-07-26,,
8117639,2021-07-26,,
8119310,2021-07-26,,
8119341,2021-07-26,,
8123168,2021-07-27,,
8123428,2021-07-27,,
8125402,2021-07-27,,
8128824,2021-07-27,,
8129182,2021-07-27,,
8130636,2021-07-28,,
8136020,2021-07-28,,
8138130,2021-07-28,,
8145611,2021-07-29,,
8146423,2021-07-29,,
8146795,2021-07-29,,
8147239,2021-07-29,,
8147747,2021-07-29,,
8147803,2021-07-29,,
8149194,2021-07-30,,
8149825,2021-07-30,,
8154508,2021-07-30,,
8155056,2021-07-30,,
8156484,2021-07-30,,
8157161,2021-07-30,,
8165405,2021-08-01,,
8166084,2021-08-01,,
8168364,2021-08-01,,
8168898,2021-08-01,,
8169240,2021-08-01,,
8173707,2021-08-02,,
8174150,2021-08-02,,
8177844,2021-08-02,,
8178495,2021-08-02,,
8178649,2021-08-02,,
8182883,2021-08-03,,
8187874,2021-08-03,,
8189569,2021-08-03,,
8191611,2021-08-04,,
8191978,2021-08-04,,
8192243,2021-08-04,,
8193541,2021-08-04,,
8194942,2021-08-04,,
8194965,2021-08-04,,
8195041,2021-08-04,,
8195981,2021-08-04,,
8196476,2021-08-04,,
8196617,2021-08-04,,
8196743,2021-08-04,,
8199715,2021-08-05,,
8199953,2021-08-05,,
8200635,2021-08-05,,
8201391,2021-08-05,,
8205211,2021-08-05,,
8205258,2021-08-05,,
8208224,2021-08-05,,
8208357,2021-08-05,,
8208401,2021-08-05,,
8210283,2021-08-06,,
8218610,2021-08-07,,
8222552,2021-08-07,,
8223711,2021-08-07,,
8225346,2021-08-08,,
8226051,2021-08-08,,
8226731,2021-08-08,,
8226998,2021-08-08,,
8228348,2021-08-08,,
8229164,2021-08-08,,
8229553,2021-08-08,,
8229727,2021-08-08,,
8234601,2021-08-09,,
8236940,2021-08-09,,
8240691,2021-08-10,,
8244415,2021-08-10,,
8245206,2021-08-10,,
8245764,2021-08-10,,
8245996,2021-08-10,,
8247936,2021-08-10,,
8248617,2021-08-10,,
8249371,2021-08-10,,
8267994,2021-08-12,,
8269789,2021-08-12,,
8270141,2021-08-12,,
8270788,2021-08-12,,
8272442,2021-08-13,,
8276010,2021-08-13,,
8284618,2021-08-14,,
8286212,2021-08-14,,
8287350,2021-08-15,,
8287847,2021-08-15,,
8295044,2021-08-16,,
8295357,2021-08-16,,
8309498,2021-08-17,,
8310625,2021-08-17,,
8311761,2021-08-17,,
8314544,2021-08-17,,
8316573,2021-08-18,,
8322444,2021-08-18,,
8322483,2021-08-18,,
8324504,2021-08-18,,
8325510,2021-08-19,,
8326389,2021-08-19,,
8330662,2021-08-19,,
8332193,2021-08-19,,
8333983,2021-08-19,,
8334318,2021-08-19,,
8335321,2021-08-20,,
8338177,2021-08-20,,
8339404,2021-08-20,,
8339713,2021-08-20,,
8339757,2021-08-20,,
8340566,2021-08-20,,
8341069,2021-08-20,,
8344124,2021-08-21,,
8344406,2021-08-21,,
8345773,2021-08-21,,
8348096,2021-08-21,,
8348805,2021-08-21,,
8349195,2021-08-21,,
8351302,2021-08-22,,
8355546,2021-08-22,,
8355891,2021-08-22,,
8356669,2021-08-23,,
8361820,2021-08-23,,
8362072,2021-08-23,,
8362996,2021-08-23,,
8363526,2021-08-23,,
8364003,2021-08-23,,
8365213,2021-08-23,,
8365473,2021-08-23,,
8365990,2021-08-23,,
8366098,2021-08-23,,
8366442,2021-08-23,,
8369269,2021-08-24,,
8370778,2021-08-24,,
8371937,2021-08-24,,
8373739,2021-08-24,,
8376589,2021-08-24,,
8377878,2021-08-24,,
8382677,2021-08-25,,
8384743,2021-08-25,,
8385891,2021-08-25,,
8386557,2021-08-25,,
8386664,2021-08-25,,
8387712,2021-08-25,,
8387858,2021-08-25,,
8388411,2021-08-25,,
8388907,2021-08-26,,
8388937,2021-08-26,,
8390065,2021-08-26,,
8390187,2021-08-26,,
8393590,2021-08-26,,
8393938,2021-08-26,,
8394772,2021-08-26,,
8395244,2021-08-26,,
8395638,2021-08-26,,
8397761,2021-08-26,,
8399059,2021-08-27,,
8399306,2021-08-27,,
8404110,2021-08-27,,
8409351,2021-08-28,,
8412777,2021-08-28,,
8414466,2021-08-28,,
8415166,2021-08-29,,
8415932,2021-08-29,,
8419278,2021-08-29,,
8420871,2021-08-29,,
8422101,2021-08-29,,
8422156,2021-08-29,,
8422277,2021-08-30,,
8422572,2021-08-30,,
8423000,2021-08-30,,
8423292,2021-08-30,,
8425981,2021-08-30,,
8426775,2021-08-30,,
8429992,2021-08-30,,
8431765,2021-08-30,,
8434035,2021-08-31,,
8434770,2021-08-31,,
8441327,2021-08-31,,
8445132,2021-09-01,,
8445536,2021-09-01,,
8445926,2021-09-01,,
8449319,2021-09-01,,
8449672,2021-09-01,,
8451044,2021-09-01,,
8454161,2021-09-01,,
8455664,2021-09-02,,
8455692,2021-09-02,,
8463344,2021-09-02,,
8464707,2021-09-02,,
8465288,2021-09-02,,
8465407,2021-09-02,,
8465553,2021-09-02,,
8465741,2021-09-02,,
8467313,2021-09-03,,
8472560,2021-09-03,,
8473103,2021-09-03,,
8474129,2021-09-03,,
8476698,2021-09-04,,
8482196,2021-09-04,,
8482323,2021-09-04,,
8483279,2021-09-04,,
8483552,2021-09-04,,
8484103,2021-09-05,,
8484594,2021-09-05,,
8485258,2021-09-05,,
8486750,2021-09-05,,
8487091,2021-09-05,,
8487470,2021-09-05,,
8488170,2021-09-05,,
8488212,2021-09-05,,
8489261,2021-09-05,,
8490392,2021-09-06,,
8493144,2021-09-06,,
8493404,2021-09-06,,
8501710,2021-09-07,,
8501764,2021-09-07,,
8502721,2021-09-07,,
8506655,2021-09-07,,
8507162,2021-09-07,,
8509335,2021-09-07,,
8510523,2021-09-07,,
8512414,2021-09-08,,
8513512,2021-09-08,,
8514091,2021-09-08,,
8520925,2021-09-08,,
8522519,2021-09-08,,
8525817,2021-09-09,,
8536877,2021-09-10,,
8537369,2021-09-10,,
8540490,2021-09-10,,
8546916,2021-09-10,,
8550825,2021-09-11,,
8553455,2021-09-11,,
8554084,2021-09-11,,
8555624,2021-09-11,,
8556275,2021-09-12,,
8557208,2021-09-12,,
8559797,2021-09-12,,
8561099,2021-09-12,,
8562513,2021-09-12,,
8563479,2021-09-12,,
8571823,2021-09-13,,
8574486,2021-09-13,,
8575521,2021-09-13,,
8577399,2021-09-14,,
8579829,2021-09-14,,
8584282,2021-09-14,,
8585736,2021-09-14,,
8587965,2021-09-14,,
8589035,2021-09-14,,
8589671,2021-09-14,,
8590316,2021-09-14,,
8590433,2021-09-14,,
8590482,2021-09-14,,
8591084,2021-09-15,,
8592254,2021-09-15,,
8600010,2021-09-15,,
8601614,2021-09-15,,
8602033,2021-09-15,,
8603825,2021-09-16,,
8607446,2021-09-16,,
8608745,2021-09-16,,
8609465,2021-09-16,,
8610430,2021-09-16,,
8610586,2021-09-16,,
8610804,2021-09-16,,
8612972,2021-09-16,,
8613826,2021-09-16,,
8623880,2021-09-17,,
8626186,2021-09-17,,
8626710,2021-09-18,,
8628057,2021-09-18,,
8628136,2021-09-18,,
8633862,2021-09-18,,
8634428,2021-09-18,,
8634906,2021-09-18,,
8636113,2021-09-19,,
8637249,2021-09-19,,
8641286,2021-09-19,,
8642688,2021-09-19,,
8642829,2021-09-19,,
8643151,2021-09-19,,
8643276,2021-09-19,,
8643280,2021-09-19,,
8644330,2021-09-20,,
8646971,2021-09-20,,
8647407,2021-09-20,,
8648328,2021-09-20,,
8653936,2021-09-20,,
8654127,2021-09-20,,
8660772,2021-09-21,,
8661348,2021-09-21,,
8663099,2021-09-21,,
8663428,2021-09-21,,
8663567,2021-09-21,,
8665504,2021-09-21,,
8668124,2021-09-21,,
8669051,2021-09-22,,
8672218,2021-09-22,,
8678616,2021-09-22,,
8679303,2021-09-22,,
8685993,2021-09-23,,
8688080,2021-09-23,,
8688865,2021-09-23,,
8689501,2021-09-23,,
8691904,2021-09-23,,
8702301,2021-09-25,,
8704394,2021-09-25,,
8709461,2021-09-25,,
8713922,2021-09-26,,
8714667,2021-09-26,,
8716244,2021-09-26,,
8716436,2021-09-26,,
8721702,2021-09-27,,
8725537,2021-09-27,,
8726788,2021-09-27,,
8727087,2021-09-27,,
8727342,2021-09-27,,
8728793,2021-09-28,,
8728831,2021-09-28,,
8739002,2021-09-29,,
8744816,2021-09-29,,
8748641,2021-09-29,,
8760674,2021-09-30,,
8760917,2021-09-30,,
8761539,2021-10-01,,
8770715,2021-10-01,,
8773578,2021-10-02,,
8774320,2021-10-02,,
8777159,2021-10-02,,
8784644,2021-10-03,,
8785058,2021-10-03,,
8785738,2021-10-03,,
8788284,2021-10-04,,
8788644,2021-10-04,,
8795635,2021-10-04,,
8800924,2021-10-04,,
8802100,2021-10-05,,
8802349,2021-10-05,,
8802635,2021-10-05,,
8802647,2021-10-05,,
8802991,2021-10-05,,
8804221,2021-10-05,,
8804493,2021-10-05,,
8807342,2021-10-05,,
8807504,2021-10-05,,
8808552,2021-10-05,,
8808717,2021-10-05,,
8810469,2021-10-05,,
8814380,2021-10-05,,
8814467,2021-10-05,,
8815035,2021-10-05,,
8816154,2021-10-06,,
8816872,2021-10-06,,
8816909,2021-10-06,,
8816986,2021-10-06,,
8817016,2021-10-06,,
8821702,2021-10-06,,
8822603,2021-10-06,,
8823578,2021-10-06,,
8824811,2021-10-06,,
8826381,2021-10-06,,
8835666,2021-10-07,,
8839161,2021-10-07,,
8840577,2021-10-08,,
8842380,2021-10-08,,
8850563,2021-10-09,,
8855727,2021-10-09,,
8855868,2021-10-09,,
8858137,2021-10-10,,
8858384,2021-10-10,,
8860879,2021-10-10,,
8861082,2021-10-10,,
8863421,2021-10-10,,
8864812,2021-10-11,,
8865330,2021-10-11,,
8865481,2021-10-11,,
8867030,2021-10-11,,
8870856,2021-10-11,,
8874693,2021-10-11,,
8884106,2021-10-12,,
8884875,2021-10-12,,
8888650,2021-10-13,,
8890359,2021-10-13,,
8899627,2021-10-14,,
8901376,2021-10-14,,
8911700,2021-10-15,,
8911783,2021-10-15,,
8912711,2021-10-15,,
8915417,2021-10-15,,
8921914,2021-10-16,,
8923962,2021-10-16,,
8924139,2021-10-16,,
8929444,2021-10-16,,
8930256,2021-10-17,,
8930804,2021-10-17,,
8931397,2021-10-17,,
8935843,2021-10-17,,
8936910,2021-10-17,,
8937813,2021-10-18,,
8944323,2021-10-18,,
8944462,2021-10-18,,
8946453,2021-10-18,,
8946760,2021-10-18,,
8947591,2021-10-18,,
8949225,2021-10-18,,
8949394,2021-10-18,,
8949787,2021-10-18,,
8950201,2021-10-19,,
8952897,2021-10-19,,
8954490,2021-10-19,,
8955918,2021-10-19,,
8956918,2021-10-19,,
8963568,2021-10-20,,
8964453,2021-10-20,,
8964513,2021-10-20,,
8964807,2021-10-20,,
8964843,2021-10-20,,
8967876,2021-10-20,,
8970760,2021-10-20,,
8971482,2021-10-20,,
8971819,2021-10-20,,
8972535,2021-10-20,,
8975190,2021-10-20,,
8975717,2021-10-21,,
8976094,2021-10-21,,
8976342,2021-10-21,,
8977556,2021-10-21,,
8978638,2021-10-21,,
8993641,2021-10-22,,
9007868,2021-10-24,,
9010337,2021-10-24,,
9011758,2021-10-24,,
9011972,2021-10-24,,
9014052,2021-10-25,,
9020560,2021-10-25,,
9022197,2021-10-25,,
9024493,2021-10-25,,
9025536,2021-10-26,,
9028336,2021-10-26,,
9032803,2021-10-26,,
9034969,2021-10-26,,
9041064,2021-10-27,,
9043856,2021-10-27,,
9045023,2021-10-27,,
9047332,2021-10-27,,
9048644,2021-10-27,,
9049782,2021-10-27,,
9057352,2021-10-28,,
9059761,2021-10-28,,
9059942,2021-10-28,,
9061385,2021-10-28,,
9062180,2021-10-29,,
9062417,2021-10-29,,
9069315,2021-10-29,,
9070260,2021-10-29,,
9070570,2021-10-29,,
9071812,2021-10-29,,
9072507,2021-10-29,,
9072721,2021-10-29,,
9084647,2021-10-31,,
9085504,2021-10-31,,
9088583,2021-11-01,,
9100146,2021-11-01,,
9102556,2021-11-02,,
9104944,2021-11-02,,
9117830,2021-11-03,,
9118754,2021-11-03,,
9121024,2021-11-03,,
9121033,2021-11-03,,
9121616,2021-11-03,,
9121712,2021-11-03,,
9122904,2021-11-03,,
9123447,2021-11-03,,
9123982,2021-11-03,,
9125711,2021-11-04,,
9127474,2021-11-04,,
9133449,2021-11-04,,
9134878,2021-11-04,,
9135948,2021-11-05,,
9137764,2021-11-05,,
9139950,2021-11-05,,
9144877,2021-11-05,,
9144882,2021-11-05,,
9147456,2021-11-06,,
9149589,2021-11-06,,
9151302,2021-11-06,,
9156380,2021-11-07,,
9160676,2021-11-08,,
9168236,2021-11-08,,
9169106,2021-11-08,,
9172717,2021-11-09,,
9182684,2021-11-09,,
9182720,2021-11-09,,
9197318,2021-11-11,,
9206686,2021-11-11,,
9211748,2021-11-12,,
9216885,2021-11-12,,
9218071,2021-11-12,,
9219051,2021-11-13,,
9229126,2021-11-14,,
9231831,2021-11-14,,
9235156,2021-11-14,,
9235343,2021-11-14,,
9243680,2021-11-15,,
9245194,2021-11-15,,
9246147,2021-11-15,,
9247144,2021-11-15,,
9254497,2021-11-16,,
9257203,2021-11-16,,
9258893,2021-11-16,,
9264271,2021-11-17,,
9267338,2021-11-17,,
9269654,2021-11-17,,
9270537,2021-11-17,,
9270636,2021-11-17,,
9272177,2021-11-17,,
9272524,2021-11-17,,
9273898,2021-11-17,,
9274343,2021-11-17,,
9274705,2021-11-18,,
9275647,2021-11-18,,
9279982,2021-11-18,,
9292391,2021-11-19,,
9292805,2021-11-19,,
9295505,2021-11-19,,
9300756,2021-11-20,,
9301021,2021-11-20,,
9302489,2021-11-20,,
9302885,2021-11-20,,
9303159,2021-11-20,,
9303295,2021-11-20,,
9303455,2021-11-20,,
9303985,2021-11-21,,
9304248,2021-11-21,,
9305381,2021-11-21,,
9306423,2021-11-21,,
9308799,2021-11-21,,
9309360,2021-11-21,,
9310105,2021-11-22,,
9311520,2021-11-22,,
9316123,2021-11-22,,
9316560,2021-11-22,,
9317998,2021-11-22,,
9318189,2021-11-22,,
9319243,2021-11-22,,
9319987,2021-11-22,,
9321047,2021-11-23,,
9321091,2021-11-23,,
9321192,2021-11-23,,
9321887,2021-11-23,,
9323026,2021-11-23,,
9323635,2021-11-23,,
9325114,2021-11-23,,
9327463,2021-11-23,,
9328615,2021-11-23,,
9329419,2021-11-23,,
9330364,2021-11-23,,
9330516,2021-11-23,,
9331161,2021-11-24,,
9332236,2021-11-24,,
9336436,2021-11-24,,
9337978,2021-11-24,,
9338086,2021-11-24,,
9338447,2021-11-24,,
9338703,2021-11-24,,
9341354,2021-11-25,,
9355967,2021-11-26,,
9364379,2021-11-27,,
9364871,2021-11-27,,
9365217,2021-11-27,,
9368488,2021-11-28,,
9378849,2021-11-29,,
9380307,2021-11-29,,
9381126,2021-11-29,,
9382504,2021-11-29,,
9395908,2021-11-30,,
9397298,2021-12-01,,
9397361,2021-12-01,,
9398841,2021-12-01,,
9399045,2021-12-01,,
9399384,2021-12-01,,
9404634,2021-12-01,,
9406461,2021-12-01,,
9407677,2021-12-01,,
9407926,2021-12-01,,
9408311,2021-12-02,,
9408377,2021-12-02,,
9412003,2021-12-02,,
9415937,2021-12-02,,
9416219,2021-12-02,,
9416648,2021-12-02,,
9416951,2021-12-02,,
9417069,2021-12-02,,
9417327,2021-12-02,,
9417443,2021-12-02,,
9418358,2021-12-02,,
9418584,2021-12-02,,
9419315,2021-12-03,,
9420201,2021-12-03,,
9420637,2021-12-03,,
9420847,2021-12-03,,
9420987,2021-12-03,,
9421292,2021-12-03,,
9422392,2021-12-03,,
9423524,2021-12-03,,
9424307,2021-12-03,,
9424537,2021-12-03,,
9426236,2021-12-03,,
9426262,2021-12-03,,
9426457,2021-12-03,,
9426524,2021-12-03,,
9426940,2021-12-03,,
9427033,2021-12-03,,
9427265,2021-12-03,,
9427545,2021-12-03,,
9428032,2021-12-03,,
9428467,2021-12-03,,
9428547,2021-12-03,,
9428575,2021-12-03,,
9429313,2021-12-03,,
9429495,2021-12-04,,
9429648,2021-12-04,,
9429693,2021-12-04,,
9429906,2021-12-04,,
9429910,2021-12-04,,
9430899,2021-12-04,,
9430951,2021-12-04,,
9431214,2021-12-04,,
9431222,2021-12-04,,
9431558,2021-12-04,,
9433416,2021-12-04,,
9433923,2021-12-04,,
9434047,2021-12-04,,
9434337,2021-12-04,,
9434455,2021-12-04,,
9434636,2021-12-04,,
9434828,2021-12-04,,
9434970,2021-12-04,,
9435038,2021-12-04,,
9435260,2021-12-04,,
9435441,2021-12-04,,
9435714,2021-12-04,,
9435847,2021-12-04,,
9436175,2021-12-04,,
9437104,2021-12-05,,
9437298,2021-12-05,,
9437489,2021-12-05,,
9437671,2021-12-05,,
9437845,2021-12-05,,
9437864,2021-12-05,,
9437952,2021-12-05,,
9439882,2021-12-05,,
9441756,2021-12-05,,
9443072,2021-12-05,,
9443510,2021-12-06,,
9449671,2021-12-06,,
9451535,2021-12-06,,
9451798,2021-12-06,,
9452070,2021-12-06,,
9455658,2021-12-07,,
9459491,2021-12-07,,
9463815,2021-12-07,,
9464175,2021-12-07,,
9468553,2021-12-08,,
9471655,2021-12-08,,
9476692,2021-12-09,,
9478081,2021-12-09,,
9483209,2021-12-09,,
9494593,2021-12-10,,
9495489,2021-12-10,,
9496585,2021-12-10,,
9497913,2021-12-10,,
9497958,2021-12-10,,
9504182,2021-12-11,,
9505406,2021-12-12,,
9508417,2021-12-12,,
9510071,2021-12-12,,
9510899,2021-12-13,,
9512199,2021-12-13,,
9513381,2021-12-13,,
9518744,2021-12-13,,
9519537,2021-12-13,,
9522732,2021-12-14,,
9529765,2021-12-14,,
9531766,2021-12-15,,
9535331,2021-12-15,,
9537794,2021-12-15,,
9538269,2021-12-15,,
9540398,2021-12-15,,
9542750,2021-12-16,,
9542814,2021-12-16,,
9543292,2021-12-16,,
9543302,2021-12-16,,
9543955,2021-12-16,,
9544062,2021-12-16,,
9544405,2021-12-16,,
9546965,2021-12-16,,
9550662,2021-12-16,,
9555215,2021-12-17,,
9556901,2021-12-17,,
9562438,2021-12-17,,
9562921,2021-12-17,,
9563134,2021-12-17,,
9564537,2021-12-18,,
9570246,2021-12-18,,
9573942,2021-12-19,,
9574908,2021-12-19,,
9575974,2021-12-19,,
9578350,2021-12-20,,
9578960,2021-12-20,,
9582401,2021-12-20,,
9583430,2021-12-20,,
9586032,2021-12-20,,
9587724,2021-12-21,,
9594129,2021-12-21,,
9599064,2021-12-22,,
9600098,2021-12-22,,
9603549,2021-12-22,,
9604811,2021-12-22,,
9611716,2021-12-23,,
9619871,2021-12-24,,
9620708,2021-12-25,,
9623847,2021-12-25,,
9629991,2021-12-27,,
9633886,2021-12-27,,
9634104,2021-12-27,,
9635153,2021-12-27,,
9635548,2021-12-27,,
9636317,2021-12-27,,
9637375,2021-12-27,,
9637436,2021-12-27,,
9640342,2021-12-28,,
9640556,2021-12-28,,
9641043,2021-12-28,,
9644989,2021-12-28,,
9647674,2021-12-28,,
9651245,2021-12-29,,
9655773,2021-12-29,,
9663420,2021-12-30,,
9664773,2021-12-30,,
9664789,2021-12-30,,
9670914,2021-12-30,,
9673174,2021-12-31,,
9675355,2021-12-31,,
9677722,2021-12-31,,
9681057,2021-12-31,,
9681753,2022-01-01,,
9687971,2022-01-01,,
9689004,2022-01-01,,
9695249,2022-01-02,,
9696161,2022-01-02,,
9696182,2022-01-02,,
9698177,2022-01-02,,
9713214,2022-01-04,,
9714215,2022-01-04,,
9716679,2022-01-04,,
9724709,2022-01-04,,
9725970,2022-01-04,,
9727329,2022-01-05,,
9727886,2022-01-05,,
9728307,2022-01-05,,
9728772,2022-01-05,,
9729052,2022-01-05,,
9735905,2022-01-05,,
9741164,2022-01-05,,
9741676,2022-01-05,,
9750294,2022-01-06,,
9750733,2022-01-06,,
9754691,2022-01-06,,
9760334,2022-01-07,,
9769257,2022-01-07,,
9771223,2022-01-08,,
9773734,2022-01-08,,
9779117,2022-01-08,,
9779562,2022-01-09,,
9790265,2022-01-10,,
9797650,2022-01-10,,
9811473,2022-01-11,,
9815219,2022-01-11,,
9816978,2022-01-12,,
9817133,2022-01-12,,
9817424,2022-01-12,,
9818143,2022-01-12,,
9820326,2022-01-12,,
9829234,2022-01-13,,
9838816,2022-01-13,,
9842965,2022-01-14,,
9846734,2022-01-14,,
9853297,2022-01-15,,
9854098,2022-01-15,,
9857972,2022-01-15,,
9859163,2022-01-15,,
9864033,2022-01-16,,
9868295,2022-01-16,,
9897198,2022-01-18,,
9897247,2022-01-18,,
9900708,2022-01-19,,
9903272,2022-01-19,,
9913186,2022-01-20,,
9921597,2022-01-20,,
9926424,2022-01-21,,
9937919,2022-01-22,,
9942997,2022-01-22,,
9944322,2022-01-22,,
9947197,2022-01-23,,
9950208,2022-01-23,,
9958646,2022-01-24,,
9973578,2022-01-25,,
9981175,2022-01-25,,
9982222,2022-01-25,,
9984032,2022-01-26,,
9985476,2022-01-26,,
9989212,2022-01-26,,
9993211,2022-01-26,,
10000061,2022-01-27,,
10007431,2022-01-27,,
10008554,2022-01-27,,
10010208,2022-01-27,,
9998150,2022-01-27,,
10010688,2022-01-28,,
10020300,2022-01-28,,
10020354,2022-01-28,,
10021072,2022-01-28,,
10021137,2022-01-28,,
10033841,2022-01-30,,
10033844,2022-01-30,,
10041144,2022-01-31,,
10044516,2022-01-31,,
10046606,2022-01-31,,
10052542,2022-01-31,,
10052714,2022-01-31,,
10053428,2022-01-31,,
10057462,2022-02-01,,
10059015,2022-02-01,,
10066764,2022-02-01,,
10071284,2022-02-02,,
10073542,2022-02-02,,
10076871,2022-02-02,,
10076951,2022-02-02,,
10078324,2022-02-02,,
10094075,2022-02-03,,
10099096,2022-02-04,,
10099996,2022-02-04,,
10100366,2022-02-04,,
10104320,2022-02-04,,
10107158,2022-02-04,,
10111943,2022-02-05,,
10111970,2022-02-05,,
10112992,2022-02-05,,
10113276,2022-02-05,,
10113763,2022-02-05,,
10119914,2022-02-05,,
10120060,2022-02-05,,
10123248,2022-02-06,,
10123304,2022-02-06,,
10123345,2022-02-06,,
10129623,2022-02-06,,
10130474,2022-02-07,,
10130714,2022-02-07,,
10130795,2022-02-07,,
10131285,2022-02-07,,
10131448,2022-02-07,,
10132319,2022-02-07,,
10132786,2022-02-07,,
10132946,2022-02-07,,
10136302,2022-02-07,,
10138035,2022-02-07,,
10139534,2022-02-07,,
10139617,2022-02-07,,
10139676,2022-02-07,,
10143686,2022-02-07,,
10146674,2022-02-08,,
10147956,2022-02-08,,
10150313,2022-02-08,,
10152987,2022-02-08,,
10154368,2022-02-08,,
10158557,2022-02-08,,
10158741,2022-02-08,,
10160892,2022-02-09,,
10162985,2022-02-09,,
10163278,2022-02-09,,
10167166,2022-02-09,,
10183507,2022-02-10,,
10191418,2022-02-11,,
10194341,2022-02-11,,
10207332,2022-02-13,,
10207345,2022-02-13,,
10211918,2022-02-13,,
10220828,2022-02-14,,
10223741,2022-02-14,,
10230543,2022-02-15,,
10233994,2022-02-15,,
10236579,2022-02-16,,
10242090,2022-02-16,,
10249435,2022-02-17,,
10250410,2022-02-17,,
10251704,2022-02-17,,
10267089,2022-02-18,,
10273713,2022-02-19,,
10278257,2022-02-19,,
10279335,2022-02-19,,
10281517,2022-02-19,,
10285047,2022-02-20,,
10285594,2022-02-20,,
10296107,2022-02-21,,
10296914,2022-02-21,,
10297962,2022-02-21,,
10301088,2022-02-21,,
10302803,2022-02-22,,
10302987,2022-02-22,,
10308430,2022-02-22,,
10311230,2022-02-22,,
10315340,2022-02-23,,
10323470,2022-02-23,,
10340851,2022-02-24,,
10341583,2022-02-24,,
10343601,2022-02-25,,
10344604,2022-02-25,,
10347100,2022-02-25,,
10348396,2022-02-25,,
10350615,2022-02-25,,
10352176,2022-02-25,,
10352451,2022-02-25,,
10352945,2022-02-25,,
10355830,2022-02-26,,
10363619,2022-02-26,,
10364082,2022-02-27,,
10364162,2022-02-27,,
10368206,2022-02-27,,
10368591,2022-02-27,,
10376379,2022-02-28,,
10379753,2022-02-28,,
10382592,2022-02-28,,
10385303,2022-02-28,,
10398915,2022-03-01,,
10401063,2022-03-02,,
10401441,2022-03-02,,
10403160,2022-03-02,,
10403566,2022-03-02,,
10404263,2022-03-02,,
10408781,2022-03-02,,
10409786,2022-03-02,,
10409920,2022-03-02,,
10411265,2022-03-02,,
10412249,2022-03-02,,
10413019,2022-03-02,,
10413649,2022-03-02,,
10414059,2022-03-02,,
10414245,2022-03-03,,
10414533,2022-03-03,,
10414608,2022-03-03,,
10414609,2022-03-03,,
10414956,2022-03-03,,
10415138,2022-03-03,,
10415220,2022-03-03,,
10415889,2022-03-03,,
10415949,2022-03-03,,
10416953,2022-03-03,,
10417113,2022-03-03,,
10419495,2022-03-03,,
10420028,2022-03-03,,
10420899,2022-03-03,,
10422993,2022-03-03,,
10423360,2022-03-03,,
10425771,2022-03-03,,
10426935,2022-03-03,,
10428655,2022-03-03,,
10429252,2022-03-03,,
10429682,2022-03-03,,
10429763,2022-03-03,,
10429782,2022-03-03,,
10430596,2022-03-03,,
10430668,2022-03-03,,
10430711,2022-03-03,,
10431165,2022-03-04,,
10431302,2022-03-04,,
10431718,2022-03-04,,
10431960,2022-03-04,,
10432033,2022-03-04,,
10432224,2022-03-04,,
10432383,2022-03-04,,
10432897,2022-03-04,,
10433203,2022-03-04,,
10433440,2022-03-04,,
10435155,2022-03-04,,
10435257,2022-03-04,,
10435947,2022-03-04,,
10436108,2022-03-04,,
10438409,2022-03-04,,
10438883,2022-03-04,,
10439056,2022-03-04,,
10439218,2022-03-04,,
10441099,2022-03-04,,
10441200,2022-03-04,,
10441962,2022-03-04,,
10442422,2022-03-04,,
10442813,2022-03-04,,
10442909,2022-03-04,,
10442974,2022-03-04,,
10443129,2022-03-04,,
10443213,2022-03-04,,
10443390,2022-03-04,,
10443685,2022-03-04,,
10443691,2022-03-04,,
10443782,2022-03-04,,
10443814,2022-03-04,,
10443859,2022-03-04,,
10444094,2022-03-04,,
10444248,2022-03-04,,
10444249,2022-03-04,,
10444437,2022-03-05,,
10444438,2022-03-05,,
10444588,2022-03-05,,
10444594,2022-03-05,,
10444654,2022-03-05,,
10444711,2022-03-05,,
10444805,2022-03-05,,
10444810,2022-03-05,,
10444884,2022-03-05,,
10445030,2022-03-05,,
10445954,2022-03-05,,
10446178,2022-03-05,,
10446752,2022-03-05,,
10451413,2022-03-05,,
10454028,2022-03-05,,
10454397,2022-03-06,,
10455296,2022-03-06,,
10455429,2022-03-06,,
10461892,2022-03-06,,
10463233,2022-03-07,,
10463278,2022-03-07,,
10468192,2022-03-07,,
10471078,2022-03-07,,
10487938,2022-03-08,,
10489323,2022-03-08,,
10494196,2022-03-09,,
10502162,2022-03-09,,
10502230,2022-03-09,,
10502931,2022-03-09,,
10510943,2022-03-10,,
10511348,2022-03-10,,
10512128,2022-03-10,,
10512169,2022-03-10,,
10515066,2022-03-10,,
10516974,2022-03-11,,
10517262,2022-03-11,,
10517617,2022-03-11,,
10519138,2022-03-11,,
10519894,2022-03-11,,
10524472,2022-03-11,,
10526481,2022-03-11,,
10527065,2022-03-11,,
10528493,2022-03-12,,
10534901,2022-03-12,,
10536074,2022-03-12,,
10537076,2022-03-12,,
10539174,2022-03-13,,
10539521,2022-03-13,,
10540466,2022-03-13,,
10546569,2022-03-13,,
10547680,2022-03-13,,
10552745,2022-03-14,,
10556570,2022-03-14,,
10558024,2022-03-14,,
10558960,2022-03-14,,
10564260,2022-03-15,,
10570691,2022-03-15,,
10572873,2022-03-15,,
10575546,2022-03-15,,
10579038,2022-03-16,,
10579065,2022-03-16,,
10579209,2022-03-16,,
10579363,2022-03-16,,
10580467,2022-03-16,,
10587042,2022-03-16,,
10587376,2022-03-16,,
10588035,2022-03-16,,
10590054,2022-03-16,,
10600482,2022-03-17,,
10603742,2022-03-17,,
10605970,2022-03-18,,
10608004,2022-03-18,,
10609711,2022-03-18,,
10613650,2022-03-18,,
10615065,2022-03-18,,
10620165,2022-03-19,,
10622166,2022-03-19,,
10640512,2022-03-21,,
10641317,2022-03-21,,
10642090,2022-03-21,,
10642585,2022-03-21,,
10645001,2022-03-21,,
10645644,2022-03-21,,
10646030,2022-03-22,,
10646788,2022-03-22,,
10647237,2022-03-22,,
10653073,2022-03-22,,
10653898,2022-03-22,,
10666591,2022-03-23,,
10667832,2022-03-23,,
10684772,2022-03-25,,
10686676,2022-03-25,,
10691283,2022-03-25,,
10691394,2022-03-25,,
10691501,2022-03-25,,
10693786,2022-03-25,,
10702155,2022-03-26,,
10706004,2022-03-27,,
10711057,2022-03-27,,
10713694,2022-03-27,,
10724335,2022-03-28,,
10724678,2022-03-28,,
10728861,2022-03-28,,
10729624,2022-03-28,,
10730180,2022-03-29,,
10731067,2022-03-29,,
10732068,2022-03-29,,
10732098,2022-03-29,,
10736645,2022-03-29,,
10738612,2022-03-29,,
10738844,2022-03-29,,
10739193,2022-03-29,,
10742860,2022-03-29,,
10743232,2022-03-29,,
10743289,2022-03-29,,
10747340,2022-03-30,,
10755122,2022-03-30,,
10756587,2022-03-30,,
10757899,2022-03-31,,
10762010,2022-03-31,,
10769594,2022-03-31,,
10769797,2022-03-31,,
10770141,2022-03-31,,
10779545,2022-04-01,,
10784042,2022-04-01,,
10784753,2022-04-02,,
10785970,2022-04-02,,
10791288,2022-04-02,,
10791916,2022-04-02,,
10794901,2022-04-03,,
10795569,2022-04-03,,
10800361,2022-04-03,,
10800365,2022-04-03,,
10800860,2022-04-03,,
10800896,2022-04-03,,
10801051,2022-04-03,,
10801417,2022-04-03,,
10801696,2022-04-03,,
10801889,2022-04-03,,
10802002,2022-04-03,,
10802109,2022-04-03,,
10802266,2022-04-03,,
10803033,2022-04-04,,
10803865,2022-04-04,,
10804015,2022-04-04,,
10804968,2022-04-04,,
10806920,2022-04-04,,
10807550,2022-04-04,,
10807874,2022-04-04,,
10812029,2022-04-04,,
10814740,2022-04-04,,
10815014,2022-04-04,,
10815058,2022-04-04,,
10815788,2022-04-04,,
10816264,2022-04-05,,
10816671,2022-04-05,,
10817422,2022-04-05,,
10818103,2022-04-05,,
10818389,2022-04-05,,
10820593,2022-04-05,,
10823411,2022-04-05,,
10823552,2022-04-05,,
10829401,2022-04-05,,
10834203,2022-04-06,,
10841122,2022-04-06,,
10842083,2022-04-06,,
10842921,2022-04-06,,
10849651,2022-04-07,,
10849868,2022-04-07,,
10853571,2022-04-07,,
10864690,2022-04-08,,
10866987,2022-04-09,,
10875915,2022-04-10,,
10880000,2022-04-10,,
10888858,2022-04-11,,
10889402,2022-04-11,,
10897978,2022-04-12,,
10899054,2022-04-12,,
10903890,2022-04-13,,
10904593,2022-04-13,,
10907304,2022-04-13,,
10910298,2022-04-13,,
10915993,2022-04-14,,
10916763,2022-04-14,,
10917601,2022-04-14,,
10920242,2022-04-14,,
10924395,2022-04-14,,
10931974,2022-04-15,,
10932707,2022-04-15,,
10934053,2022-04-15,,
10934944,2022-04-16,,
10936380,2022-04-16,,
10941552,2022-04-16,,
10942514,2022-04-17,,
10943362,2022-04-17,,
10943892,2022-04-17,,
10944499,2022-04-17,,
10945294,2022-04-17,,
10946223,2022-04-17,,
10946295,2022-04-17,,
10947502,2022-04-18,,
10947537,2022-04-18,,
10948059,2022-04-18,,
10948099,2022-04-18,,
10949044,2022-04-18,,
10952806,2022-04-18,,
10954827,2022-04-18,,
10956954,2022-04-18,,
10957644,2022-04-18,,
10958333,2022-04-18,,
10958789,2022-04-18,,
10959199,2022-04-19,,
10959785,2022-04-19,,
10967862,2022-04-19,,
10975928,2022-04-20,,
10977702,2022-04-20,,
10979880,2022-04-20,,
10981338,2022-04-20,,
10981739,2022-04-20,,
10985237,2022-04-21,,
10990784,2022-04-21,,
10995976,2022-04-22,,
10995981,2022-04-22,,
10996019,2022-04-22,,
11001931,2022-04-22,,
11005402,2022-04-22,,
11014878,2022-04-24,,
11017746,2022-04-24,,
11023417,2022-04-25,,
11024009,2022-04-25,,
11024745,2022-04-25,,
11030424,2022-04-25,,
11031774,2022-04-25,,
11033020,2022-04-25,,
11034227,2022-04-26,,
11034512,2022-04-26,,
11038184,2022-04-26,,
11042730,2022-04-26,,
11045903,2022-04-26,,
11048990,2022-04-27,,
11056155,2022-04-27,,
11058408,2022-04-27,,
11059712,2022-04-27,,
11060169,2022-04-28,,
11061911,2022-04-28,,
11063437,2022-04-28,,
11066318,2022-04-28,,
11071064,2022-04-28,,
11072798,2022-04-28,,
11075977,2022-04-28,,
11076095,2022-04-29,,
11076269,2022-04-29,,
11076796,2022-04-29,,
11077090,2022-04-29,,
11077245,2022-04-29,,
11077538,2022-04-29,,
11077744,2022-04-29,,
11080960,2022-04-29,,
11081706,2022-04-29,,
11082412,2022-04-29,,
11082847,2022-04-29,,
11082948,2022-04-29,,
11091841,2022-04-30,,
11096724,2022-04-30,,
11097203,2022-04-30,,
11097228,2022-04-30,,
11099395,2022-05-01,,
11099585,2022-05-01,,
11103272,2022-05-01,,
11107952,2022-05-02,,
11108616,2022-05-02,,
11110139,2022-05-02,,
11114542,2022-05-02,,
11117887,2022-05-02,,
11119470,2022-05-02,,
11119565,2022-05-02,,
11121149,2022-05-02,,
11128311,2022-05-03,,
11130081,2022-05-03,,
11132148,2022-05-03,,
11132645,2022-05-03,,
11133910,2022-05-03,,
11135048,2022-05-04,,
11141350,2022-05-04,,
11144653,2022-05-04,,
11145171,2022-05-04,,
11145952,2022-05-04,,
11146477,2022-05-04,,
11146933,2022-05-04,,
11147754,2022-05-05,,
11149186,2022-05-05,,
11149193,2022-05-05,,
11149452,2022-05-05,,
11149821,2022-05-05,,
11149966,2022-05-05,,
11152549,2022-05-05,,
11157039,2022-05-05,,
11159873,2022-05-05,,
11160606,2022-05-06,,
11160701,2022-05-06,,
11170887,2022-05-06,,
11171158,2022-05-06,,
11172213,2022-05-06,,
11172282,2022-05-06,,
11175373,2022-05-07,,
11179679,2022-05-07,,
11184512,2022-05-08,,
11188294,2022-05-08,,
11188972,2022-05-08,,
11189441,2022-05-09,,
11191839,2022-05-09,,
11198693,2022-05-09,,
11204521,2022-05-10,,
11204764,2022-05-10,,
11215420,2022-05-10,,
11217866,2022-05-11,,
11226309,2022-05-11,,
11227013,2022-05-11,,
11228086,2022-05-11,,
11230345,2022-05-12,,
11230516,2022-05-12,,
11233058,2022-05-12,,
11241405,2022-05-12,,
11242902,2022-05-13,,
11244730,2022-05-13,,
11248757,2022-05-13,,
11250141,2022-05-13,,
11251863,2022-05-13,,
11254867,2022-05-14,,
11255970,2022-05-14,,
11257989,2022-05-14,,
11260788,2022-05-14,,
11261016,2022-05-14,,
11264033,2022-05-15,,
11264678,2022-05-15,,
11265512,2022-05-15,,
11267303,2022-05-15,,
11269270,2022-05-15,,
11269458,2022-05-15,,
11269920,2022-05-15,,
11271114,2022-05-16,,
11271138,2022-05-16,,
11271624,2022-05-16,,
11271776,2022-05-16,,
11272437,2022-05-16,,
11275931,2022-05-16,,
11282110,2022-05-16,,
11282387,2022-05-16,,
11284644,2022-05-17,,
11284701,2022-05-17,,
11288757,2022-05-17,,
11291376,2022-05-17,,
11292287,2022-05-17,,
11296891,2022-05-17,,
11297557,2022-05-17,,
11297803,2022-05-18,,
11297954,2022-05-18,,
11298563,2022-05-18,,
11299112,2022-05-18,,
11299206,2022-05-18,,
11299391,2022-05-18,,
11305926,2022-05-18,,
11307124,2022-05-18,,
11310737,2022-05-18,,
11311671,2022-05-19,,
11313111,2022-05-19,,
11313785,2022-05-19,,
11314184,2022-05-19,,
11317681,2022-05-19,,
11319717,2022-05-19,,
11319850,2022-05-19,,
11320593,2022-05-19,,
11320869,2022-05-19,,
11322173,2022-05-19,,
11322231,2022-05-19,,
11323185,2022-05-19,,
11323417,2022-05-19,,
11323852,2022-05-19,,
11324067,2022-05-19,,
11324248,2022-05-19,,
11324266,2022-05-19,,
11324280,2022-05-19,,
11324320,2022-05-19,,
11324423,2022-05-19,,
11324545,2022-05-19,,
11324815,2022-05-20,,
11325407,2022-05-20,,
11326133,2022-05-20,,
11326779,2022-05-20,,
11327170,2022-05-20,,
11327712,2022-05-20,,
11328127,2022-05-20,,
11330833,2022-05-20,,
11334170,2022-05-20,,
11335578,2022-05-20,,
11336652,2022-05-20,,
11345274,2022-05-21,,
11345711,2022-05-21,,
11345731,2022-05-21,,
11347303,2022-05-22,,
11349803,2022-05-22,,
11350123,2022-05-22,,
11350847,2022-05-22,,
11352346,2022-05-22,,
11352831,2022-05-22,,
11353377,2022-05-22,,
11353642,2022-05-22,,
11361656,2022-05-23,,
11361735,2022-05-23,,
11363245,2022-05-23,,
11364953,2022-05-23,,
11366270,2022-05-23,,
11366533,2022-05-23,,
11366876,2022-05-23,,
11368720,2022-05-24,,
11369054,2022-05-24,,
11369192,2022-05-24,,
11370681,2022-05-24,,
11376294,2022-05-24,,
11378984,2022-05-24,,
11379448,2022-05-24,,
11380211,2022-05-24,,
11382116,2022-05-25,,
11382647,2022-05-25,,
11388514,2022-05-25,,
11389212,2022-05-25,,
11391863,2022-05-25,,
11394479,2022-05-25,,
11395562,2022-05-26,,
11405515,2022-05-26,,
11405646,2022-05-26,,
11406096,2022-05-26,,
11407053,2022-05-26,,
11407526,2022-05-27,,
11407573,2022-05-27,,
11407583,2022-05-27,,
11407594,2022-05-27,,
11407628,2022-05-27,,
11407699,2022-05-27,,
11407911,2022-05-27,,
11408271,2022-05-27,,
11408593,2022-05-27,,
11415416,2022-05-27,,
11418598,2022-05-27,,
11420181,2022-05-28,,
11420191,2022-05-28,,
11420318,2022-05-28,,
11420395,2022-05-28,,
11420504,2022-05-28,,
11420869,2022-05-28,,
11423663,2022-05-28,,
11427345,2022-05-28,,
11427587,2022-05-29,,
11427721,2022-05-29,,
11428282,2022-05-29,,
11429091,2022-05-29,,
11434406,2022-05-29,,
11435012,2022-05-30,,
11436955,2022-05-30,,
11442180,2022-05-30,,
11442535,2022-05-30,,
11446463,2022-05-30,,
11446786,2022-05-31,,
11448326,2022-05-31,,
11452797,2022-05-31,,
11454474,2022-05-31,,
11456109,2022-05-31,,
11456856,2022-05-31,,
11457045,2022-05-31,,
11457482,2022-05-31,,
11458568,2022-05-31,,
11459744,2022-05-31,,
11460361,2022-05-31,,
11460523,2022-06-01,,
11466545,2022-06-01,,
11482546,2022-06-02,,
11483196,2022-06-02,,
11483699,2022-06-02,,
11484754,2022-06-02,,
11486566,2022-06-02,,
11487105,2022-06-02,,
11487403,2022-06-02,,
11488525,2022-06-02,,
11488762,2022-06-02,,
11489085,2022-06-03,,
11489821,2022-06-03,,
11490008,2022-06-03,,
11490203,2022-06-03,,
11490933,2022-06-03,,
11492343,2022-06-03,,
11499120,2022-06-03,,
11500264,2022-06-03,,
11500615,2022-06-03,,
11500825,2022-06-03,,
11501568,2022-06-03,,
11502038,2022-06-03,,
11502314,2022-06-03,,
11502968,2022-06-03,,
11504214,2022-06-04,,
11504348,2022-06-04,,
11504440,2022-06-04,,
11504688,2022-06-04,,
11504794,2022-06-04,,
11505841,2022-06-04,,
11507521,2022-06-04,,
11507675,2022-06-04,,
11509195,2022-06-04,,
11509258,2022-06-04,,
11509335,2022-06-04,,
11509564,2022-06-04,,
11509630,2022-06-04,,
11510343,2022-06-04,,
11511518,2022-06-04,,
11511904,2022-06-04,,
11512096,2022-06-04,,
11512807,2022-06-05,,
11513175,2022-06-05,,
11513180,2022-06-05,,
11513353,2022-06-05,,
11513398,2022-06-05,,
11513498,2022-06-05,,
11513523,2022-06-05,,
11513557,2022-06-05,,
11513571,2022-06-05,,
11513695,2022-06-05,,
11516435,2022-06-05,,
11518359,2022-06-05,,
11518392,2022-06-05,,
11518698,2022-06-05,,
11518842,2022-06-05,,
11524149,2022-06-06,,
11525353,2022-06-06,,
11529029,2022-06-06,,
11529162,2022-06-06,,
11533631,2022-06-06,,
11534160,2022-06-06,,
11534202,2022-06-06,,
11534819,2022-06-06,,
11535004,2022-06-06,,
11535302,2022-06-06,,
11535609,2022-06-06,,
11536244,2022-06-06,,
11536687,2022-06-07,,
11537536,2022-06-07,,
11544073,2022-06-07,,
11546035,2022-06-07,,
11546309,2022-06-07,,
11546346,2022-06-07,,
11546938,2022-06-07,,
11548153,2022-06-07,,
11551057,2022-06-08,,
11551125,2022-06-08,,
11551139,2022-06-08,,
11551182,2022-06-08,,
11551209,2022-06-08,,
11551299,2022-06-08,,
11551304,2022-06-08,,
11551424,2022-06-08,,
11551494,2022-06-08,,
11552541,2022-06-08,,
11554451,2022-06-08,,
11557600,2022-06-08,,
11558801,2022-06-08,,
11559192,2022-06-08,,
11560041,2022-06-08,,
11561787,2022-06-08,,
11562122,2022-06-08,,
11562930,2022-06-08,,
11573360,2022-06-09,,
11573980,2022-06-09,,
11574949,2022-06-09,,
11575994,2022-06-09,,
11578461,2022-06-09,,
11580036,2022-06-09,,
11580132,2022-06-10,,
11581411,2022-06-10,,
11581976,2022-06-10,,
11591572,2022-06-10,,
11592432,2022-06-10,,
11592588,2022-06-10,,
11601699,2022-06-11,,
11623672,2022-06-13,,
11624052,2022-06-13,,
11624064,2022-06-13,,
11628115,2022-06-14,,
11635494,2022-06-14,,
11636095,2022-06-14,,
11636380,2022-06-14,,
11637636,2022-06-14,,
11638452,2022-06-15,,
11638739,2022-06-15,,
11638860,2022-06-15,,
11639062,2022-06-15,,
11644166,2022-06-15,,
11648022,2022-06-15,,
11649127,2022-06-15,,
11649230,2022-06-15,,
11649425,2022-06-15,,
11650048,2022-06-15,,
11662813,2022-06-16,,
11663351,2022-06-17,,
11663586,2022-06-17,,
11663669,2022-06-17,,
11663923,2022-06-17,,
11664093,2022-06-17,,
11671075,2022-06-17,,
11671849,2022-06-17,,
11674474,2022-06-17,,
11674557,2022-06-17,,
11676194,2022-06-18,,
11683901,2022-06-19,,
11686118,2022-06-19,,
11699749,2022-06-20,,
11700898,2022-06-20,,
11701583,2022-06-20,,
11702195,2022-06-20,,
11703830,2022-06-21,,
11704257,2022-06-21,,
11704408,2022-06-21,,
11704555,2022-06-21,,
11705392,2022-06-21,,
11710318,2022-06-21,,
11713061,2022-06-21,,
11713895,2022-06-21,,
11714111,2022-06-21,,
11714255,2022-06-21,,
11714286,2022-06-21,,
11715443,2022-06-21,,
11715986,2022-06-21,,
11716170,2022-06-21,,
11716336,2022-06-21,,
11716438,2022-06-21,,
11716439,2022-06-21,,
11716454,2022-06-21,,
11716494,2022-06-21,,
11716905,2022-06-22,,
11716934,2022-06-22,,
11717113,2022-06-22,,
11717178,2022-06-22,,
11717291,2022-06-22,,
11717430,2022-06-22,,
11717517,2022-06-22,,
11717632,2022-06-22,,
11717775,2022-06-22,,
11721650,2022-06-22,,
11726882,2022-06-22,,
11727116,2022-06-22,,
11727726,2022-06-22,,
11729554,2022-06-22,,
11731522,2022-06-23,,
11735153,2022-06-23,,
11736833,2022-06-23,,
11739882,2022-06-23,,
11740911,2022-06-23,,
11740933,2022-06-23,,
11741140,2022-06-23,,
11742553,2022-06-23,,
11743581,2022-06-23,,
11743894,2022-06-23,,
11745316,2022-06-24,,
11745380,2022-06-24,,
11746310,2022-06-24,,
11746446,2022-06-24,,
11755669,2022-06-24,,
11756389,2022-06-24,,
11758022,2022-06-25,,
11758182,2022-06-25,,
11758770,2022-06-25,,
11765740,2022-06-25,,
11766453,2022-06-25,,
11766600,2022-06-25,,
11767223,2022-06-26,,
11770962,2022-06-26,,
11770992,2022-06-26,,
11771386,2022-06-26,,
11772482,2022-06-26,,
11772571,2022-06-26,,
11773092,2022-06-26,,
11776162,2022-06-27,,
11776212,2022-06-27,,
11777616,2022-06-27,,
11781651,2022-06-27,,
11782017,2022-06-27,,
11782129,2022-06-27,,
11783957,2022-06-27,,
11784435,2022-06-27,,
11784666,2022-06-27,,
11786726,2022-06-27,,
11787094,2022-06-27,,
11787325,2022-06-27,,
11788320,2022-06-28,,
11788746,2022-06-28,,
11789091,2022-06-28,,
11797314,2022-06-28,,
11798561,2022-06-28,,
11800613,2022-06-28,,
11800932,2022-06-28,,
11801033,2022-06-28,,
11801056,2022-06-28,,
11801069,2022-06-28,,
11801094,2022-06-29,,
11801224,2022-06-29,,
11801471,2022-06-29,,
11801563,2022-06-29,,
11801597,2022-06-29,,
11801669,2022-06-29,,
11802425,2022-06-29,,
11803245,2022-06-29,,
11803524,2022-06-29,,
11804129,2022-06-29,,
11804149,2022-06-29,,
11805650,2022-06-29,,
11810114,2022-06-29,,
11811914,2022-06-29,,
11812891,2022-06-29,,
11813614,2022-06-29,,
11814091,2022-06-30,,
11814189,2022-06-30,,
11814340,2022-06-30,,
11814475,2022-06-30,,
11815766,2022-06-30,,
11818321,2022-06-30,,
11824152,2022-06-30,,
11826721,2022-06-30,,
11827300,2022-06-30,,
11827710,2022-07-01,,
11827986,2022-07-01,,
11836859,2022-07-01,,
11839345,2022-07-01,,
11842334,2022-07-02,,
11846726,2022-07-02,,
11846761,2022-07-02,,
11846953,2022-07-02,,
11849007,2022-07-03,,
11850217,2022-07-03,,
11853976,2022-07-03,,
11854777,2022-07-03,,
11856070,2022-07-04,,
11856255,2022-07-04,,
11858550,2022-07-04,,
11861701,2022-07-04,,
11862791,2022-07-04,,
11864501,2022-07-04,,
11864552,2022-07-04,,
11864606,2022-07-04,,
11864626,2022-07-04,,
11864915,2022-07-04,,
11865916,2022-07-04,,
11866921,2022-07-05,,
11867054,2022-07-05,,
11867768,2022-07-05,,
11868228,2022-07-05,,
11874401,2022-07-05,,
11876050,2022-07-05,,
11876095,2022-07-05,,
11876768,2022-07-05,,
11877116,2022-07-05,,
11877444,2022-07-05,,
11877534,2022-07-05,,
11877892,2022-07-05,,
11877946,2022-07-05,,
11878171,2022-07-05,,
11878256,2022-07-05,,
11878538,2022-07-05,,
11878834,2022-07-05,,
11879470,2022-07-05,,
11879506,2022-07-05,,
11879680,2022-07-05,,
11879818,2022-07-05,,
11879845,2022-07-05,,
11879862,2022-07-05,,
11879997,2022-07-05,,
11880137,2022-07-06,,
11880166,2022-07-06,,
11880246,2022-07-06,,
11880280,2022-07-06,,
11880324,2022-07-06,,
11880509,2022-07-06,,
11881715,2022-07-06,,
11883021,2022-07-06,,
11888233,2022-07-06,,
11888518,2022-07-06,,
11888618,2022-07-06,,
11890836,2022-07-06,,
11890952,2022-07-06,,
11890992,2022-07-06,,
11891358,2022-07-06,,
11891801,2022-07-06,,
11893449,2022-07-07,,
11893517,2022-07-07,,
11894629,2022-07-07,,
11897637,2022-07-07,,
11898321,2022-07-07,,
11901577,2022-07-07,,
11901787,2022-07-07,,
11903412,2022-07-07,,
11903570,2022-07-07,,
11903600,2022-07-07,,
11904253,2022-07-07,,
11905058,2022-07-07,,
11905414,2022-07-07,,
11905662,2022-07-07,,
11905788,2022-07-07,,
11906060,2022-07-07,,
11906127,2022-07-07,,
11906198,2022-07-08,,
11906556,2022-07-08,,
11907263,2022-07-08,,
11907508,2022-07-08,,
11909771,2022-07-08,,
11915685,2022-07-08,,
11915789,2022-07-08,,
11915914,2022-07-08,,
11916259,2022-07-08,,
11917189,2022-07-08,,
11917617,2022-07-08,,
11917742,2022-07-08,,
11918042,2022-07-08,,
11918471,2022-07-09,,
11918680,2022-07-09,,
11918994,2022-07-09,,
11923629,2022-07-09,,
11924293,2022-07-09,,
11924725,2022-07-09,,
11927394,2022-07-10,,
11929511,2022-07-10,,
11930059,2022-07-10,,
11932534,2022-07-10,,
11934544,2022-07-11,,
11935330,2022-07-11,,
11937609,2022-07-11,,
11938622,2022-07-11,,
11941887,2022-07-11,,
11942360,2022-07-11,,
11943182,2022-07-11,,
11943326,2022-07-11,,
11945787,2022-07-11,,
11946962,2022-07-12,,
11947027,2022-07-12,,
11947686,2022-07-12,,
11947882,2022-07-12,,
11948038,2022-07-12,,
11953231,2022-07-12,,
11955135,2022-07-12,,
11955405,2022-07-12,,
11957911,2022-07-12,,
11958601,2022-07-12,,
11958710,2022-07-12,,
11959188,2022-07-13,,
11959210,2022-07-13,,
11959302,2022-07-13,,
11960053,2022-07-13,,
11960643,2022-07-13,,
11960857,2022-07-13,,
11961492,2022-07-13,,
11963063,2022-07-13,,
11964157,2022-07-13,,
11967512,2022-07-13,,
11968514,2022-07-13,,
11969231,2022-07-13,,
11970077,2022-07-13,,
11970273,2022-07-13,,
11972117,2022-07-13,,
11974475,2022-07-14,,
11974873,2022-07-14,,
11979535,2022-07-14,,
11979804,2022-07-14,,
11980944,2022-07-14,,
11982186,2022-07-14,,
11984509,2022-07-14,,
11984606,2022-07-14,,
11985008,2022-07-14,,
11985308,2022-07-15,,
11986039,2022-07-15,,
11986734,2022-07-15,,
11987194,2022-07-15,,
11987363,2022-07-15,,
11990872,2022-07-15,,
11992672,2022-07-15,,
11992902,2022-07-15,,
11994232,2022-07-15,,
11994463,2022-07-15,,
11994767,2022-07-15,,
11995389,2022-07-15,,
11996379,2022-07-15,,
11996492,2022-07-15,,
11998638,2022-07-16,,
12001597,2022-07-16,,
12002030,2022-07-16,,
12002746,2022-07-16,,
12002927,2022-07-16,,
12003362,2022-07-16,,
12003465,2022-07-16,,
12004042,2022-07-16,,
12004098,2022-07-16,,
12004735,2022-07-16,,
12005192,2022-07-16,,
12005270,2022-07-16,,
12005522,2022-07-17,,
12005535,2022-07-17,,
12008652,2022-07-17,,
12009040,2022-07-17,,
12009093,2022-07-17,,
12009279,2022-07-17,,
12009317,2022-07-17,,
12009926,2022-07-17,,
12010234,2022-07-17,,
12011066,2022-07-17,,
12012217,2022-07-17,,
12012431,2022-07-17,,
12012770,2022-07-17,,
12012816,2022-07-18,,
12012832,2022-07-18,,
12012839,2022-07-18,,
12013083,2022-07-18,,
12013415,2022-07-18,,
12014107,2022-07-18,,
12017199,2022-07-18,,
12017479,2022-07-18,,
12018156,2022-07-18,,
12019439,2022-07-18,,
12020999,2022-07-18,,
12022580,2022-07-18,,
12023292,2022-07-18,,
12024098,2022-07-18,,
12024176,2022-07-18,,
12024628,2022-07-18,,
12026233,2022-07-19,,
12034775,2022-07-19,,
12035890,2022-07-19,,
12036594,2022-07-19,,
12036791,2022-07-19,,
12036918,2022-07-19,,
12037056,2022-07-19,,
12037181,2022-07-19,,
12037832,2022-07-19,,
12038325,2022-07-19,,
12039543,2022-07-19,,
12040086,2022-07-19,,
12040305,2022-07-20,,
12040416,2022-07-20,,
12040453,2022-07-20,,
12040811,2022-07-20,,
12042140,2022-07-20,,
12048123,2022-07-20,,
12050899,2022-07-20,,
12052126,2022-07-20,,
12054417,2022-07-20,,
12054746,2022-07-20,,
12054912,2022-07-20,,
12055588,2022-07-20,,
12055948,2022-07-20,,
12056078,2022-07-20,,
12057033,2022-07-20,,
12057844,2022-07-21,,
12058352,2022-07-21,,
12061661,2022-07-21,,
12064287,2022-07-21,,
12067552,2022-07-21,,
12070637,2022-07-21,,
12073721,2022-07-21,,
12074310,2022-07-22,,
12074320,2022-07-22,,
12080721,2022-07-22,,
12082098,2022-07-22,,
12083145,2022-07-22,,
12085137,2022-07-22,,
12085347,2022-07-22,,
12085770,2022-07-22,,
12087311,2022-07-22,,
12087798,2022-07-23,,
12093406,2022-07-23,,
12094096,2022-07-23,,
12094465,2022-07-23,,
12094911,2022-07-23,,
12097175,2022-07-24,,
12100061,2022-07-24,,
12100207,2022-07-24,,
12101800,2022-07-24,,
12102081,2022-07-24,,
12102238,2022-07-24,,
12103382,2022-07-24,,
12103668,2022-07-24,,
12104170,2022-07-24,,
12105390,2022-07-25,,
12105785,2022-07-25,,
12106515,2022-07-25,,
12106844,2022-07-25,,
12107427,2022-07-25,,
12108108,2022-07-25,,
12110628,2022-07-25,,
12112356,2022-07-25,,
12112817,2022-07-25,,
12114107,2022-07-25,,
12115602,2022-07-25,,
12115970,2022-07-25,,
12117366,2022-07-25,,
12118072,2022-07-25,,
12119928,2022-07-26,,
12120356,2022-07-26,,
12120726,2022-07-26,,
12121213,2022-07-26,,
12121737,2022-07-26,,
12121879,2022-07-26,,
12123855,2022-07-26,,
12127092,2022-07-26,,
12128634,2022-07-26,,
12129263,2022-07-26,,
12131916,2022-07-26,,
12132043,2022-07-26,,
12132165,2022-07-26,,
12132518,2022-07-26,,
12132879,2022-07-26,,
12133116,2022-07-26,,
12133553,2022-07-26,,
12133893,2022-07-26,,
12134288,2022-07-26,,
12134319,2022-07-27,,
12134809,2022-07-27,,
12135573,2022-07-27,,
12135909,2022-07-27,,
12140880,2022-07-27,,
12145081,2022-07-27,,
12148287,2022-07-27,,
12150493,2022-07-28,,
12150907,2022-07-28,,
12151516,2022-07-28,,
12152344,2022-07-28,,
12156043,2022-07-28,,
12156940,2022-07-28,,
12158290,2022-07-28,,
12158693,2022-07-28,,
12160052,2022-07-28,,
12164873,2022-07-28,,
12164953,2022-07-28,,
12165016,2022-07-28,,
12171457,2022-07-29,,
12177114,2022-07-29,,
12178136,2022-07-29,,
12178390,2022-07-29,,
12181598,2022-07-29,,
12181851,2022-07-29,,
12183610,2022-07-29,,
12183889,2022-07-30,,
12184459,2022-07-30,,
12185082,2022-07-30,,
12185219,2022-07-30,,
12191277,2022-07-30,,
12191542,2022-07-30,,
12193128,2022-07-30,,
12193585,2022-07-30,,
12195083,2022-07-31,,
12196172,2022-07-31,,
12196390,2022-07-31,,
12196946,2022-07-31,,
12196984,2022-07-31,,
12198117,2022-07-31,,
12198338,2022-07-31,,
12203816,2022-07-31,,
12204639,2022-07-31,,
12205629,2022-08-01,,
12206247,2022-08-01,,
12206568,2022-08-01,,
12206796,2022-08-01,,
12207224,2022-08-01,,
12207483,2022-08-01,,
12207484,2022-08-01,,
12207820,2022-08-01,,
12207834,2022-08-01,,
12208737,2022-08-01,,
12214288,2022-08-01,,
12214617,2022-08-01,,
12215633,2022-08-01,,
12216584,2022-08-01,,
12217762,2022-08-01,,
12217849,2022-08-01,,
12218124,2022-08-01,,
12219340,2022-08-01,,
12220868,2022-08-01,,
12220892,2022-08-01,,
12220993,2022-08-02,,
12221290,2022-08-02,,
12221699,2022-08-02,,
12222049,2022-08-02,,
12223666,2022-08-02,,
12224565,2022-08-02,,
12224615,2022-08-02,,
12225236,2022-08-02,,
12227419,2022-08-02,,
12228888,2022-08-02,,
12229394,2022-08-02,,
12230641,2022-08-02,,
12230813,2022-08-02,,
12231259,2022-08-02,,
12231325,2022-08-02,,
12231402,2022-08-02,,
12231755,2022-08-02,,
12231901,2022-08-02,,
12231961,2022-08-02,,
12232385,2022-08-02,,
12233208,2022-08-02,,
12233678,2022-08-02,,
12233734,2022-08-02,,
12234598,2022-08-02,,
12234917,2022-08-02,,
12235576,2022-08-02,,
12236713,2022-08-03,,
12236937,2022-08-03,,
12237218,2022-08-03,,
12237549,2022-08-03,,
12237777,2022-08-03,,
12238172,2022-08-03,,
12238335,2022-08-03,,
12239085,2022-08-03,,
12239119,2022-08-03,,
12240546,2022-08-03,,
12241364,2022-08-03,,
12241601,2022-08-03,,
12242643,2022-08-03,,
12243227,2022-08-03,,
12243388,2022-08-03,,
12243779,2022-08-03,,
12243926,2022-08-03,,
12244067,2022-08-03,,
12245684,2022-08-03,,
12246380,2022-08-03,,
12247008,2022-08-03,,
12247123,2022-08-03,,
12247232,2022-08-03,,
12247412,2022-08-03,,
12247725,2022-08-03,,
12248123,2022-08-03,,
12248393,2022-08-03,,
12248635,2022-08-03,,
12248642,2022-08-03,,
12249100,2022-08-03,,
12249357,2022-08-03,,
12249420,2022-08-03,,
12249592,2022-08-03,,
12249793,2022-08-03,,
12249895,2022-08-04,,
12250565,2022-08-04,,
12251673,2022-08-04,,
12251911,2022-08-04,,
12254850,2022-08-04,,
12255179,2022-08-04,,
12257336,2022-08-04,,
12257396,2022-08-04,,
12257630,2022-08-04,,
12257704,2022-08-04,,
12257768,2022-08-04,,
12258273,2022-08-04,,
12258494,2022-08-04,,
12258955,2022-08-04,,
12259262,2022-08-04,,
12259718,2022-08-04,,
12259904,2022-08-04,,
12261081,2022-08-04,,
12261107,2022-08-04,,
12261161,2022-08-04,,
12261188,2022-08-04,,
12261707,2022-08-04,,
12262016,2022-08-04,,
12262076,2022-08-04,,
12262093,2022-08-04,,
12262382,2022-08-04,,
12262426,2022-08-04,,
12262883,2022-08-04,,
12263193,2022-08-04,,
12263354,2022-08-04,,
12263827,2022-08-04,,
12264033,2022-08-05,,
12264121,2022-08-05,,
12264188,2022-08-05,,
12264259,2022-08-05,,
12264289,2022-08-05,,
12264306,2022-08-05,,
12264657,2022-08-05,,
12264913,2022-08-05,,
12265226,2022-08-05,,
12265429,2022-08-05,,
12265494,2022-08-05,,
12265561,2022-08-05,,
12265589,2022-08-05,,
12265668,2022-08-05,,
12265696,2022-08-05,,
12265834,2022-08-05,,
12266308,2022-08-05,,
12267010,2022-08-05,,
12267375,2022-08-05,,
12270826,2022-08-05,,
12272892,2022-08-05,,
12273830,2022-08-05,,
12274038,2022-08-05,,
12274377,2022-08-05,,
12274530,2022-08-05,,
12274796,2022-08-05,,
12274877,2022-08-05,,
12275446,2022-08-05,,
12275555,2022-08-05,,
12275712,2022-08-05,,
12276318,2022-08-05,,
12276324,2022-08-05,,
12276379,2022-08-05,,
12276386,2022-08-05,,
12276815,2022-08-05,,
12276817,2022-08-05,,
12277538,2022-08-06,,
12279110,2022-08-06,,
12285437,2022-08-06,,
12285537,2022-08-06,,
12285893,2022-08-06,,
12286571,2022-08-07,,
12286649,2022-08-07,,
12290488,2022-08-07,,
12291259,2022-08-07,,
12294057,2022-08-07,,
12298259,2022-08-08,,
12298916,2022-08-08,,
12300571,2022-08-08,,
12302139,2022-08-08,,
12302181,2022-08-08,,
12302710,2022-08-08,,
12303767,2022-08-08,,
12304591,2022-08-08,,
12306635,2022-08-08,,
12306766,2022-08-08,,
12307136,2022-08-08,,
12307256,2022-08-08,,
12307964,2022-08-09,,
12308107,2022-08-09,,
12308634,2022-08-09,,
12308878,2022-08-09,,
12309416,2022-08-09,,
12309972,2022-08-09,,
12310769,2022-08-09,,
12311164,2022-08-09,,
12315427,2022-08-09,,
12316063,2022-08-09,,
12319311,2022-08-09,,
12319593,2022-08-09,,
12320131,2022-08-09,,
12320629,2022-08-09,,
12321168,2022-08-10,,
12321813,2022-08-10,,
12322152,2022-08-10,,
12322773,2022-08-10,,
12325375,2022-08-10,,
12325413,2022-08-10,,
12327255,2022-08-10,,
12329670,2022-08-10,,
12331713,2022-08-10,,
12331778,2022-08-10,,
12332081,2022-08-10,,
12332703,2022-08-10,,
12333514,2022-08-10,,
12334066,2022-08-10,,
12335066,2022-08-11,,
12336023,2022-08-11,,
12336237,2022-08-11,,
12338637,2022-08-11,,
12338852,2022-08-11,,
12340865,2022-08-11,,
12341157,2022-08-11,,
12341273,2022-08-11,,
12342466,2022-08-11,,
12343588,2022-08-11,,
12344355,2022-08-11,,
12344412,2022-08-11,,
12344446,2022-08-11,,
12344626,2022-08-11,,
12344938,2022-08-11,,
12345135,2022-08-11,,
12345455,2022-08-11,,
12346496,2022-08-12,,
12350689,2022-08-12,,
12350693,2022-08-12,,
12352391,2022-08-12,,
12353745,2022-08-12,,
12353779,2022-08-12,,
12354602,2022-08-12,,
12355528,2022-08-12,,
12355579,2022-08-12,,
12355891,2022-08-12,,
12356465,2022-08-12,,
12356550,2022-08-12,,
12357403,2022-08-13,,
12357683,2022-08-13,,
12357839,2022-08-13,,
12357911,2022-08-13,,
12359570,2022-08-13,,
12360015,2022-08-13,,
12360548,2022-08-13,,
12360669,2022-08-13,,
12363484,2022-08-13,,
12363489,2022-08-13,,
12363518,2022-08-13,,
12363737,2022-08-13,,
12363910,2022-08-13,,
12364039,2022-08-13,,
12366165,2022-08-14,,
12366517,2022-08-14,,
12367498,2022-08-14,,
12368516,2022-08-14,,
12370363,2022-08-14,,
12370415,2022-08-14,,
12370946,2022-08-14,,
12371706,2022-08-14,,
12372270,2022-08-14,,
12372337,2022-08-14,,
12373375,2022-08-15,,
12373704,2022-08-15,,
12379265,2022-08-15,,
12379297,2022-08-15,,
12381963,2022-08-15,,
12383284,2022-08-15,,
12385326,2022-08-15,,
12385916,2022-08-16,,
12386479,2022-08-16,,
12386532,2022-08-16,,
12387096,2022-08-16,,
12395769,2022-08-16,,
12396153,2022-08-16,,
12396369,2022-08-16,,
12396828,2022-08-16,,
12397002,2022-08-16,,
12397057,2022-08-16,,
12397086,2022-08-16,,
12397222,2022-08-16,,
12397805,2022-08-16,,
12398094,2022-08-16,,
12398106,2022-08-16,,
12398609,2022-08-16,,
12399541,2022-08-17,,
12399886,2022-08-17,,
12400259,2022-08-17,,
12400354,2022-08-17,,
12400816,2022-08-17,,
12400860,2022-08-17,,
12401471,2022-08-17,,
12401706,2022-08-17,,
12402154,2022-08-17,,
12402406,2022-08-17,,
12408980,2022-08-17,,
12409495,2022-08-17,,
12409610,2022-08-17,,
12409697,2022-08-17,,
12410150,2022-08-17,,
12410488,2022-08-17,,
12411841,2022-08-17,,
12414032,2022-08-18,,
12414076,2022-08-18,,
12414495,2022-08-18,,
12414895,2022-08-18,,
12420387,2022-08-18,,
12420905,2022-08-18,,
12421776,2022-08-18,,
12421992,2022-08-18,,
12422318,2022-08-18,,
12422964,2022-08-18,,
12423489,2022-08-18,,
12423618,2022-08-18,,
12423882,2022-08-18,,
12425205,2022-08-18,,
12425306,2022-08-18,,
12425484,2022-08-18,,
12425611,2022-08-18,,
12427142,2022-08-19,,
12427744,2022-08-19,,
12427952,2022-08-19,,
12432032,2022-08-19,,
12432129,2022-08-19,,
12434565,2022-08-19,,
12434890,2022-08-19,,
12435993,2022-08-19,,
12437998,2022-08-19,,
12438929,2022-08-19,,
12438952,2022-08-19,,
12439792,2022-08-20,,
12439953,2022-08-20,,
12441570,2022-08-20,,
12442513,2022-08-20,,
12443876,2022-08-20,,
12446287,2022-08-20,,
12453288,2022-08-20,,
12454474,2022-08-20,,
12455555,2022-08-20,,
12457830,2022-08-21,,
12459591,2022-08-21,,
12461186,2022-08-21,,
12462969,2022-08-21,,
12463911,2022-08-21,,
12465817,2022-08-21,,
12465924,2022-08-21,,
12468938,2022-08-21,,
12471018,2022-08-21,,
12471075,2022-08-21,,
12472423,2022-08-22,,
12472888,2022-08-22,,
12475269,2022-08-22,,
12477590,2022-08-22,,
12478190,2022-08-22,,
12480826,2022-08-22,,
12482019,2022-08-22,,
12482907,2022-08-22,,
12483278,2022-08-22,,
12484622,2022-08-22,,
12489602,2022-08-23,,
12490706,2022-08-23,,
12491423,2022-08-23,,
12491477,2022-08-23,,
12492930,2022-08-23,,
12497556,2022-08-23,,
12498213,2022-08-23,,
12499380,2022-08-23,,
12501951,2022-08-23,,
12502208,2022-08-23,,
12502866,2022-08-23,,
12503143,2022-08-23,,
12503443,2022-08-23,,
12503614,2022-08-23,,
12503840,2022-08-23,,
12505536,2022-08-24,,
12505690,2022-08-24,,
12507003,2022-08-24,,
12510241,2022-08-24,,
12512941,2022-08-24,,
12515131,2022-08-24,,
12515330,2022-08-24,,
12515531,2022-08-24,,
12515985,2022-08-24,,
12516790,2022-08-24,,
12518381,2022-08-24,,
12518407,2022-08-24,,
12520767,2022-08-25,,
12521263,2022-08-25,,
12523211,2022-08-25,,
12523611,2022-08-25,,
12524900,2022-08-25,,
12527714,2022-08-25,,
12529037,2022-08-25,,
12531243,2022-08-25,,
12531372,2022-08-25,,
12532522,2022-08-25,,
12534422,2022-08-25,,
12534930,2022-08-25,,
12535032,2022-08-26,,
12535111,2022-08-26,,
12535174,2022-08-26,,
12535298,2022-08-26,,
12535310,2022-08-26,,
12535726,2022-08-26,,
12537964,2022-08-26,,
12539978,2022-08-26,,
12540168,2022-08-26,,
12542306,2022-08-26,,
12544409,2022-08-26,,
12545138,2022-08-26,,
12545326,2022-08-26,,
12547190,2022-08-26,,
12547303,2022-08-26,,
12548859,2022-08-26,,
12548964,2022-08-26,,
12557014,2022-08-27,,
12557787,2022-08-27,,
12558078,2022-08-27,,
12558098,2022-08-27,,
12560056,2022-08-28,,
12560855,2022-08-28,,
12562436,2022-08-28,,
12564331,2022-08-28,,
12564982,2022-08-28,,
12567247,2022-08-28,,
12569048,2022-08-29,,
12569293,2022-08-29,,
12572483,2022-08-29,,
12573134,2022-08-29,,
12577683,2022-08-29,,
12578734,2022-08-29,,
12580102,2022-08-29,,
12581304,2022-08-29,,
12582122,2022-08-29,,
12582172,2022-08-29,,
12583063,2022-08-30,,
12583473,2022-08-30,,
12584055,2022-08-30,,
12584294,2022-08-30,,
12584548,2022-08-30,,
12585718,2022-08-30,,
12587303,2022-08-30,,
12590755,2022-08-30,,
12593137,2022-08-30,,
12593216,2022-08-30,,
12593391,2022-08-30,,
12596986,2022-08-30,,
12597094,2022-08-30,,
12599035,2022-08-31,,
12599472,2022-08-31,,
12599922,2022-08-31,,
12600959,2022-08-31,,
12604514,2022-08-31,,
12605367,2022-08-31,,
12605388,2022-08-31,,
12605538,2022-08-31,,
12605582,2022-08-31,,
12605840,2022-08-31,,
12608042,2022-08-31,,
12608090,2022-08-31,,
12608630,2022-08-31,,
12609209,2022-08-31,,
12611617,2022-08-31,,
12611739,2022-08-31,,
12612094,2022-08-31,,
12614312,2022-09-01,,
12614952,2022-09-01,,
12615126,2022-09-01,,
12615528,2022-09-01,,
12616534,2022-09-01,,
12616825,2022-09-01,,
12620173,2022-09-01,,
12621321,2022-09-01,,
12625317,2022-09-01,,
12625801,2022-09-01,,
12626865,2022-09-01,,
12628214,2022-09-01,,
12629091,2022-09-01,,
12629864,2022-09-01,,
12629961,2022-09-01,,
12630815,2022-09-01,,
12631636,2022-09-01,,
12631821,2022-09-01,,
12632808,2022-09-01,,
12633932,2022-09-02,,
12634439,2022-09-02,,
12634860,2022-09-02,,
12635223,2022-09-02,,
12642068,2022-09-02,,
12642083,2022-09-02,,
12643263,2022-09-02,,
12644107,2022-09-02,,
12644490,2022-09-02,,
12644771,2022-09-02,,
12644987,2022-09-02,,
12646401,2022-09-02,,
12647289,2022-09-02,,
12647643,2022-09-02,,
12647689,2022-09-02,,
12648148,2022-09-02,,
12648703,2022-09-03,,
12648879,2022-09-03,,
12648911,2022-09-03,,
12649093,2022-09-03,,
12649200,2022-09-03,,
12649314,2022-09-03,,
12651233,2022-09-03,,
12652607,2022-09-03,,
12652734,2022-09-03,,
12654938,2022-09-03,,
12655390,2022-09-03,,
12655631,2022-09-03,,
12655994,2022-09-03,,
12656377,2022-09-03,,
12657687,2022-09-03,,
12657892,2022-09-03,,
12658139,2022-09-03,,
12658947,2022-09-03,,
12659013,2022-09-03,,
12659279,2022-09-04,,
12659450,2022-09-04,,
12659458,2022-09-04,,
12659581,2022-09-04,,
12659620,2022-09-04,,
12659758,2022-09-04,,
12659861,2022-09-04,,
12660231,2022-09-04,,
12660277,2022-09-04,,
12660535,2022-09-04,,
12660667,2022-09-04,,
12661058,2022-09-04,,
12661127,2022-09-04,,
12661394,2022-09-04,,
12661773,2022-09-04,,
12664011,2022-09-04,,
12664552,2022-09-04,,
12664678,2022-09-04,,
12664905,2022-09-04,,
12665255,2022-09-04,,
12665568,2022-09-04,,
12665775,2022-09-04,,
12665789,2022-09-04,,
12666646,2022-09-04,,
12666882,2022-09-04,,
12667935,2022-09-04,,
12668087,2022-09-04,,
12668122,2022-09-04,,
12668279,2022-09-04,,
12668300,2022-09-04,,
12668581,2022-09-04,,
12669153,2022-09-05,,
12669480,2022-09-05,,
12669486,2022-09-05,,
12669535,2022-09-05,,
12669557,2022-09-05,,
12669587,2022-09-05,,
12669956,2022-09-05,,
12669997,2022-09-05,,
12670090,2022-09-05,,
12670094,2022-09-05,,
12670336,2022-09-05,,
12677371,2022-09-05,,
12677690,2022-09-05,,
12678216,2022-09-05,,
12678687,2022-09-05,,
12678757,2022-09-05,,
12679199,2022-09-05,,
12679229,2022-09-05,,
12679397,2022-09-05,,
12680215,2022-09-05,,
12680759,2022-09-05,,
12681097,2022-09-05,,
12681247,2022-09-05,,
12682001,2022-09-05,,
12682818,2022-09-06,,
12683080,2022-09-06,,
12685451,2022-09-06,,
12689001,2022-09-06,,
12692405,2022-09-06,,
12692783,2022-09-06,,
12693994,2022-09-06,,
12695212,2022-09-06,,
12695409,2022-09-06,,
12697709,2022-09-06,,
12697919,2022-09-06,,
12698182,2022-09-06,,
12699035,2022-09-07,,
12699684,2022-09-07,,
12699871,2022-09-07,,
12700339,2022-09-07,,
12700345,2022-09-07,,
12705226,2022-09-07,,
12705348,2022-09-07,,
12706511,2022-09-07,,
12708919,2022-09-07,,
12712043,2022-09-07,,
12712993,2022-09-07,,
12713387,2022-09-07,,
12714256,2022-09-08,,
12715358,2022-09-08,,
12716466,2022-09-08,,
12723602,2022-09-08,,
12726916,2022-09-08,,
12727065,2022-09-08,,
12727430,2022-09-08,,
12727766,2022-09-08,,
12728001,2022-09-08,,
12728156,2022-09-08,,
12728384,2022-09-08,,
12729344,2022-09-08,,
12730132,2022-09-09,,
12733555,2022-09-09,,
12733759,2022-09-09,,
12736356,2022-09-09,,
12738708,2022-09-09,,
12738807,2022-09-09,,
12739495,2022-09-09,,
12740044,2022-09-09,,
12740064,2022-09-09,,
12740990,2022-09-09,,
12741140,2022-09-09,,
12741367,2022-09-09,,
12742440,2022-09-09,,
12743296,2022-09-09,,
12743828,2022-09-10,,
12750417,2022-09-10,,
12752890,2022-09-10,,
12752896,2022-09-10,,
12753104,2022-09-10,,
12753253,2022-09-10,,
12753468,2022-09-10,,
12753878,2022-09-10,,
12754239,2022-09-11,,
12754579,2022-09-11,,
12755226,2022-09-11,,
12756250,2022-09-11,,
12758170,2022-09-11,,
12758927,2022-09-11,,
12759076,2022-09-11,,
12759267,2022-09-11,,
12760375,2022-09-11,,
12761259,2022-09-11,,
12762120,2022-09-11,,
12763664,2022-09-12,,
12764191,2022-09-12,,
12772777,2022-09-12,,
12773928,2022-09-12,,
12774287,2022-09-12,,
12774395,2022-09-12,,
12775009,2022-09-12,,
12775084,2022-09-12,,
12775159,2022-09-12,,
12777574,2022-09-12,,
12781912,2022-09-13,,
12786305,2022-09-13,,
12786999,2022-09-13,,
12787833,2022-09-13,,
12788373,2022-09-13,,
12789543,2022-09-13,,
12790510,2022-09-13,,
12791956,2022-09-13,,
12792841,2022-09-13,,
12792991,2022-09-13,,
12793118,2022-09-13,,
12793411,2022-09-13,,
12793591,2022-09-13,,
12794954,2022-09-14,,
12794978,2022-09-14,,
12794996,2022-09-14,,
12796205,2022-09-14,,
12796826,2022-09-14,,
12798771,2022-09-14,,
12804135,2022-09-14,,
12805508,2022-09-14,,
12805852,2022-09-14,,
12806690,2022-09-14,,
12806715,2022-09-14,,
12808662,2022-09-14,,
12809714,2022-09-15,,
12810168,2022-09-15,,
12810352,2022-09-15,,
12811360,2022-09-15,,
12811376,2022-09-15,,
12816521,2022-09-15,,
12818740,2022-09-15,,
12818916,2022-09-15,,
12819249,2022-09-15,,
12819485,2022-09-15,,
12819613,2022-09-15,,
12820901,2022-09-15,,
12822172,2022-09-15,,
12822297,2022-09-15,,
12823336,2022-09-15,,
12824932,2022-09-15,,
12825342,2022-09-15,,
12825554,2022-09-15,,
12826096,2022-09-15,,
12826310,2022-09-15,,
12826656,2022-09-15,,
12826722,2022-09-15,,
12826835,2022-09-15,,
12827002,2022-09-16,,
12828370,2022-09-16,,
12833434,2022-09-16,,
12833962,2022-09-16,,
12834417,2022-09-16,,
12837929,2022-09-16,,
12838755,2022-09-16,,
12838880,2022-09-16,,
12840015,2022-09-16,,
12840184,2022-09-16,,
12840824,2022-09-16,,
12841087,2022-09-16,,
12841164,2022-09-16,,
12841465,2022-09-16,,
12842579,2022-09-17,,
12842742,2022-09-17,,
12843061,2022-09-17,,
12843255,2022-09-17,,
12845938,2022-09-17,,
12848042,2022-09-17,,
12849153,2022-09-17,,
12850269,2022-09-17,,
12850776,2022-09-17,,
12850843,2022-09-17,,
12851348,2022-09-17,,
12852644,2022-09-17,,
12852676,2022-09-17,,
12853024,2022-09-18,,
12853056,2022-09-18,,
12855896,2022-09-18,,
12856480,2022-09-18,,
12860859,2022-09-18,,
12861738,2022-09-18,,
12862954,2022-09-19,,
12864343,2022-09-19,,
12864725,2022-09-19,,
12869128,2022-09-19,,
12871269,2022-09-19,,
12871630,2022-09-19,,
12871682,2022-09-19,,
12872429,2022-09-19,,
12873106,2022-09-19,,
12873534,2022-09-19,,
12875116,2022-09-19,,
12876566,2022-09-19,,
12876695,2022-09-19,,
12877341,2022-09-19,,
12877680,2022-09-20,,
12878434,2022-09-20,,
12878441,2022-09-20,,
12879095,2022-09-20,,
12880730,2022-09-20,,
12881451,2022-09-20,,
12882789,2022-09-20,,
12883661,2022-09-20,,
12886728,2022-09-20,,
12886866,2022-09-20,,
12888510,2022-09-20,,
12889133,2022-09-20,,
12890018,2022-09-20,,
12890400,2022-09-20,,
12891775,2022-09-20,,
12892178,2022-09-20,,
12892486,2022-09-20,,
12893092,2022-09-20,,
12893648,2022-09-20,,
12893769,2022-09-21,,
12893833,2022-09-21,,
12894218,2022-09-21,,
12895677,2022-09-21,,
12895684,2022-09-21,,
12897020,2022-09-21,,
12902218,2022-09-21,,
12904235,2022-09-21,,
12904602,2022-09-21,,
12905432,2022-09-21,,
12905995,2022-09-21,,
12906199,2022-09-21,,
12907353,2022-09-21,,
12908359,2022-09-21,,
12909395,2022-09-21,,
12911008,2022-09-22,,
12912188,2022-09-22,,
12913694,2022-09-22,,
12922699,2022-09-22,,
12924465,2022-09-22,,
12924951,2022-09-22,,
12924954,2022-09-22,,
12928395,2022-09-23,,
12928796,2022-09-23,,
12930407,2022-09-23,,
12934664,2022-09-23,,
12936947,2022-09-23,,
12937258,2022-09-23,,
12938353,2022-09-23,,
12939112,2022-09-23,,
12942187,2022-09-24,,
12944170,2022-09-24,,
12944568,2022-09-24,,
12944681,2022-09-24,,
12948115,2022-09-24,,
12948360,2022-09-24,,
12949620,2022-09-24,,
12949672,2022-09-24,,
12950069,2022-09-25,,
12950292,2022-09-25,,
12950447,2022-09-25,,
12951285,2022-09-25,,
12952905,2022-09-25,,
12954212,2022-09-25,,
12956155,2022-09-25,,
12958070,2022-09-25,,
12959423,2022-09-26,,
12963194,2022-09-26,,
12969610,2022-09-26,,
12970591,2022-09-26,,
12973152,2022-09-26,,
12976601,2022-09-27,,
12977145,2022-09-27,,
12977869,2022-09-27,,
12977931,2022-09-27,,
12978458,2022-09-27,,
12980117,2022-09-27,,
12981221,2022-09-27,,
12983321,2022-09-27,,
12986922,2022-09-27,,
12987013,2022-09-27,,
12987741,2022-09-27,,
12988591,2022-09-27,,
12988680,2022-09-27,,
12988949,2022-09-27,,
12989115,2022-09-27,,
12989604,2022-09-27,,
12989923,2022-09-27,,
12990058,2022-09-27,,
12990412,2022-09-27,,
12992287,2022-09-28,,
12993132,2022-09-28,,
12993931,2022-09-28,,
12998864,2022-09-28,,
12999359,2022-09-28,,
13000198,2022-09-28,,
13000263,2022-09-28,,
13001932,2022-09-28,,
13004229,2022-09-28,,
13006396,2022-09-28,,
13008707,2022-09-29,,
13009734,2022-09-29,,
13009804,2022-09-29,,
13010106,2022-09-29,,
13010653,2022-09-29,,
13010837,2022-09-29,,
13017049,2022-09-29,,
13017887,2022-09-29,,
13019085,2022-09-29,,
13020558,2022-09-29,,
13020955,2022-09-29,,
13021415,2022-09-29,,
13022949,2022-09-29,,
13023281,2022-09-29,,
13027078,2022-09-30,,
13029776,2022-09-30,,
13032088,2022-09-30,,
13034466,2022-09-30,,
13040595,2022-09-30,,
13040735,2022-09-30,,
13041048,2022-09-30,,
13041846,2022-09-30,,
13042173,2022-10-01,,
13042361,2022-10-01,,
13042494,2022-10-01,,
13043061,2022-10-01,,
13044122,2022-10-01,,
13044560,2022-10-01,,
13045943,2022-10-01,,
13048313,2022-10-01,,
13049378,2022-10-01,,
13051887,2022-10-01,,
13052071,2022-10-01,,
13052369,2022-10-01,,
13053636,2022-10-01,,
13054876,2022-10-02,,
13055811,2022-10-02,,
13056602,2022-10-02,,
13057025,2022-10-02,,
13061067,2022-10-02,,
13061780,2022-10-02,,
13061993,2022-10-02,,
13062403,2022-10-02,,
13063210,2022-10-02,,
13064480,2022-10-02,,
13064944,2022-10-02,,
13064955,2022-10-02,,
13064981,2022-10-02,,
13065452,2022-10-03,,
13066315,2022-10-03,,
13067473,2022-10-03,,
13067761,2022-10-03,,
13073243,2022-10-03,,
13074607,2022-10-03,,
13074862,2022-10-03,,
13075554,2022-10-03,,
13075891,2022-10-03,,
13075984,2022-10-03,,
13076304,2022-10-03,,
13077257,2022-10-03,,
13080259,2022-10-03,,
13080287,2022-10-03,,
13080536,2022-10-03,,
13082014,2022-10-03,,
13082128,2022-10-04,,
13082948,2022-10-04,,
13083265,2022-10-04,,
13083654,2022-10-04,,
13083676,2022-10-04,,
13083692,2022-10-04,,
13083884,2022-10-04,,
13084187,2022-10-04,,
13085191,2022-10-04,,
13086938,2022-10-04,,
13087441,2022-10-04,,
13088251,2022-10-04,,
13089145,2022-10-04,,
13089180,2022-10-04,,
13091259,2022-10-04,,
13091280,2022-10-04,,
13091299,2022-10-04,,
13091348,2022-10-04,,
13091519,2022-10-04,,
13092052,2022-10-04,,
13092746,2022-10-04,,
13092771,2022-10-04,,
13093242,2022-10-04,,
13093261,2022-10-04,,
13093463,2022-10-04,,
13093826,2022-10-04,,
13093882,2022-10-04,,
13094619,2022-10-04,,
13094973,2022-10-04,,
13095892,2022-10-04,,
13096517,2022-10-04,,
13096873,2022-10-04,,
13097051,2022-10-04,,
13097966,2022-10-04,,
13098163,2022-10-04,,
13098239,2022-10-04,,
13098751,2022-10-04,,
13098887,2022-10-04,,
13099026,2022-10-04,,
13099248,2022-10-05,,
13099431,2022-10-05,,
13099690,2022-10-05,,
13100046,2022-10-05,,
13100199,2022-10-05,,
13100278,2022-10-05,,
13100309,2022-10-05,,
13100354,2022-10-05,,
13100812,2022-10-05,,
13100818,2022-10-05,,
13101128,2022-10-05,,
13101147,2022-10-05,,
13101160,2022-10-05,,
13101322,2022-10-05,,
13101374,2022-10-05,,
13101385,2022-10-05,,
13101466,2022-10-05,,
13101657,2022-10-05,,
13101733,2022-10-05,,
13102873,2022-10-05,,
13103194,2022-10-05,,
13106868,2022-10-05,,
13108487,2022-10-05,,
13109893,2022-10-05,,
13111007,2022-10-05,,
13111318,2022-10-05,,
13111351,2022-10-05,,
13111600,2022-10-05,,
13111866,2022-10-05,,
13114492,2022-10-05,,
13114887,2022-10-06,,
13115123,2022-10-06,,
13116146,2022-10-06,,
13118071,2022-10-06,,
13123934,2022-10-06,,
13124019,2022-10-06,,
13127756,2022-10-06,,
13128556,2022-10-06,,
13128959,2022-10-06,,
13129172,2022-10-06,,
13130114,2022-10-06,,
13130205,2022-10-06,,
13130321,2022-10-06,,
13131141,2022-10-06,,
13131249,2022-10-07,,
13132063,2022-10-07,,
13132589,2022-10-07,,
13133622,2022-10-07,,
13134278,2022-10-07,,
13136683,2022-10-07,,
13138742,2022-10-07,,
13139717,2022-10-07,,
13140435,2022-10-07,,
13140500,2022-10-07,,
13140597,2022-10-07,,
13140952,2022-10-07,,
13142545,2022-10-07,,
13142947,2022-10-07,,
13143119,2022-10-07,,
13143537,2022-10-07,,
13143849,2022-10-07,,
13144552,2022-10-07,,
13144670,2022-10-07,,
13145469,2022-10-07,,
13145993,2022-10-08,,
13146451,2022-10-08,,
13146868,2022-10-08,,
13147715,2022-10-08,,
13152001,2022-10-08,,
13152616,2022-10-08,,
13153803,2022-10-08,,
13156373,2022-10-09,,
13156555,2022-10-09,,
13156949,2022-10-09,,
13157205,2022-10-09,,
13157302,2022-10-09,,
13158491,2022-10-09,,
13160983,2022-10-09,,
13161492,2022-10-09,,
13162264,2022-10-09,,
13162586,2022-10-09,,
13163269,2022-10-09,,
13163708,2022-10-09,,
13164432,2022-10-09,,
13165120,2022-10-09,,
13165567,2022-10-10,,
13166749,2022-10-10,,
13166838,2022-10-10,,
13170230,2022-10-10,,
13174600,2022-10-10,,
13175235,2022-10-10,,
13175920,2022-10-10,,
13177603,2022-10-10,,
13177933,2022-10-10,,
13179813,2022-10-10,,
13180617,2022-10-11,,
13181163,2022-10-11,,
13182355,2022-10-11,,
13186568,2022-10-11,,
13188090,2022-10-11,,
13188366,2022-10-11,,
13190516,2022-10-11,,
13190749,2022-10-11,,
13191063,2022-10-11,,
13191651,2022-10-11,,
13193662,2022-10-11,,
13194630,2022-10-11,,
13194760,2022-10-11,,
13197221,2022-10-12,,
13197255,2022-10-12,,
13197322,2022-10-12,,
13197667,2022-10-12,,
13198374,2022-10-12,,
13198417,2022-10-12,,
13199394,2022-10-12,,
13202724,2022-10-12,,
13204870,2022-10-12,,
13210613,2022-10-12,,
13211238,2022-10-12,,
13211414,2022-10-12,,
13213299,2022-10-13,,
13213500,2022-10-13,,
13216997,2022-10-13,,
13219670,2022-10-13,,
13220059,2022-10-13,,
13221904,2022-10-13,,
13224047,2022-10-13,,
13224115,2022-10-13,,
13224574,2022-10-13,,
13224737,2022-10-13,,
13225533,2022-10-13,,
13226573,2022-10-13,,
13227487,2022-10-14,,
13227870,2022-10-14,,
13228002,2022-10-14,,
13228047,2022-10-14,,
13228624,2022-10-14,,
13234615,2022-10-14,,
13235696,2022-10-14,,
13242115,2022-10-15,,
13247240,2022-10-15,,
13247469,2022-10-15,,
13247484,2022-10-15,,
13247622,2022-10-15,,
13249126,2022-10-15,,
13249913,2022-10-15,,
13253699,2022-10-16,,
13254027,2022-10-16,,
13255574,2022-10-16,,
13257431,2022-10-16,,
13258271,2022-10-16,,
13258587,2022-10-16,,
13259348,2022-10-16,,
13259946,2022-10-16,,
13261399,2022-10-16,,
13261488,2022-10-16,,
13262524,2022-10-17,,
13264889,2022-10-17,,
13265445,2022-10-17,,
13268279,2022-10-17,,
13270757,2022-10-17,,
13271608,2022-10-17,,
13273194,2022-10-17,,
13275365,2022-10-17,,
13275525,2022-10-17,,
13276402,2022-10-17,,
13276795,2022-10-17,,
13278108,2022-10-18,,
13278844,2022-10-18,,
13279560,2022-10-18,,
13279825,2022-10-18,,
13281211,2022-10-18,,
13284004,2022-10-18,,
13285831,2022-10-18,,
13285858,2022-10-18,,
13288773,2022-10-18,,
13291090,2022-10-18,,
13291250,2022-10-18,,
13291652,2022-10-18,,
13292120,2022-10-18,,
13292559,2022-10-18,,
13294749,2022-10-19,,
13296584,2022-10-19,,
13303359,2022-10-19,,
13303543,2022-10-19,,
13305478,2022-10-19,,
13307140,2022-10-19,,
13310074,2022-10-19,,
13310435,2022-10-19,,
13310469,2022-10-19,,
13310834,2022-10-19,,
13311004,2022-10-19,,
13311013,2022-10-19,,
13311839,2022-10-20,,
13312144,2022-10-20,,
13312166,2022-10-20,,
13312676,2022-10-20,,
13321648,2022-10-20,,
13321921,2022-10-20,,
13323024,2022-10-20,,
13325006,2022-10-20,,
13325409,2022-10-20,,
13325449,2022-10-20,,
13328412,2022-10-21,,
13328528,2022-10-21,,
13328948,2022-10-21,,
13337213,2022-10-21,,
13338640,2022-10-21,,
13339372,2022-10-21,,
13340486,2022-10-21,,
13343565,2022-10-22,,
13343621,2022-10-22,,
13344253,2022-10-22,,
13346618,2022-10-22,,
13348233,2022-10-22,,
13348823,2022-10-22,,
13349321,2022-10-22,,
13349805,2022-10-22,,
13350047,2022-10-22,,
13350521,2022-10-22,,
13351420,2022-10-22,,
13352254,2022-10-23,,
13352496,2022-10-23,,
13353506,2022-10-23,,
13355187,2022-10-23,,
13355383,2022-10-23,,
13356896,2022-10-23,,
13359696,2022-10-23,,
13360392,2022-10-24,,
13360395,2022-10-24,,
13361370,2022-10-24,,
13361985,2022-10-24,,
13362248,2022-10-24,,
13365151,2022-10-24,,
13369337,2022-10-24,,
13369812,2022-10-24,,
13369952,2022-10-24,,
13370381,2022-10-24,,
13370536,2022-10-24,,
13370857,2022-10-24,,
13371803,2022-10-24,,
13372268,2022-10-24,,
13374918,2022-10-25,,
13375560,2022-10-25,,
13376936,2022-10-25,,
13381929,2022-10-25,,
13382256,2022-10-25,,
13382727,2022-10-25,,
13383222,2022-10-25,,
13383323,2022-10-25,,
13385918,2022-10-25,,
13386425,2022-10-25,,
13386505,2022-10-25,,
13388049,2022-10-26,,
13388344,2022-10-26,,
13393518,2022-10-26,,
13394222,2022-10-26,,
13395241,2022-10-26,,
13395266,2022-10-26,,
13395970,2022-10-26,,
13396367,2022-10-26,,
13397707,2022-10-26,,
13399244,2022-10-26,,
13399370,2022-10-26,,
13402281,2022-10-27,,
13402481,2022-10-27,,
13404774,2022-10-27,,
13405614,2022-10-27,,
13407651,2022-10-27,,
13409713,2022-10-27,,
13410692,2022-10-27,,
13411540,2022-10-27,,
13411695,2022-10-27,,
13411733,2022-10-27,,
13411765,2022-10-27,,
13411899,2022-10-27,,
13414972,2022-10-27,,
13415777,2022-10-27,,
13415897,2022-10-27,,
13416914,2022-10-28,,
13416949,2022-10-28,,
13417113,2022-10-28,,
13419841,2022-10-28,,
13421514,2022-10-28,,
13423818,2022-10-28,,
13426258,2022-10-28,,
13426999,2022-10-28,,
13428614,2022-10-28,,
13428636,2022-10-28,,
13428844,2022-10-28,,
13428856,2022-10-28,,
13429460,2022-10-28,,
13430202,2022-10-28,,
13431290,2022-10-29,,
13431455,2022-10-29,,
13435370,2022-10-29,,
13436126,2022-10-29,,
13438320,2022-10-29,,
13438397,2022-10-29,,
13441893,2022-10-30,,
13442006,2022-10-30,,
13443262,2022-10-30,,
13447140,2022-10-30,,
13448155,2022-10-30,,
13448509,2022-10-30,,
13448993,2022-10-30,,
13449412,2022-10-30,,
13450239,2022-10-30,,
13450472,2022-10-31,,
13450568,2022-10-31,,
13451156,2022-10-31,,
13451465,2022-10-31,,
13451995,2022-10-31,,
13452115,2022-10-31,,
13459341,2022-10-31,,
13459492,2022-10-31,,
13459513,2022-10-31,,
13459992,2022-10-31,,
13460867,2022-10-31,,
13463381,2022-10-31,,
13463549,2022-10-31,,
13465010,2022-10-31,,
13465233,2022-10-31,,
13465561,2022-10-31,,
13466541,2022-11-01,,
13473757,2022-11-01,,
13480366,2022-11-01,,
13480776,2022-11-01,,
13481230,2022-11-01,,
13481244,2022-11-01,,
13482433,2022-11-01,,
13482926,2022-11-02,,
13483502,2022-11-02,,
13483551,2022-11-02,,
13483671,2022-11-02,,
13483974,2022-11-02,,
13484165,2022-11-02,,
13493279,2022-11-02,,
13493403,2022-11-02,,
13493523,2022-11-02,,
13493705,2022-11-02,,
13494415,2022-11-02,,
13494860,2022-11-02,,
13495426,2022-11-02,,
13495747,2022-11-02,,
13495790,2022-11-02,,
13497531,2022-11-02,,
13497984,2022-11-02,,
13498429,2022-11-02,,
13501653,2022-11-03,,
13507915,2022-11-03,,
13507944,2022-11-03,,
13509871,2022-11-03,,
13510187,2022-11-03,,
13510692,2022-11-03,,
13511276,2022-11-03,,
13511376,2022-11-03,,
13511496,2022-11-03,,
13511831,2022-11-03,,
13512119,2022-11-03,,
13513666,2022-11-03,,
13513826,2022-11-03,,
13513871,2022-11-03,,
13513947,2022-11-03,,
13514700,2022-11-03,,
13514714,2022-11-03,,
13514803,2022-11-03,,
13515038,2022-11-03,,
13515244,2022-11-03,,
13515291,2022-11-03,,
13515395,2022-11-03,,
13515604,2022-11-03,,
13515987,2022-11-03,,
13516354,2022-11-04,,
13516382,2022-11-04,,
13516456,2022-11-04,,
13516878,2022-11-04,,
13517480,2022-11-04,,
13517648,2022-11-04,,
13518043,2022-11-04,,
13518189,2022-11-04,,
13518322,2022-11-04,,
13518558,2022-11-04,,
13518888,2022-11-04,,
13519070,2022-11-04,,
13525157,2022-11-04,,
13525302,2022-11-04,,
13525680,2022-11-04,,
13526013,2022-11-04,,
13526060,2022-11-04,,
13526892,2022-11-04,,
13527495,2022-11-04,,
13527650,2022-11-04,,
13527757,2022-11-04,,
13527840,2022-11-04,,
13527936,2022-11-04,,
13528263,2022-11-04,,
13528676,2022-11-04,,
13528712,2022-11-04,,
13528726,2022-11-04,,
13529225,2022-11-04,,
13529569,2022-11-04,,
13529853,2022-11-05,,
13530166,2022-11-05,,
13530192,2022-11-05,,
13530224,2022-11-05,,
13530900,2022-11-05,,
13530978,2022-11-05,,
13531051,2022-11-05,,
13531900,2022-11-05,,
13533599,2022-11-05,,
13534462,2022-11-05,,
13535698,2022-11-05,,
13536108,2022-11-05,,
13536932,2022-11-05,,
13537299,2022-11-05,,
13539724,2022-11-06,,
13540212,2022-11-06,,
13540281,2022-11-06,,
13540336,2022-11-06,,
13540602,2022-11-06,,
13540959,2022-11-06,,
13544657,2022-11-06,,
13544851,2022-11-06,,
13545810,2022-11-06,,
13545887,2022-11-06,,
13546272,2022-11-06,,
13546325,2022-11-06,,
13547145,2022-11-06,,
13547313,2022-11-06,,
13547643,2022-11-06,,
13548485,2022-11-06,,
13548547,2022-11-06,,
13548599,2022-11-06,,
13548801,2022-11-06,,
13549132,2022-11-07,,
13549387,2022-11-07,,
13549726,2022-11-07,,
13549754,2022-11-07,,
13553871,2022-11-07,,
13555769,2022-11-07,,
13556709,2022-11-07,,
13559633,2022-11-07,,
13560029,2022-11-07,,
13563817,2022-11-07,,
13565335,2022-11-08,,
13567934,2022-11-08,,
13569542,2022-11-08,,
13570910,2022-11-08,,
13571425,2022-11-08,,
13572876,2022-11-08,,
13573241,2022-11-08,,
13573532,2022-11-08,,
13573680,2022-11-08,,
13573765,2022-11-08,,
13575234,2022-11-08,,
13575758,2022-11-08,,
13577163,2022-11-08,,
13577498,2022-11-08,,
13577885,2022-11-08,,
13578004,2022-11-08,,
13578233,2022-11-08,,
13580069,2022-11-09,,
13580248,2022-11-09,,
13580336,2022-11-09,,
13580644,2022-11-09,,
13580728,2022-11-09,,
13587968,2022-11-09,,
13591015,2022-11-09,,
13593087,2022-11-09,,
13593666,2022-11-09,,
13594671,2022-11-09,,
13594862,2022-11-09,,
13595563,2022-11-10,,
13596705,2022-11-10,,
13598557,2022-11-10,,
13598756,2022-11-10,,
13599545,2022-11-10,,
13599590,2022-11-10,,
13605753,2022-11-10,,
13606551,2022-11-10,,
13606631,2022-11-10,,
13607208,2022-11-10,,
13607758,2022-11-10,,
13608179,2022-11-10,,
13611116,2022-11-11,,
13612206,2022-11-11,,
13612708,2022-11-11,,
13620440,2022-11-11,,
13620906,2022-11-11,,
13622763,2022-11-11,,
13622913,2022-11-11,,
13623030,2022-11-11,,
13623539,2022-11-11,,
13623952,2022-11-12,,
13624393,2022-11-12,,
13625768,2022-11-12,,
13627879,2022-11-12,,
13628900,2022-11-12,,
13629528,2022-11-12,,
13629960,2022-11-12,,
13631195,2022-11-12,,
13633765,2022-11-12,,
13634958,2022-11-13,,
13635446,2022-11-13,,
13635794,2022-11-13,,
13636602,2022-11-13,,
13637303,2022-11-13,,
13638690,2022-11-13,,
13639095,2022-11-13,,
13639145,2022-11-13,,
13639213,2022-11-13,,
13641949,2022-11-13,,
13642418,2022-11-14,,
13643283,2022-11-14,,
13643689,2022-11-14,,
13643837,2022-11-14,,
13644017,2022-11-14,,
13644382,2022-11-14,,
13653038,2022-11-14,,
13653140,2022-11-14,,
13654380,2022-11-14,,
13655203,2022-11-14,,
13655391,2022-11-14,,
13656603,2022-11-14,,
13656908,2022-11-14,,
13657509,2022-11-15,,
13657982,2022-11-15,,
13664343,2022-11-15,,
13668755,2022-11-15,,
13669458,2022-11-15,,
13670647,2022-11-15,,
13672415,2022-11-15,,
13672893,2022-11-16,,
13673498,2022-11-16,,
13673780,2022-11-16,,
13674379,2022-11-16,,
13674404,2022-11-16,,
13676194,2022-11-16,,
13677684,2022-11-16,,
13679615,2022-11-16,,
13680925,2022-11-16,,
13683167,2022-11-16,,
13683683,2022-11-16,,
13683707,2022-11-16,,
13684030,2022-11-16,,
13685988,2022-11-16,,
13686154,2022-11-16,,
13686438,2022-11-16,,
13688809,2022-11-17,,
13689290,2022-11-17,,
13689409,2022-11-17,,
13691753,2022-11-17,,
13691939,2022-11-17,,
13692678,2022-11-17,,
13693118,2022-11-17,,
13698529,2022-11-17,,
13700037,2022-11-17,,
13700955,2022-11-17,,
13701512,2022-11-17,,
13701937,2022-11-17,,
13702452,2022-11-17,,
13702933,2022-11-17,,
13703255,2022-11-17,,
13705031,2022-11-17,,
13705116,2022-11-18,,
13705187,2022-11-18,,
13705492,2022-11-18,,
13705546,2022-11-18,,
13705874,2022-11-18,,
13707124,2022-11-18,,
13708244,2022-11-18,,
13714738,2022-11-18,,
13715716,2022-11-18,,
13716029,2022-11-18,,
13717463,2022-11-18,,
13717921,2022-11-18,,
13719683,2022-11-18,,
13719691,2022-11-18,,
13719746,2022-11-18,,
13720261,2022-11-19,,
13720970,2022-11-19,,
13726294,2022-11-19,,
13728331,2022-11-19,,
13728579,2022-11-19,,
13728925,2022-11-19,,
13729314,2022-11-19,,
13730170,2022-11-19,,
13732091,2022-11-20,,
13734552,2022-11-20,,
13735497,2022-11-20,,
13735781,2022-11-20,,
13736302,2022-11-20,,
13736380,2022-11-20,,
13737944,2022-11-20,,
13738133,2022-11-20,,
13738303,2022-11-20,,
13738324,2022-11-20,,
13738657,2022-11-21,,
13738895,2022-11-21,,
13738922,2022-11-21,,
13739289,2022-11-21,,
13740041,2022-11-21,,
13740044,2022-11-21,,
13741401,2022-11-21,,
13742551,2022-11-21,,
13743881,2022-11-21,,
13744564,2022-11-21,,
13746658,2022-11-21,,
13747142,2022-11-21,,
13747381,2022-11-21,,
13748778,2022-11-21,,
13749567,2022-11-21,,
13749956,2022-11-21,,
13752465,2022-11-21,,
13753451,2022-11-21,,
13754132,2022-11-22,,
13754154,2022-11-22,,
13754325,2022-11-22,,
13754365,2022-11-22,,
13755762,2022-11-22,,
13756048,2022-11-22,,
13756244,2022-11-22,,
13758528,2022-11-22,,
13762460,2022-11-22,,
13764477,2022-11-22,,
13764721,2022-11-22,,
13764938,2022-11-22,,
13765116,2022-11-22,,
13766026,2022-11-22,,
13767491,2022-11-22,,
13767782,2022-11-22,,
13768214,2022-11-22,,
13768286,2022-11-22,,
13770500,2022-11-23,,
13771214,2022-11-23,,
13771625,2022-11-23,,
13771653,2022-11-23,,
13771746,2022-11-23,,
13772348,2022-11-23,,
13776196,2022-11-23,,
13779707,2022-11-23,,
13781274,2022-11-23,,
13784884,2022-11-23,,
13787978,2022-11-24,,
13796804,2022-11-24,,
13798274,2022-11-24,,
13799517,2022-11-24,,
13799664,2022-11-24,,
13799750,2022-11-24,,
13799843,2022-11-24,,
13799921,2022-11-25,,
13807049,2022-11-25,,
13809392,2022-11-25,,
13812529,2022-11-25,,
13814257,2022-11-25,,
13815171,2022-11-25,,
13815251,2022-11-25,,
13815474,2022-11-25,,
13817177,2022-11-26,,
13817297,2022-11-26,,
13817342,2022-11-26,,
13819438,2022-11-26,,
13826169,2022-11-26,,
13827310,2022-11-26,,
13829040,2022-11-26,,
13832998,2022-11-27,,
13834270,2022-11-27,,
13835520,2022-11-27,,
13841842,2022-11-28,,
13841913,2022-11-28,,
13841966,2022-11-28,,
13845906,2022-11-28,,
13849123,2022-11-28,,
13850154,2022-11-28,,
13853115,2022-11-28,,
13856678,2022-11-28,,
13856703,2022-11-28,,
13858429,2022-11-28,,
13860255,2022-11-28,,
13861695,2022-11-29,,
13862502,2022-11-29,,
13863357,2022-11-29,,
13863502,2022-11-29,,
13864090,2022-11-29,,
13864445,2022-11-29,,
13864504,2022-11-29,,
13868042,2022-11-29,,
13872183,2022-11-29,,
13872796,2022-11-29,,
13873194,2022-11-29,,
13873499,2022-11-29,,
13875034,2022-11-29,,
13875448,2022-11-29,,
13879484,2022-11-29,,
13879570,2022-11-29,,
13880080,2022-11-29,,
13880259,2022-11-29,,
13881118,2022-11-30,,
13881467,2022-11-30,,
13882382,2022-11-30,,
13884347,2022-11-30,,
13890549,2022-11-30,,
13891077,2022-11-30,,
13891363,2022-11-30,,
13891547,2022-11-30,,
13892265,2022-11-30,,
13893326,2022-11-30,,
13894086,2022-11-30,,
13895010,2022-11-30,,
13896244,2022-11-30,,
13896351,2022-11-30,,
13896653,2022-11-30,,
13896712,2022-11-30,,
13897724,2022-11-30,,
13898935,2022-12-01,,
13899247,2022-12-01,,
13899697,2022-12-01,,
13899837,2022-12-01,,
13900123,2022-12-01,,
13900458,2022-12-01,,
13901346,2022-12-01,,
13901943,2022-12-01,,
13905043,2022-12-01,,
13908494,2022-12-01,,
13908848,2022-12-01,,
13909938,2022-12-01,,
13911099,2022-12-01,,
13911746,2022-12-01,,
13911870,2022-12-01,,
13912052,2022-12-01,,
13912601,2022-12-01,,
13913792,2022-12-01,,
13914804,2022-12-01,,
13915798,2022-12-01,,
13916076,2022-12-01,,
13916149,2022-12-01,,
13916225,2022-12-02,,
13916580,2022-12-02,,
13916955,2022-12-02,,
13918596,2022-12-02,,
13919252,2022-12-02,,
13919538,2022-12-02,,
13920267,2022-12-02,,
13920808,2022-12-02,,
13923722,2022-12-02,,
13925194,2022-12-02,,
13925834,2022-12-02,,
13927196,2022-12-02,,
13927685,2022-12-02,,
13928688,2022-12-02,,
13928728,2022-12-02,,
13930065,2022-12-02,,
13930292,2022-12-02,,
13930394,2022-12-02,,
13930862,2022-12-02,,
13930881,2022-12-02,,
13930954,2022-12-02,,
13931016,2022-12-02,,
13931039,2022-12-02,,
13931290,2022-12-02,,
13931350,2022-12-02,,
13931549,2022-12-02,,
13931997,2022-12-03,,
13932068,2022-12-03,,
13932508,2022-12-03,,
13932519,2022-12-03,,
13933433,2022-12-03,,
13938828,2022-12-03,,
13940480,2022-12-03,,
13940487,2022-12-03,,
13940782,2022-12-03,,
13940953,2022-12-03,,
13941228,2022-12-03,,
13941935,2022-12-03,,
13942074,2022-12-03,,
13942092,2022-12-03,,
13942145,2022-12-03,,
13942226,2022-12-03,,
13942419,2022-12-04,,
13942831,2022-12-04,,
13943151,2022-12-04,,
13943440,2022-12-04,,
13943442,2022-12-04,,
13943645,2022-12-04,,
13944335,2022-12-04,,
13944644,2022-12-04,,
13945239,2022-12-04,,
13945490,2022-12-04,,
13945746,2022-12-04,,
13947938,2022-12-04,,
13948000,2022-12-04,,
13948159,2022-12-04,,
13948348,2022-12-04,,
13948447,2022-12-04,,
13948456,2022-12-04,,
13948510,2022-12-04,,
13948968,2022-12-04,,
13949190,2022-12-04,,
13949305,2022-12-04,,
13949352,2022-12-04,,
13949369,2022-12-04,,
13949941,2022-12-04,,
13950267,2022-12-04,,
13950388,2022-12-04,,
13950412,2022-12-04,,
13950420,2022-12-04,,
13950438,2022-12-05,,
13950483,2022-12-05,,
13950546,2022-12-05,,
13950606,2022-12-05,,
13950644,2022-12-05,,
13950701,2022-12-05,,
13950942,2022-12-05,,
13951038,2022-12-05,,
13951263,2022-12-05,,
13951297,2022-12-05,,
13951517,2022-12-05,,
13951553,2022-12-05,,
13951844,2022-12-05,,
13951951,2022-12-05,,
13951967,2022-12-05,,
13952117,2022-12-05,,
13952228,2022-12-05,,
13952289,2022-12-05,,
13952347,2022-12-05,,
13952388,2022-12-05,,
13952392,2022-12-05,,
13952570,2022-12-05,,
13952738,2022-12-05,,
13952835,2022-12-05,,
13952864,2022-12-05,,
13953009,2022-12-05,,
13953010,2022-12-05,,
13960670,2022-12-05,,
13962643,2022-12-05,,
13963977,2022-12-05,,
13964046,2022-12-05,,
13965285,2022-12-05,,
13967719,2022-12-06,,
13968166,2022-12-06,,
13968470,2022-12-06,,
13968552,2022-12-06,,
13969375,2022-12-06,,
13971689,2022-12-06,,
13978042,2022-12-06,,
13979376,2022-12-06,,
13979547,2022-12-06,,
13981967,2022-12-06,,
13982010,2022-12-06,,
13982218,2022-12-06,,
13982466,2022-12-06,,
13982586,2022-12-06,,
13982695,2022-12-06,,
13983079,2022-12-07,,
13983796,2022-12-07,,
13984480,2022-12-07,,
13989582,2022-12-07,,
13992265,2022-12-07,,
13993840,2022-12-07,,
13993858,2022-12-07,,
13994554,2022-12-07,,
13995475,2022-12-07,,
13995894,2022-12-07,,
13996163,2022-12-07,,
13996895,2022-12-07,,
13997467,2022-12-07,,
13998930,2022-12-08,,
14002608,2022-12-08,,
14005910,2022-12-08,,
14006909,2022-12-08,,
14008203,2022-12-08,,
14010320,2022-12-08,,
14010714,2022-12-08,,
14011497,2022-12-08,,
14012579,2022-12-08,,
14012812,2022-12-08,,
14013528,2022-12-08,,
14015159,2022-12-09,,
14015343,2022-12-09,,
14018831,2022-12-09,,
14023840,2022-12-09,,
14025439,2022-12-09,,
14025758,2022-12-09,,
14026052,2022-12-09,,
14026087,2022-12-09,,
14029611,2022-12-10,,
14031395,2022-12-10,,
14031916,2022-12-10,,
14032138,2022-12-10,,
14033119,2022-12-10,,
14033191,2022-12-10,,
14037471,2022-12-10,,
14039683,2022-12-11,,
14039985,2022-12-11,,
14040331,2022-12-11,,
14041364,2022-12-11,,
14044101,2022-12-11,,
14044298,2022-12-11,,
14044309,2022-12-11,,
14044423,2022-12-11,,
14045983,2022-12-11,,
14058599,2022-12-12,,
14058813,2022-12-12,,
14058953,2022-12-12,,
14059829,2022-12-12,,
14063181,2022-12-13,,
14069366,2022-12-13,,
14074346,2022-12-13,,
14074924,2022-12-13,,
14075050,2022-12-13,,
14075072,2022-12-13,,
14075735,2022-12-13,,
14077543,2022-12-13,,
14077594,2022-12-13,,
14078279,2022-12-14,,
14079451,2022-12-14,,
14079559,2022-12-14,,
14087409,2022-12-14,,
14090724,2022-12-14,,
14092593,2022-12-14,,
14092958,2022-12-14,,
14093162,2022-12-14,,
14093425,2022-12-14,,
14094599,2022-12-15,,
14095376,2022-12-15,,
14095378,2022-12-15,,
14100159,2022-12-15,,
14105797,2022-12-15,,
14106184,2022-12-15,,
14109020,2022-12-15,,
14113516,2022-12-16,,
14122549,2022-12-16,,
14123058,2022-12-16,,
14123148,2022-12-16,,
14123800,2022-12-16,,
14124345,2022-12-16,,
14124373,2022-12-16,,
14124957,2022-12-17,,
14126045,2022-12-17,,
14127103,2022-12-17,,
14131258,2022-12-17,,
14134644,2022-12-17,,
14135137,2022-12-18,,
14136976,2022-12-18,,
14137925,2022-12-18,,
14138464,2022-12-18,,
14140295,2022-12-18,,
14140670,2022-12-18,,
14142341,2022-12-18,,
14143504,2022-12-19,,
14149229,2022-12-19,,
14153408,2022-12-19,,
14153994,2022-12-19,,
14154290,2022-12-19,,
14155768,2022-12-19,,
14157207,2022-12-19,,
14158999,2022-12-19,,
14159920,2022-12-20,,
14160147,2022-12-20,,
14160331,2022-12-20,,
14161921,2022-12-20,,
14164021,2022-12-20,,
14164617,2022-12-20,,
14165735,2022-12-20,,
14167339,2022-12-20,,
14173256,2022-12-20,,
14173886,2022-12-20,,
14173965,2022-12-20,,
14176001,2022-12-20,,
14176348,2022-12-20,,
14177801,2022-12-21,,
14179371,2022-12-21,,
14181005,2022-12-21,,
14187520,2022-12-21,,
14190652,2022-12-21,,
14203792,2022-12-22,,
14206754,2022-12-22,,
14208153,2022-12-23,,
14208411,2022-12-23,,
14216935,2022-12-23,,
14217638,2022-12-23,,
14218915,2022-12-23,,
14219175,2022-12-23,,
14219657,2022-12-23,,
14220051,2022-12-24,,
14221514,2022-12-24,,
14221756,2022-12-24,,
14227047,2022-12-24,,
14227397,2022-12-24,,
14227913,2022-12-24,,
14227974,2022-12-24,,
14228263,2022-12-24,,
14228518,2022-12-25,,
14229970,2022-12-25,,
14231891,2022-12-25,,
14232289,2022-12-25,,
14233604,2022-12-25,,
14234038,2022-12-25,,
14234482,2022-12-25,,
14234765,2022-12-26,,
14237552,2022-12-26,,
14239633,2022-12-26,,
14243605,2022-12-26,,
14244017,2022-12-26,,
14244577,2022-12-26,,
14245514,2022-12-26,,
14245767,2022-12-26,,
14246724,2022-12-26,,
14247475,2022-12-26,,
14247978,2022-12-27,,
14248936,2022-12-27,,
14249112,2022-12-27,,
14257325,2022-12-27,,
14259135,2022-12-27,,
14260403,2022-12-27,,
14260537,2022-12-27,,
14261192,2022-12-27,,
14262366,2022-12-27,,
14263270,2022-12-28,,
14267246,2022-12-28,,
14272753,2022-12-28,,
14273014,2022-12-28,,
14276981,2022-12-28,,
14277047,2022-12-28,,
14277378,2022-12-28,,
14278027,2022-12-28,,
14278641,2022-12-28,,
14278830,2022-12-28,,
14280867,2022-12-29,,
14291536,2022-12-29,,
14292657,2022-12-29,,
14294355,2022-12-29,,
14294368,2022-12-29,,
14294462,2022-12-29,,
14296200,2022-12-30,,
14296279,2022-12-30,,
14296484,2022-12-30,,
14296498,2022-12-30,,
14296652,2022-12-30,,
14296951,2022-12-30,,
14297555,2022-12-30,,
14298511,2022-12-30,,
14301414,2022-12-30,,
14306992,2022-12-30,,
14309249,2022-12-30,,
14310439,2022-12-30,,
14310674,2022-12-30,,
14311341,2022-12-30,,
14311425,2022-12-30,,
14312109,2022-12-30,,
14312280,2022-12-30,,
14313710,2022-12-31,,
14314127,2022-12-31,,
14314359,2022-12-31,,
14315209,2022-12-31,,
14318392,2022-12-31,,
14323838,2022-12-31,,
14326208,2022-12-31,,
14326809,2022-12-31,,
14328524,2022-12-31,,
14332223,2022-12-31,,
14332516,2023-01-01,,
14333154,2023-01-01,,
14335280,2023-01-01,,
14335992,2023-01-01,,
14340361,2023-01-01,,
14343679,2023-01-01,,
14344171,2023-01-01,,
14344575,2023-01-01,,
14345652,2023-01-01,,
14347893,2023-01-02,,
14348250,2023-01-02,,
14348329,2023-01-02,,
14348575,2023-01-02,,
14348784,2023-01-02,,
14351837,2023-01-02,,
14353841,2023-01-02,,
14362308,2023-01-02,,
14366013,2023-01-02,,
14366669,2023-01-02,,
14367291,2023-01-02,,
14367321,2023-01-02,,
14367491,2023-01-02,,
14367875,2023-01-02,,
14368567,2023-01-02,,
14369855,2023-01-02,,
14370191,2023-01-02,,
14371341,2023-01-03,,
14371618,2023-01-03,,
14372071,2023-01-03,,
14373533,2023-01-03,,
14374391,2023-01-03,,
14375477,2023-01-03,,
14375651,2023-01-03,,
14376082,2023-01-03,,
14376489,2023-01-03,,
14376645,2023-01-03,,
14376728,2023-01-03,,
14376948,2023-01-03,,
14382689,2023-01-03,,
14384452,2023-01-03,,
14385113,2023-01-03,,
14385656,2023-01-03,,
14387527,2023-01-03,,
14389314,2023-01-03,,
14389853,2023-01-03,,
14389978,2023-01-03,,
14392560,2023-01-03,,
14393499,2023-01-03,,
14393752,2023-01-03,,
14393830,2023-01-03,,
14394269,2023-01-03,,
14394899,2023-01-03,,
14395067,2023-01-03,,
14395753,2023-01-03,,
14397784,2023-01-04,,
14398451,2023-01-04,,
14399598,2023-01-04,,
14400066,2023-01-04,,
14400108,2023-01-04,,
14400251,2023-01-04,,
14401647,2023-01-04,,
14401699,2023-01-04,,
14402273,2023-01-04,,
14404015,2023-01-04,,
14404119,2023-01-04,,
14404121,2023-01-04,,
14405135,2023-01-04,,
14405676,2023-01-04,,
14406959,2023-01-04,,
14407616,2023-01-04,,
14410080,2023-01-04,,
14412727,2023-01-04,,
14412902,2023-01-04,,
14413041,2023-01-04,,
14413191,2023-01-04,,
14414521,2023-01-04,,
14415532,2023-01-04,,
14415582,2023-01-04,,
14415583,2023-01-04,,
14416424,2023-01-04,,
14416717,2023-01-04,,
14416941,2023-01-04,,
14418621,2023-01-04,,
14418995,2023-01-04,,
14419338,2023-01-04,,
14419449,2023-01-04,,
14419455,2023-01-04,,
14419794,2023-01-04,,
14420083,2023-01-04,,
14420792,2023-01-04,,
14420921,2023-01-04,,
14421119,2023-01-04,,
14421179,2023-01-04,,
14421265,2023-01-04,,
14421298,2023-01-04,,
14421378,2023-01-04,,
14421781,2023-01-05,,
14421832,2023-01-05,,
14422279,2023-01-05,,
14422505,2023-01-05,,
14422626,2023-01-05,,
14422682,2023-01-05,,
14422767,2023-01-05,,
14422831,2023-01-05,,
14422908,2023-01-05,,
14423386,2023-01-05,,
14423707,2023-01-05,,
14423719,2023-01-05,,
14423770,2023-01-05,,
14423887,2023-01-05,,
14424116,2023-01-05,,
14424398,2023-01-05,,
14424403,2023-01-05,,
14424476,2023-01-05,,
14424531,2023-01-05,,
14424594,2023-01-05,,
14424979,2023-01-05,,
14425101,2023-01-05,,
14425199,2023-01-05,,
14425292,2023-01-05,,
14425412,2023-01-05,,
14425455,2023-01-05,,
14425518,2023-01-05,,
14425529,2023-01-05,,
14425545,2023-01-05,,
14425730,2023-01-05,,
14426695,2023-01-05,,
14428554,2023-01-05,,
14429114,2023-01-05,,
14431020,2023-01-05,,
14435329,2023-01-05,,
14437239,2023-01-05,,
14438467,2023-01-05,,
14440994,2023-01-05,,
14442343,2023-01-05,,
14443287,2023-01-06,,
14443380,2023-01-06,,
14444349,2023-01-06,,
14448738,2023-01-06,,
14449564,2023-01-06,,
14450649,2023-01-06,,
14455718,2023-01-06,,
14456875,2023-01-06,,
14459255,2023-01-06,,
14460055,2023-01-06,,
14460070,2023-01-06,,
14460391,2023-01-06,,
14460521,2023-01-06,,
14460621,2023-01-06,,
14460798,2023-01-06,,
14461825,2023-01-06,,
14462534,2023-01-07,,
14464569,2023-01-07,,
14465095,2023-01-07,,
14469131,2023-01-07,,
14469755,2023-01-07,,
14472616,2023-01-07,,
14475369,2023-01-07,,
14476088,2023-01-07,,
14477950,2023-01-08,,
14482366,2023-01-08,,
14485421,2023-01-08,,
14486597,2023-01-08,,
14486873,2023-01-08,,
14487161,2023-01-08,,
14487162,2023-01-08,,
14487708,2023-01-08,,
14488964,2023-01-09,,
14489130,2023-01-09,,
14490459,2023-01-09,,
14490638,2023-01-09,,
14490808,2023-01-09,,
14500231,2023-01-09,,
14502360,2023-01-09,,
14502505,2023-01-09,,
14504457,2023-01-09,,
14505695,2023-01-09,,
14507358,2023-01-09,,
14507577,2023-01-09,,
14510817,2023-01-10,,
14513735,2023-01-10,,
14514255,2023-01-10,,
14514590,2023-01-10,,
14515201,2023-01-10,,
14520711,2023-01-10,,
14523330,2023-01-10,,
14524072,2023-01-10,,
14524891,2023-01-10,,
14524929,2023-01-10,,
14527075,2023-01-10,,
14529074,2023-01-10,,
14529838,2023-01-11,,
14530393,2023-01-11,,
14531170,2023-01-11,,
14536446,2023-01-11,,
14539746,2023-01-11,,
14540884,2023-01-11,,
14542470,2023-01-11,,
14542848,2023-01-11,,
14545017,2023-01-11,,
14546499,2023-01-11,,
14547121,2023-01-11,,
14549208,2023-01-12,,
14549262,2023-01-12,,
14549279,2023-01-12,,
14549302,2023-01-12,,
14549374,2023-01-12,,
14549735,2023-01-12,,
14551273,2023-01-12,,
14551373,2023-01-12,,
14553849,2023-01-12,,
14554448,2023-01-12,,
14560989,2023-01-12,,
14563596,2023-01-12,,
14564122,2023-01-12,,
14564720,2023-01-12,,
14565907,2023-01-12,,
14566499,2023-01-12,,
14567794,2023-01-12,,
14567884,2023-01-12,,
14568784,2023-01-13,,
14569286,2023-01-13,,
14571765,2023-01-13,,
14574069,2023-01-13,,
14580757,2023-01-13,,
14581598,2023-01-13,,
14582059,2023-01-13,,
14582162,2023-01-13,,
14583249,2023-01-13,,
14587448,2023-01-14,,
14589106,2023-01-14,,
14590100,2023-01-14,,
14593410,2023-01-14,,
14593422,2023-01-14,,
14593590,2023-01-14,,
14593829,2023-01-14,,
14594189,2023-01-14,,
14596142,2023-01-14,,
14596655,2023-01-14,,
14599109,2023-01-15,,
14599382,2023-01-15,,
14599392,2023-01-15,,
14599413,2023-01-15,,
14605013,2023-01-15,,
14605802,2023-01-15,,
14606199,2023-01-15,,
14607291,2023-01-15,,
14611670,2023-01-16,,
14612351,2023-01-16,,
14612428,2023-01-16,,
14613093,2023-01-16,,
14621509,2023-01-16,,
14621582,2023-01-16,,
14622970,2023-01-16,,
14623877,2023-01-16,,
14624749,2023-01-16,,
14626027,2023-01-16,,
14630229,2023-01-17,,
14631208,2023-01-17,,
14631279,2023-01-17,,
14637703,2023-01-17,,
14640258,2023-01-17,,
14644605,2023-01-17,,
14645641,2023-01-17,,
14645826,2023-01-17,,
14646031,2023-01-17,,
14647475,2023-01-17,,
14648257,2023-01-18,,
14649892,2023-01-18,,
14650476,2023-01-18,,
14652291,2023-01-18,,
14652821,2023-01-18,,
14654025,2023-01-18,,
14656861,2023-01-18,,
14657598,2023-01-18,,
14660992,2023-01-18,,
14661141,2023-01-18,,
14661351,2023-01-18,,
14661656,2023-01-18,,
14662420,2023-01-18,,
14663470,2023-01-18,,
14665934,2023-01-18,,
14666604,2023-01-18,,
14668195,2023-01-19,,
14668327,2023-01-19,,
14669044,2023-01-19,,
14669112,2023-01-19,,
14673025,2023-01-19,,
14673214,2023-01-19,,
14673578,2023-01-19,,
14673944,2023-01-19,,
14676167,2023-01-19,,
14676636,2023-01-19,,
14677299,2023-01-19,,
14679362,2023-01-19,,
14679398,2023-01-19,,
14681145,2023-01-19,,
14681691,2023-01-19,,
14682913,2023-01-19,,
14683254,2023-01-19,,
14683732,2023-01-19,,
14683958,2023-01-19,,
14685252,2023-01-20,,
14685267,2023-01-20,,
14685501,2023-01-20,,
14686370,2023-01-20,,
14686613,2023-01-20,,
14688109,2023-01-20,,
14688313,2023-01-20,,
14690330,2023-01-20,,
14694729,2023-01-20,,
14694939,2023-01-20,,
14695078,2023-01-20,,
14697101,2023-01-20,,
14700625,2023-01-20,,
14701920,2023-01-21,,
14703017,2023-01-21,,
14704936,2023-01-21,,
14705094,2023-01-21,,
14708318,2023-01-21,,
14710597,2023-01-21,,
14711092,2023-01-21,,
14711116,2023-01-21,,
14711156,2023-01-21,,
14712057,2023-01-21,,
14714860,2023-01-22,,
14714946,2023-01-22,,
14715890,2023-01-22,,
14723899,2023-01-23,,
14723992,2023-01-23,,
14725382,2023-01-23,,
14725658,2023-01-23,,
14725802,2023-01-23,,
14734635,2023-01-23,,
14735912,2023-01-23,,
14737036,2023-01-23,,
14737070,2023-01-23,,
14737155,2023-01-23,,
14738977,2023-01-23,,
14740114,2023-01-23,,
14741104,2023-01-24,,
14742195,2023-01-24,,
14742403,2023-01-24,,
14742978,2023-01-24,,
14743286,2023-01-24,,
14743472,2023-01-24,,
14744371,2023-01-24,,
14747851,2023-01-24,,
14749967,2023-01-24,,
14751228,2023-01-24,,
14753424,2023-01-24,,
14754927,2023-01-24,,
14756320,2023-01-24,,
14757580,2023-01-24,,
14759184,2023-01-25,,
14760201,2023-01-25,,
14761268,2023-01-25,,
14763904,2023-01-25,,
14765057,2023-01-25,,
14768230,2023-01-25,,
14768552,2023-01-25,,
14769798,2023-01-25,,
14770568,2023-01-25,,
14772751,2023-01-25,,
14773817,2023-01-25,,
14776215,2023-01-25,,
14781007,2023-01-26,,
14787775,2023-01-26,,
14788582,2023-01-26,,
14801296,2023-01-27,,
14805735,2023-01-27,,
14815882,2023-01-28,,
14816545,2023-01-28,,
14817178,2023-01-28,,
14817285,2023-01-28,,
14817931,2023-01-28,,
14818196,2023-01-28,,
14820673,2023-01-28,,
14821545,2023-01-29,,
14823543,2023-01-29,,
14825998,2023-01-29,,
14827789,2023-01-29,,
14829207,2023-01-29,,
14831819,2023-01-29,,
14831950,2023-01-29,,
14832136,2023-01-29,,
14835628,2023-01-30,,
14836730,2023-01-30,,
14843846,2023-01-30,,
14843894,2023-01-30,,
14843963,2023-01-30,,
14843979,2023-01-30,,
14844504,2023-01-30,,
14847488,2023-01-30,,
14848083,2023-01-30,,
14848543,2023-01-30,,
14848852,2023-01-30,,
14850168,2023-01-30,,
14851092,2023-01-30,,
14852128,2023-01-31,,
14852435,2023-01-31,,
14853008,2023-01-31,,
14853430,2023-01-31,,
14853937,2023-01-31,,
14853993,2023-01-31,,
14854143,2023-01-31,,
14854542,2023-01-31,,
14855794,2023-01-31,,
14859170,2023-01-31,,
14861651,2023-01-31,,
14862767,2023-01-31,,
14863364,2023-01-31,,
14863822,2023-01-31,,
14864027,2023-01-31,,
14864619,2023-01-31,,
14864841,2023-01-31,,
14864861,2023-01-31,,
14865442,2023-01-31,,
14866190,2023-01-31,,
14868165,2023-01-31,,
14869893,2023-01-31,,
14870205,2023-01-31,,
14870896,2023-01-31,,
14870904,2023-01-31,,
14871358,2023-01-31,,
14872028,2023-02-01,,
14872515,2023-02-01,,
14872646,2023-02-01,,
14873335,2023-02-01,,
14873455,2023-02-01,,
14874658,2023-02-01,,
14876292,2023-02-01,,
14880918,2023-02-01,,
14883917,2023-02-01,,
14888385,2023-02-01,,
14891673,2023-02-02,,
14891915,2023-02-02,,
14892150,2023-02-02,,
14892200,2023-02-02,,
14892561,2023-02-02,,
14892694,2023-02-02,,
14892874,2023-02-02,,
14892975,2023-02-02,,
14893673,2023-02-02,,
14893811,2023-02-02,,
14893829,2023-02-02,,
14894230,2023-02-02,,
14894278,2023-02-02,,
14895143,2023-02-02,,
14895672,2023-02-02,,
14896213,2023-02-02,,
14896348,2023-02-02,,
14900816,2023-02-02,,
14901624,2023-02-02,,
14901630,2023-02-02,,
14902853,2023-02-02,,
14903860,2023-02-02,,
14904663,2023-02-02,,
14904757,2023-02-02,,
14906647,2023-02-02,,
14907549,2023-02-02,,
14907728,2023-02-02,,
14907830,2023-02-02,,
14907831,2023-02-02,,
14908194,2023-02-02,,
14908569,2023-02-02,,
14908690,2023-02-02,,
14908716,2023-02-02,,
14909546,2023-02-02,,
14909556,2023-02-02,,
14909569,2023-02-02,,
14910412,2023-02-03,,
14910658,2023-02-03,,
14910807,2023-02-03,,
14910981,2023-02-03,,
14911274,2023-02-03,,
14911343,2023-02-03,,
14911972,2023-02-03,,
14911995,2023-02-03,,
14912873,2023-02-03,,
14912906,2023-02-03,,
14912979,2023-02-03,,
14913020,2023-02-03,,
14913814,2023-02-03,,
14914661,2023-02-03,,
14914754,2023-02-03,,
14915599,2023-02-03,,
14916002,2023-02-03,,
14917597,2023-02-03,,
14918739,2023-02-03,,
14920729,2023-02-03,,
14921186,2023-02-03,,
14921407,2023-02-03,,
14923524,2023-02-03,,
14923950,2023-02-03,,
14923952,2023-02-03,,
14925004,2023-02-03,,
14926075,2023-02-03,,
14926180,2023-02-03,,
14926853,2023-02-03,,
14926933,2023-02-03,,
14927056,2023-02-03,,
14927826,2023-02-03,,
14927875,2023-02-03,,
14928843,2023-02-03,,
14929000,2023-02-04,,
14929624,2023-02-04,,
14929941,2023-02-04,,
14929944,2023-02-04,,
14930257,2023-02-04,,
14930542,2023-02-04,,
14930669,2023-02-04,,
14930690,2023-02-04,,
14930705,2023-02-04,,
14930770,2023-02-04,,
14931112,2023-02-04,,
14931193,2023-02-04,,
14931486,2023-02-04,,
14931593,2023-02-04,,
14931889,2023-02-04,,
14931901,2023-02-04,,
14933399,2023-02-04,,
14933633,2023-02-04,,
14934365,2023-02-04,,
14935213,2023-02-04,,
14936708,2023-02-04,,
14937725,2023-02-04,,
14937863,2023-02-04,,
14938182,2023-02-04,,
14938293,2023-02-04,,
14938584,2023-02-04,,
14938621,2023-02-04,,
14938866,2023-02-04,,
14939380,2023-02-04,,
14939516,2023-02-04,,
14940625,2023-02-04,,
14940711,2023-02-04,,
14940716,2023-02-04,,
14940966,2023-02-04,,
14941323,2023-02-04,,
14941453,2023-02-04,,
14941488,2023-02-04,,
14941646,2023-02-04,,
14942050,2023-02-05,,
14942053,2023-02-05,,
14942171,2023-02-05,,
14942323,2023-02-05,,
14942354,2023-02-05,,
14942517,2023-02-05,,
14942617,2023-02-05,,
14942684,2023-02-05,,
14942746,2023-02-05,,
14942833,2023-02-05,,
14942873,2023-02-05,,
14942891,2023-02-05,,
14942933,2023-02-05,,
14943227,2023-02-05,,
14943301,2023-02-05,,
14943313,2023-02-05,,
14943414,2023-02-05,,
14943422,2023-02-05,,
14943464,2023-02-05,,
14943563,2023-02-05,,
14943568,2023-02-05,,
14943574,2023-02-05,,
14943591,2023-02-05,,
14943613,2023-02-05,,
14943795,2023-02-05,,
14943881,2023-02-05,,
14944028,2023-02-05,,
14944041,2023-02-05,,
14944977,2023-02-05,,
14945507,2023-02-05,,
14945767,2023-02-05,,
14946099,2023-02-05,,
14948672,2023-02-05,,
14948742,2023-02-05,,
14949104,2023-02-05,,
14950376,2023-02-05,,
14955791,2023-02-06,,
14957106,2023-02-06,,
14965711,2023-02-06,,
14966147,2023-02-06,,
14966216,2023-02-06,,
14966401,2023-02-06,,
14966998,2023-02-06,,
14967183,2023-02-06,,
14967607,2023-02-06,,
14970543,2023-02-07,,
14971782,2023-02-07,,
14982521,2023-02-07,,
14982835,2023-02-07,,
14983917,2023-02-07,,
14985173,2023-02-07,,
14985195,2023-02-07,,
14986386,2023-02-07,,
14987520,2023-02-07,,
14988650,2023-02-08,,
14990500,2023-02-08,,
14991458,2023-02-08,,
14992609,2023-02-08,,
14992754,2023-02-08,,
14999789,2023-02-08,,
15001078,2023-02-08,,
15001433,2023-02-08,,
15002385,2023-02-08,,
15005222,2023-02-08,,
15005301,2023-02-08,,
15008261,2023-02-09,,
15010046,2023-02-09,,
15017822,2023-02-09,,
15018437,2023-02-09,,
15019964,2023-02-09,,
15020488,2023-02-09,,
15021510,2023-02-09,,
15022230,2023-02-09,,
15022496,2023-02-09,,
15024059,2023-02-09,,
15024579,2023-02-10,,
15024929,2023-02-10,,
15025577,2023-02-10,,
15025982,2023-02-10,,
15027492,2023-02-10,,
15031799,2023-02-10,,
15034788,2023-02-10,,
15034875,2023-02-10,,
15037561,2023-02-10,,
15039042,2023-02-10,,
15039455,2023-02-10,,
15039552,2023-02-10,,
15040581,2023-02-11,,
15041521,2023-02-11,,
15041620,2023-02-11,,
15041805,2023-02-11,,
15041832,2023-02-11,,
15047756,2023-02-11,,
15047991,2023-02-11,,
15049731,2023-02-11,,
15049863,2023-02-11,,
15050565,2023-02-11,,
15050678,2023-02-11,,
15050938,2023-02-12,,
15051172,2023-02-12,,
15051872,2023-02-12,,
15057101,2023-02-12,,
15059656,2023-02-12,,
15059689,2023-02-12,,
15060746,2023-02-12,,
15061363,2023-02-13,,
15061753,2023-02-13,,
15062434,2023-02-13,,
15064633,2023-02-13,,
15067737,2023-02-13,,
15067871,2023-02-13,,
15069141,2023-02-13,,
15070770,2023-02-13,,
15071190,2023-02-13,,
15071509,2023-02-13,,
15074779,2023-02-13,,
15075436,2023-02-13,,
15075484,2023-02-13,,
15076915,2023-02-13,,
15076981,2023-02-13,,
15077611,2023-02-13,,
15077626,2023-02-13,,
15079005,2023-02-14,,
15080109,2023-02-14,,
15081573,2023-02-14,,
15082416,2023-02-14,,
15086273,2023-02-14,,
15087302,2023-02-14,,
15088188,2023-02-14,,
15088346,2023-02-14,,
15091659,2023-02-14,,
15092388,2023-02-14,,
15092780,2023-02-14,,
15093196,2023-02-14,,
15095358,2023-02-14,,
15095452,2023-02-14,,
15095839,2023-02-14,,
15096975,2023-02-15,,
15097656,2023-02-15,,
15097905,2023-02-15,,
15098775,2023-02-15,,
15108555,2023-02-15,,
15108986,2023-02-15,,
15111425,2023-02-15,,
15113156,2023-02-15,,
15115385,2023-02-16,,
15116712,2023-02-16,,
15116762,2023-02-16,,
15117710,2023-02-16,,
15118676,2023-02-16,,
15125566,2023-02-16,,
15125841,2023-02-16,,
15130301,2023-02-16,,
15131328,2023-02-16,,
15131609,2023-02-16,,
15132351,2023-02-16,,
15132531,2023-02-16,,
15132753,2023-02-16,,
15133155,2023-02-16,,
15133409,2023-02-16,,
15134379,2023-02-17,,
15135016,2023-02-17,,
15135028,2023-02-17,,
15135652,2023-02-17,,
15144296,2023-02-17,,
15146247,2023-02-17,,
15146400,2023-02-17,,
15156874,2023-02-18,,
15156897,2023-02-18,,
15156976,2023-02-18,,
15157086,2023-02-18,,
15158082,2023-02-18,,
15158313,2023-02-18,,
15158465,2023-02-18,,
15158946,2023-02-18,,
15160042,2023-02-18,,
15160149,2023-02-18,,
15161392,2023-02-18,,
15161513,2023-02-19,,
15164038,2023-02-19,,
15166562,2023-02-19,,
15168199,2023-02-19,,
15169108,2023-02-19,,
15169600,2023-02-19,,
15172682,2023-02-20,,
15172983,2023-02-20,,
15174507,2023-02-20,,
15174544,2023-02-20,,
15175458,2023-02-20,,
15182463,2023-02-20,,
15184207,2023-02-20,,
15185189,2023-02-20,,
15185517,2023-02-20,,
15185812,2023-02-20,,
15186697,2023-02-20,,
15187645,2023-02-20,,
15187799,2023-02-20,,
15188811,2023-02-20,,
15188989,2023-02-20,,
15190760,2023-02-21,,
15190950,2023-02-21,,
15190994,2023-02-21,,
15196838,2023-02-21,,
15199905,2023-02-21,,
15202137,2023-02-21,,
15203115,2023-02-21,,
15204343,2023-02-21,,
15204821,2023-02-21,,
15205211,2023-02-21,,
15206439,2023-02-21,,
15208501,2023-02-22,,
15208761,2023-02-22,,
15209462,2023-02-22,,
15209965,2023-02-22,,
15210249,2023-02-22,,
15220095,2023-02-22,,
15220167,2023-02-22,,
15221078,2023-02-22,,
15221437,2023-02-22,,
15222360,2023-02-22,,
15223354,2023-02-22,,
15223650,2023-02-22,,
15223847,2023-02-22,,
15223856,2023-02-22,,
15224177,2023-02-22,,
15224431,2023-02-22,,
15224444,2023-02-22,,
15225244,2023-02-22,,
15228287,2023-02-23,,
15228630,2023-02-23,,
15228658,2023-02-23,,
15229532,2023-02-23,,
15229902,2023-02-23,,
15230172,2023-02-23,,
15238246,2023-02-23,,
15240352,2023-02-23,,
15240443,2023-02-23,,
15240498,2023-02-23,,
15241755,2023-02-23,,
15242362,2023-02-23,,
15242667,2023-02-23,,
15242827,2023-02-23,,
15243419,2023-02-23,,
15243435,2023-02-23,,
15243483,2023-02-23,,
15243688,2023-02-23,,
15244197,2023-02-23,,
15244392,2023-02-23,,
15244398,2023-02-23,,
15244909,2023-02-24,,
15245586,2023-02-24,,
15245600,2023-02-24,,
15245823,2023-02-24,,
15250050,2023-02-24,,
15250350,2023-02-24,,
15253114,2023-02-24,,
15256618,2023-02-24,,
15258766,2023-02-24,,
15258893,2023-02-24,,
15259279,2023-02-24,,
15259666,2023-02-24,,
15259744,2023-02-24,,
15260077,2023-02-24,,
15261111,2023-02-24,,
15261169,2023-02-24,,
15261182,2023-02-24,,
15261330,2023-02-24,,
15261516,2023-02-24,,
15261522,2023-02-24,,
15261655,2023-02-24,,
15262740,2023-02-25,,
15263916,2023-02-25,,
15264144,2023-02-25,,
15266475,2023-02-25,,
15266838,2023-02-25,,
15268214,2023-02-25,,
15268712,2023-02-25,,
15268807,2023-02-25,,
15269193,2023-02-25,,
15269963,2023-02-25,,
15272230,2023-02-25,,
15272873,2023-02-25,,
15273096,2023-02-25,,
15273348,2023-02-25,,
15273527,2023-02-25,,
15275011,2023-02-26,,
15275507,2023-02-26,,
15276941,2023-02-26,,
15277554,2023-02-26,,
15278008,2023-02-26,,
15280241,2023-02-26,,
15281109,2023-02-26,,
15283252,2023-02-26,,
15285596,2023-02-26,,
15286549,2023-02-26,,
15287214,2023-02-26,,
15287404,2023-02-26,,
15287684,2023-02-27,,
15289416,2023-02-27,,
15298711,2023-02-27,,
15298734,2023-02-27,,
15300627,2023-02-27,,
15301081,2023-02-27,,
15301250,2023-02-27,,
15302927,2023-02-27,,
15303305,2023-02-27,,
15304127,2023-02-27,,
15305432,2023-02-27,,
15306669,2023-02-27,,
15307861,2023-02-27,,
15308376,2023-02-27,,
15309968,2023-02-28,,
15310087,2023-02-28,,
15310777,2023-02-28,,
15311007,2023-02-28,,
15311042,2023-02-28,,
15311524,2023-02-28,,
15312621,2023-02-28,,
15313989,2023-02-28,,
15321160,2023-02-28,,
15322153,2023-02-28,,
15323847,2023-02-28,,
15323950,2023-02-28,,
15324392,2023-02-28,,
15326220,2023-02-28,,
15326813,2023-02-28,,
15327163,2023-02-28,,
15327708,2023-02-28,,
15328399,2023-02-28,,
15328545,2023-02-28,,
15328781,2023-02-28,,
15328907,2023-02-28,,
15329276,2023-02-28,,
15330236,2023-02-28,,
15330339,2023-02-28,,
15331616,2023-03-01,,
15332033,2023-03-01,,
15332528,2023-03-01,,
15332575,2023-03-01,,
15333733,2023-03-01,,
15334785,2023-03-01,,
15336832,2023-03-01,,
15340137,2023-03-01,,
15341036,2023-03-01,,
15343380,2023-03-01,,
15344037,2023-03-01,,
15345599,2023-03-01,,
15345975,2023-03-01,,
15346063,2023-03-01,,
15346939,2023-03-01,,
15347150,2023-03-01,,
15347673,2023-03-01,,
15348127,2023-03-01,,
15348222,2023-03-01,,
15348721,2023-03-01,,
15349036,2023-03-01,,
15349398,2023-03-01,,
15350343,2023-03-01,,
15350357,2023-03-01,,
15350898,2023-03-01,,
15351327,2023-03-01,,
15351552,2023-03-01,,
15352162,2023-03-01,,
15352419,2023-03-01,,
15352742,2023-03-02,,
15354110,2023-03-02,,
15354961,2023-03-02,,
15355135,2023-03-02,,
15356259,2023-03-02,,
15358186,2023-03-02,,
15360763,2023-03-02,,
15364149,2023-03-02,,
15365132,2023-03-02,,
15366495,2023-03-02,,
15367187,2023-03-02,,
15367773,2023-03-02,,
15367823,2023-03-02,,
15368641,2023-03-02,,
15369102,2023-03-02,,
15369173,2023-03-02,,
15369825,2023-03-02,,
15370125,2023-03-02,,
15370176,2023-03-02,,
15371471,2023-03-02,,
15372032,2023-03-02,,
15372426,2023-03-02,,
15372674,2023-03-03,,
15373258,2023-03-03,,
15374847,2023-03-03,,
15375161,2023-03-03,,
15375657,2023-03-03,,
15376022,2023-03-03,,
15379494,2023-03-03,,
15384248,2023-03-03,,
15384580,2023-03-03,,
15384643,2023-03-03,,
15386030,2023-03-03,,
15386095,2023-03-03,,
15387562,2023-03-03,,
15388046,2023-03-03,,
15388149,2023-03-03,,
15388225,2023-03-03,,
15388237,2023-03-03,,
15388451,2023-03-03,,
15388846,2023-03-03,,
15388940,2023-03-03,,
15389041,2023-03-03,,
15389101,2023-03-03,,
15389425,2023-03-03,,
15389545,2023-03-03,,
15389884,2023-03-03,,
15390818,2023-03-03,,
15390972,2023-03-03,,
15391010,2023-03-03,,
15391105,2023-03-03,,
15391174,2023-03-04,,
15391305,2023-03-04,,
15391357,2023-03-04,,
15391377,2023-03-04,,
15391616,2023-03-04,,
15391715,2023-03-04,,
15391908,2023-03-04,,
15391946,2023-03-04,,
15392711,2023-03-04,,
15392946,2023-03-04,,
15393008,2023-03-04,,
15393138,2023-03-04,,
15393431,2023-03-04,,
15393777,2023-03-04,,
15393798,2023-03-04,,
15394731,2023-03-04,,
15397103,2023-03-04,,
15398320,2023-03-04,,
15398445,2023-03-04,,
15400743,2023-03-04,,
15401252,2023-03-04,,
15402120,2023-03-04,,
15402651,2023-03-04,,
15402725,2023-03-04,,
15402740,2023-03-04,,
15402778,2023-03-04,,
15402832,2023-03-04,,
15402896,2023-03-04,,
15403656,2023-03-04,,
15403662,2023-03-04,,
15403864,2023-03-04,,
15403903,2023-03-04,,
15404041,2023-03-04,,
15404209,2023-03-04,,
15404317,2023-03-04,,
15404336,2023-03-04,,
15404337,2023-03-04,,
15404431,2023-03-04,,
15404550,2023-03-04,,
15404674,2023-03-05,,
15404828,2023-03-05,,
15404847,2023-03-05,,
15404849,2023-03-05,,
15404917,2023-03-05,,
15404923,2023-03-05,,
15405075,2023-03-05,,
15405165,2023-03-05,,
15405268,2023-03-05,,
15405400,2023-03-05,,
15405451,2023-03-05,,
15405841,2023-03-05,,
15406012,2023-03-05,,
15406040,2023-03-05,,
15406046,2023-03-05,,
15406106,2023-03-05,,
15406289,2023-03-05,,
15406325,2023-03-05,,
15406398,2023-03-05,,
15406453,2023-03-05,,
15406487,2023-03-05,,
15406525,2023-03-05,,
15406872,2023-03-05,,
15406906,2023-03-05,,
15407566,2023-03-05,,
15408534,2023-03-05,,
15408559,2023-03-05,,
15408723,2023-03-05,,
15408855,2023-03-05,,
15410054,2023-03-05,,
15410579,2023-03-05,,
15411694,2023-03-05,,
15411771,2023-03-05,,
15411861,2023-03-05,,
15413977,2023-03-05,,
15414041,2023-03-05,,
15414454,2023-03-05,,
15414735,2023-03-05,,
15415368,2023-03-05,,
15418264,2023-03-06,,
15418490,2023-03-06,,
15419091,2023-03-06,,
15425958,2023-03-06,,
15430067,2023-03-06,,
15432185,2023-03-06,,
15433017,2023-03-06,,
15433639,2023-03-06,,
15434456,2023-03-06,,
15436308,2023-03-07,,
15438105,2023-03-07,,
15439163,2023-03-07,,
15439183,2023-03-07,,
15440597,2023-03-07,,
15442385,2023-03-07,,
15448302,2023-03-07,,
15449830,2023-03-07,,
15453684,2023-03-07,,
15454945,2023-03-07,,
15455161,2023-03-07,,
15455175,2023-03-07,,
15455619,2023-03-07,,
15456850,2023-03-08,,
15458333,2023-03-08,,
15458805,2023-03-08,,
15459510,2023-03-08,,
15465941,2023-03-08,,
15467223,2023-03-08,,
15468041,2023-03-08,,
15471388,2023-03-08,,
15471616,2023-03-08,,
15473082,2023-03-08,,
15473161,2023-03-08,,
15474575,2023-03-09,,
15475953,2023-03-09,,
15477488,2023-03-09,,
15478465,2023-03-09,,
15484604,2023-03-09,,
15488020,2023-03-09,,
15491075,2023-03-09,,
15492029,2023-03-09,,
15492532,2023-03-09,,
15495455,2023-03-10,,
15495530,2023-03-10,,
15495563,2023-03-10,,
15496416,2023-03-10,,
15498267,2023-03-10,,
15506592,2023-03-10,,
15508791,2023-03-10,,
15509375,2023-03-10,,
15510773,2023-03-10,,
15510853,2023-03-10,,
15511766,2023-03-10,,
15513803,2023-03-11,,
15513919,2023-03-11,,
15514354,2023-03-11,,
15516625,2023-03-11,,
15517222,2023-03-11,,
15518158,2023-03-11,,
15520700,2023-03-11,,
15521670,2023-03-11,,
15521959,2023-03-11,,
15524514,2023-03-11,,
15525020,2023-03-11,,
15525080,2023-03-11,,
15525135,2023-03-11,,
15525356,2023-03-11,,
15525555,2023-03-11,,
15526128,2023-03-11,,
15526223,2023-03-11,,
15526341,2023-03-11,,
15526589,2023-03-12,,
15527379,2023-03-12,,
15527472,2023-03-12,,
15528346,2023-03-12,,
15528661,2023-03-12,,
15530827,2023-03-12,,
15532447,2023-03-12,,
15533005,2023-03-12,,
15536505,2023-03-12,,
15536627,2023-03-12,,
15537421,2023-03-12,,
15537819,2023-03-12,,
15539932,2023-03-13,,
15548550,2023-03-13,,
15550965,2023-03-13,,
15552631,2023-03-13,,
15554571,2023-03-13,,
15557105,2023-03-13,,
15558878,2023-03-13,,
15558891,2023-03-13,,
15562862,2023-03-14,,
15563180,2023-03-14,,
15563221,2023-03-14,,
15563266,2023-03-14,,
15572444,2023-03-14,,
15575171,2023-03-14,,
15575384,2023-03-14,,
15575813,2023-03-14,,
15576989,2023-03-14,,
15577167,2023-03-14,,
15577579,2023-03-14,,
15577997,2023-03-14,,
15578214,2023-03-14,,
15582056,2023-03-15,,
15584293,2023-03-15,,
15585072,2023-03-15,,
15585586,2023-03-15,,
15586001,2023-03-15,,
15586190,2023-03-15,,
15594023,2023-03-15,,
15596715,2023-03-15,,
15597047,2023-03-15,,
15597444,2023-03-15,,
15598833,2023-03-15,,
15600944,2023-03-16,,
15601303,2023-03-16,,
15601665,2023-03-16,,
15603128,2023-03-16,,
15604801,2023-03-16,,
15617785,2023-03-16,,
15618767,2023-03-16,,
15619153,2023-03-16,,
15619467,2023-03-16,,
15620563,2023-03-16,,
15621136,2023-03-16,,
15621221,2023-03-16,,
15621298,2023-03-16,,
15621363,2023-03-16,,
15621644,2023-03-16,,
15622792,2023-03-17,,
15623017,2023-03-17,,
15623222,2023-03-17,,
15624024,2023-03-17,,
15626912,2023-03-17,,
15627592,2023-03-17,,
15632996,2023-03-17,,
15634718,2023-03-17,,
15635040,2023-03-17,,
15637075,2023-03-17,,
15637249,2023-03-17,,
15637863,2023-03-17,,
15640083,2023-03-17,,
15642670,2023-03-18,,
15644322,2023-03-18,,
15648416,2023-03-18,,
15649330,2023-03-18,,
15650440,2023-03-18,,
15652135,2023-03-18,,
15652245,2023-03-18,,
15653937,2023-03-18,,
15655128,2023-03-19,,
15655459,2023-03-19,,
15657069,2023-03-19,,
15657100,2023-03-19,,
15658165,2023-03-19,,
15661857,2023-03-19,,
15663139,2023-03-19,,
15664101,2023-03-19,,
15664213,2023-03-19,,
15665725,2023-03-20,,
15666718,2023-03-20,,
15678993,2023-03-20,,
15681079,2023-03-20,,
15681522,2023-03-20,,
15682759,2023-03-20,,
15683687,2023-03-20,,
15683790,2023-03-20,,
15684574,2023-03-20,,
15685388,2023-03-20,,
15686347,2023-03-20,,
15686927,2023-03-21,,
15687774,2023-03-21,,
15688254,2023-03-21,,
15698946,2023-03-21,,
15702667,2023-03-21,,
15704430,2023-03-21,,
15705127,2023-03-21,,
15710219,2023-03-22,,
15724344,2023-03-22,,
15724584,2023-03-22,,
15724637,2023-03-22,,
15725278,2023-03-22,,
15726011,2023-03-22,,
15726871,2023-03-23,,
15727395,2023-03-23,,
15727851,2023-03-23,,
15727964,2023-03-23,,
15728193,2023-03-23,,
15729327,2023-03-23,,
15740141,2023-03-23,,
15742024,2023-03-23,,
15743824,2023-03-23,,
15745102,2023-03-23,,
15746422,2023-03-23,,
15748907,2023-03-24,,
15749638,2023-03-24,,
15755859,2023-03-24,,
15756259,2023-03-24,,
15758366,2023-03-24,,
15760359,2023-03-24,,
15760676,2023-03-24,,
15761474,2023-03-24,,
15762033,2023-03-24,,
15762915,2023-03-24,,
15762960,2023-03-24,,
15769174,2023-03-25,,
15772256,2023-03-25,,
15774417,2023-03-25,,
15775199,2023-03-25,,
15775280,2023-03-25,,
15777192,2023-03-25,,
15777751,2023-03-26,,
15785519,2023-03-26,,
15785739,2023-03-26,,
15785755,2023-03-26,,
15785782,2023-03-26,,
15786116,2023-03-26,,
15786127,2023-03-26,,
15786686,2023-03-26,,
15786939,2023-03-26,,
15786958,2023-03-26,,
15789686,2023-03-27,,
15803399,2023-03-27,,
15803636,2023-03-27,,
15805632,2023-03-27,,
15805717,2023-03-27,,
15805718,2023-03-27,,
15806619,2023-03-27,,
15808677,2023-03-28,,
15809171,2023-03-28,,
15810113,2023-03-28,,
15816129,2023-03-28,,
15821914,2023-03-28,,
15822713,2023-03-28,,
15824742,2023-03-28,,
15824961,2023-03-28,,
15825216,2023-03-28,,
15827092,2023-03-29,,
15831701,2023-03-29,,
15838390,2023-03-29,,
15840447,2023-03-29,,
15843166,2023-03-29,,
15843507,2023-03-29,,
15843719,2023-03-29,,
15844623,2023-03-29,,
15844719,2023-03-29,,
15844900,2023-03-29,,
15845046,2023-03-29,,
15845159,2023-03-29,,
15847433,2023-03-30,,
15847893,2023-03-30,,
15847977,2023-03-30,,
15852787,2023-03-30,,
15856295,2023-03-30,,
15857116,2023-03-30,,
15857481,2023-03-30,,
15859818,2023-03-30,,
15860330,2023-03-30,,
15864521,2023-03-30,,
15864875,2023-03-30,,
15864940,2023-03-30,,
15864986,2023-03-30,,
15866574,2023-03-31,,
15866810,2023-03-31,,
15867118,2023-03-31,,
15868300,2023-03-31,,
15869679,2023-03-31,,
15877157,2023-03-31,,
15880535,2023-03-31,,
15880550,2023-03-31,,
15881121,2023-03-31,,
15881131,2023-03-31,,
15881212,2023-03-31,,
15881445,2023-03-31,,
15881854,2023-03-31,,
15882436,2023-03-31,,
15882636,2023-03-31,,
15882844,2023-03-31,,
15884124,2023-04-01,,
15884227,2023-04-01,,
15884264,2023-04-01,,
15885121,2023-04-01,,
15885392,2023-04-01,,
15886452,2023-04-01,,
15889771,2023-04-01,,
15892064,2023-04-01,,
15892250,2023-04-01,,
15892492,2023-04-01,,
15894498,2023-04-01,,
15895546,2023-04-01,,
15895660,2023-04-01,,
15895973,2023-04-01,,
15896823,2023-04-01,,
15897287,2023-04-02,,
15897487,2023-04-02,,
15900060,2023-04-02,,
15900981,2023-04-02,,
15901334,2023-04-02,,
15901449,2023-04-02,,
15903022,2023-04-02,,
15903370,2023-04-02,,
15904093,2023-04-02,,
15904533,2023-04-02,,
15904589,2023-04-02,,
15905576,2023-04-02,,
15905678,2023-04-02,,
15906384,2023-04-02,,
15906649,2023-04-02,,
15906709,2023-04-02,,
15906767,2023-04-02,,
15907011,2023-04-02,,
15907053,2023-04-02,,
15908277,2023-04-03,,
15908298,2023-04-03,,
15908912,2023-04-03,,
15909617,2023-04-03,,
15910672,2023-04-03,,
15911411,2023-04-03,,
15911478,2023-04-03,,
15912034,2023-04-03,,
15913297,2023-04-03,,
15913422,2023-04-03,,
15917600,2023-04-03,,
15918810,2023-04-03,,
15918977,2023-04-03,,
15919565,2023-04-03,,
15919809,2023-04-03,,
15919950,2023-04-03,,
15920639,2023-04-03,,
15921073,2023-04-03,,
15921186,2023-04-03,,
15921759,2023-04-03,,
15922016,2023-04-03,,
15922476,2023-04-03,,
15924456,2023-04-03,,
15924717,2023-04-03,,
15924982,2023-04-03,,
15925054,2023-04-03,,
15926276,2023-04-03,,
15926555,2023-04-03,,
15926652,2023-04-03,,
15927935,2023-04-04,,
15927974,2023-04-04,,
15928048,2023-04-04,,
15928130,2023-04-04,,
15928249,2023-04-04,,
15928414,2023-04-04,,
15928651,2023-04-04,,
15928972,2023-04-04,,
15929192,2023-04-04,,
15930163,2023-04-04,,
15930175,2023-04-04,,
15930422,2023-04-04,,
15930456,2023-04-04,,
15930688,2023-04-04,,
15930719,2023-04-04,,
15933128,2023-04-04,,
15934854,2023-04-04,,
15936239,2023-04-04,,
15939021,2023-04-04,,
15939551,2023-04-04,,
15940743,2023-04-04,,
15940751,2023-04-04,,
15941224,2023-04-04,,
15941545,2023-04-04,,
15941935,2023-04-04,,
15942221,2023-04-04,,
15942332,2023-04-04,,
15942890,2023-04-04,,
15943012,2023-04-04,,
15945266,2023-04-04,,
15945489,2023-04-04,,
15945972,2023-04-04,,
15946406,2023-04-04,,
15946553,2023-04-04,,
15946650,2023-04-04,,
15946830,2023-04-04,,
15947116,2023-04-04,,
15947251,2023-04-05,,
15947283,2023-04-05,,
15947567,2023-04-05,,
15947785,2023-04-05,,
15947822,2023-04-05,,
15948060,2023-04-05,,
15948139,2023-04-05,,
15948415,2023-04-05,,
15948488,2023-04-05,,
15948567,2023-04-05,,
15948873,2023-04-05,,
15948885,2023-04-05,,
15948930,2023-04-05,,
15948972,2023-04-05,,
15949046,2023-04-05,,
15949087,2023-04-05,,
15949109,2023-04-05,,
15949116,2023-04-05,,
15958433,2023-04-05,,
15959227,2023-04-05,,
15959461,2023-04-05,,
15959546,2023-04-05,,
15959845,2023-04-05,,
15960315,2023-04-05,,
15961226,2023-04-05,,
15961526,2023-04-05,,
15964157,2023-04-05,,
15964305,2023-04-05,,
15964634,2023-04-05,,
15965597,2023-04-06,,
15966006,2023-04-06,,
15968476,2023-04-06,,
15970958,2023-04-06,,
15978202,2023-04-06,,
15978214,2023-04-06,,
15979767,2023-04-06,,
15980678,2023-04-06,,
15981827,2023-04-06,,
15983253,2023-04-07,,
15983510,2023-04-07,,
15984429,2023-04-07,,
15989548,2023-04-07,,
15990319,2023-04-07,,
15992115,2023-04-07,,
15993983,2023-04-07,,
15993990,2023-04-07,,
15995749,2023-04-07,,
15996821,2023-04-07,,
15998391,2023-04-08,,
15998875,2023-04-08,,
15998996,2023-04-08,,
15999175,2023-04-08,,
15999684,2023-04-08,,
16001317,2023-04-08,,
16005457,2023-04-08,,
16006953,2023-04-08,,
16007276,2023-04-08,,
16008540,2023-04-08,,
16008724,2023-04-08,,
16008804,2023-04-08,,
16008985,2023-04-08,,
16010390,2023-04-09,,
16011959,2023-04-09,,
16013239,2023-04-09,,
16013609,2023-04-09,,
16013838,2023-04-09,,
16015296,2023-04-09,,
16016747,2023-04-09,,
16018192,2023-04-10,,
16024475,2023-04-10,,
16026510,2023-04-10,,
16027976,2023-04-10,,
16032033,2023-04-10,,
16032686,2023-04-10,,
16033646,2023-04-10,,
16033658,2023-04-10,,
16034214,2023-04-10,,
16034584,2023-04-10,,
16035053,2023-04-11,,
16035220,2023-04-11,,
16036337,2023-04-11,,
16037261,2023-04-11,,
16037335,2023-04-11,,
16040879,2023-04-11,,
16048138,2023-04-11,,
16049906,2023-04-11,,
16053013,2023-04-11,,
16053560,2023-04-11,,
16056256,2023-04-12,,
16061876,2023-04-12,,
16064141,2023-04-12,,
16067418,2023-04-12,,
16068878,2023-04-12,,
16071678,2023-04-12,,
16073277,2023-04-12,,
16074580,2023-04-13,,
16076229,2023-04-13,,
16076397,2023-04-13,,
16077008,2023-04-13,,
16078042,2023-04-13,,
16084752,2023-04-13,,
16087122,2023-04-13,,
16087340,2023-04-13,,
16089438,2023-04-13,,
16090800,2023-04-13,,
16091246,2023-04-13,,
16094394,2023-04-14,,
16095595,2023-04-14,,
16097385,2023-04-14,,
16099758,2023-04-14,,
16104343,2023-04-14,,
16105052,2023-04-14,,
16107147,2023-04-14,,
16108701,2023-04-14,,
16109309,2023-04-14,,
16109571,2023-04-14,,
16109955,2023-04-15,,
16109967,2023-04-15,,
16110181,2023-04-15,,
16110200,2023-04-15,,
16110225,2023-04-15,,
16110663,2023-04-15,,
16110696,2023-04-15,,
16110844,2023-04-15,,
16110944,2023-04-15,,
16110961,2023-04-15,,
16112586,2023-04-15,,
16113301,2023-04-15,,
16115586,2023-04-15,,
16116922,2023-04-15,,
16118158,2023-04-15,,
16118385,2023-04-15,,
16120289,2023-04-15,,
16122428,2023-04-15,,
16122667,2023-04-15,,
16123069,2023-04-16,,
16123304,2023-04-16,,
16124804,2023-04-16,,
16125105,2023-04-16,,
16128899,2023-04-16,,
16130346,2023-04-16,,
16132438,2023-04-16,,
16146645,2023-04-17,,
16147822,2023-04-17,,
16148543,2023-04-17,,
16150448,2023-04-17,,
16155886,2023-04-18,,
16163864,2023-04-18,,
16169902,2023-04-18,,
16170482,2023-04-18,,
16172881,2023-04-18,,
16173265,2023-04-18,,
16176087,2023-04-19,,
16180100,2023-04-19,,
16184953,2023-04-19,,
16186944,2023-04-19,,
16189925,2023-04-19,,
16194640,2023-04-20,,
16197307,2023-04-20,,
16198622,2023-04-20,,
16199907,2023-04-20,,
16206823,2023-04-20,,
16207313,2023-04-20,,
16208659,2023-04-20,,
16208714,2023-04-20,,
16210421,2023-04-20,,
16211075,2023-04-21,,
16211190,2023-04-21,,
16211861,2023-04-21,,
16213517,2023-04-21,,
16214189,2023-04-21,,
16218199,2023-04-21,,
16219671,2023-04-21,,
16220057,2023-04-21,,
16220217,2023-04-21,,
16221021,2023-04-21,,
16221684,2023-04-21,,
16223075,2023-04-21,,
16224017,2023-04-21,,
16227294,2023-04-22,,
16227875,2023-04-22,,
16230237,2023-04-22,,
16235863,2023-04-22,,
16236086,2023-04-22,,
16236375,2023-04-22,,
16236586,2023-04-22,,
16237297,2023-04-23,,
16237576,2023-04-23,,
16238705,2023-04-23,,
16241632,2023-04-23,,
16243419,2023-04-23,,
16246523,2023-04-24,,
16246655,2023-04-24,,
16247230,2023-04-24,,
16252593,2023-04-24,,
16253647,2023-04-24,,
16257767,2023-04-24,,
16259445,2023-04-24,,
16260668,2023-04-24,,
16262740,2023-04-24,,
16264282,2023-04-24,,
16266351,2023-04-25,,
16266935,2023-04-25,,
16273024,2023-04-25,,
16273220,2023-04-25,,
16281028,2023-04-25,,
16284128,2023-04-25,,
16285799,2023-04-25,,
16287306,2023-04-26,,
16287969,2023-04-26,,
16288899,2023-04-26,,
16299062,2023-04-26,,
16300166,2023-04-26,,
16302986,2023-04-26,,
16303655,2023-04-26,,
16307564,2023-04-26,,
16308195,2023-04-27,,
16308701,2023-04-27,,
16309651,2023-04-27,,
16316067,2023-04-27,,
16316551,2023-04-27,,
16318562,2023-04-27,,
16322039,2023-04-27,,
16323219,2023-04-27,,
16324149,2023-04-27,,
16326752,2023-04-27,,
16336796,2023-04-28,,
16338984,2023-04-28,,
16340478,2023-04-28,,
16340888,2023-04-28,,
16341533,2023-04-28,,
16341961,2023-04-28,,
16342949,2023-04-28,,
16343292,2023-04-28,,
16343919,2023-04-28,,
16345278,2023-04-28,,
16346404,2023-04-29,,
16346884,2023-04-29,,
16347125,2023-04-29,,
16348098,2023-04-29,,
16348112,2023-04-29,,
16348297,2023-04-29,,
16353821,2023-04-29,,
16354347,2023-04-29,,
16354488,2023-04-29,,
16355752,2023-04-29,,
16356937,2023-04-29,,
16356974,2023-04-29,,
16357356,2023-04-29,,
16358091,2023-04-29,,
16358682,2023-04-29,,
16359122,2023-04-30,,
16359424,2023-04-30,,
16359971,2023-04-30,,
16360120,2023-04-30,,
16360451,2023-04-30,,
16363328,2023-04-30,,
16365332,2023-04-30,,
16367507,2023-04-30,,
16367513,2023-04-30,,
16368585,2023-04-30,,
16368659,2023-04-30,,
16369761,2023-05-01,,
16370368,2023-05-01,,
16370894,2023-05-01,,
16373312,2023-05-01,,
16374079,2023-05-01,,
16376623,2023-05-01,,
16379110,2023-05-01,,
16379673,2023-05-01,,
16380180,2023-05-01,,
16381888,2023-05-01,,
16382751,2023-05-01,,
16383599,2023-05-01,,
16384431,2023-05-01,,
16384632,2023-05-01,,
16385235,2023-05-01,,
16386920,2023-05-01,,
16387058,2023-05-01,,
16387079,2023-05-02,,
16388823,2023-05-02,,
16389507,2023-05-02,,
16391682,2023-05-02,,
16391722,2023-05-02,,
16393307,2023-05-02,,
16394724,2023-05-02,,
16395609,2023-05-02,,
16397935,2023-05-02,,
16398220,2023-05-02,,
16398487,2023-05-02,,
16398899,2023-05-02,,
16400486,2023-05-02,,
16400977,2023-05-02,,
16401079,2023-05-02,,
16403763,2023-05-02,,
16404210,2023-05-02,,
16404977,2023-05-02,,
16405322,2023-05-02,,
16406000,2023-05-02,,
16406586,2023-05-02,,
16407370,2023-05-03,,
16407681,2023-05-03,,
16407843,2023-05-03,,
16408372,2023-05-03,,
16408589,2023-05-03,,
16408706,2023-05-03,,
16408988,2023-05-03,,
16409524,2023-05-03,,
16409535,2023-05-03,,
16411960,2023-05-03,,
16411961,2023-05-03,,
16414448,2023-05-03,,
16415138,2023-05-03,,
16415264,2023-05-03,,
16416822,2023-05-03,,
16418769,2023-05-03,,
16419677,2023-05-03,,
16420226,2023-05-03,,
16420420,2023-05-03,,
16420874,2023-05-03,,
16420937,2023-05-03,,
16421334,2023-05-03,,
16421335,2023-05-03,,
16421608,2023-05-03,,
16421658,2023-05-03,,
16421664,2023-05-03,,
16422151,2023-05-03,,
16422626,2023-05-03,,
16422633,2023-05-03,,
16422694,2023-05-03,,
16422705,2023-05-03,,
16423894,2023-05-03,,
16424006,2023-05-03,,
16424176,2023-05-03,,
16424453,2023-05-03,,
16424934,2023-05-03,,
16425889,2023-05-03,,
16426353,2023-05-03,,
16426424,2023-05-03,,
16426551,2023-05-03,,
16427364,2023-05-04,,
16427983,2023-05-04,,
16428258,2023-05-04,,
16428311,2023-05-04,,
16428737,2023-05-04,,
16428986,2023-05-04,,
16429081,2023-05-04,,
16430213,2023-05-04,,
16430223,2023-05-04,,
16437949,2023-05-04,,
16438993,2023-05-04,,
16439533,2023-05-04,,
16440387,2023-05-04,,
16442182,2023-05-04,,
16442546,2023-05-04,,
16442872,2023-05-04,,
16442970,2023-05-04,,
16443708,2023-05-04,,
16444127,2023-05-04,,
16444181,2023-05-04,,
16444351,2023-05-04,,
16444363,2023-05-04,,
16444416,2023-05-04,,
16444429,2023-05-04,,
16444537,2023-05-04,,
16444596,2023-05-04,,
16445775,2023-05-04,,
16446123,2023-05-04,,
16446380,2023-05-04,,
16446433,2023-05-04,,
16447559,2023-05-05,,
16447635,2023-05-05,,
16447636,2023-05-05,,
16447659,2023-05-05,,
16447805,2023-05-05,,
16448313,2023-05-05,,
16448392,2023-05-05,,
16448447,2023-05-05,,
16448588,2023-05-05,,
16448645,2023-05-05,,
16448865,2023-05-05,,
16449041,2023-05-05,,
16449069,2023-05-05,,
16449080,2023-05-05,,
16449136,2023-05-05,,
16449163,2023-05-05,,
16453706,2023-05-05,,
16454964,2023-05-05,,
16457462,2023-05-05,,
16457772,2023-05-05,,
16459014,2023-05-05,,
16460412,2023-05-05,,
16460647,2023-05-05,,
16460966,2023-05-05,,
16461154,2023-05-05,,
16462512,2023-05-05,,
16462574,2023-05-05,,
16462830,2023-05-05,,
16462892,2023-05-05,,
16470988,2023-05-06,,
16472364,2023-05-06,,
16472447,2023-05-06,,
16473531,2023-05-06,,
16473849,2023-05-06,,
16474155,2023-05-06,,
16474729,2023-05-06,,
16475150,2023-05-06,,
16476596,2023-05-07,,
16476789,2023-05-07,,
16477820,2023-05-07,,
16478307,2023-05-07,,
16483619,2023-05-07,,
16484166,2023-05-07,,
16484762,2023-05-07,,
16484810,2023-05-07,,
16485556,2023-05-07,,
16487825,2023-05-08,,
16491355,2023-05-08,,
16496986,2023-05-08,,
16497235,2023-05-08,,
16498751,2023-05-08,,
16503509,2023-05-08,,
16504300,2023-05-09,,
16504328,2023-05-09,,
16505237,2023-05-09,,
16505645,2023-05-09,,
16505713,2023-05-09,,
16506163,2023-05-09,,
16510792,2023-05-09,,
16514808,2023-05-09,,
16518246,2023-05-09,,
16519780,2023-05-09,,
16520117,2023-05-09,,
16522696,2023-05-10,,
16524197,2023-05-10,,
16534285,2023-05-10,,
16535370,2023-05-10,,
16536367,2023-05-10,,
16538401,2023-05-10,,
16544851,2023-05-11,,
16551461,2023-05-11,,
16553502,2023-05-11,,
16554530,2023-05-11,,
16555484,2023-05-11,,
16556438,2023-05-11,,
16557649,2023-05-11,,
16557835,2023-05-11,,
16558721,2023-05-11,,
16560897,2023-05-11,,
16560986,2023-05-11,,
16561357,2023-05-12,,
16562718,2023-05-12,,
16565304,2023-05-12,,
16565373,2023-05-12,,
16565699,2023-05-12,,
16565875,2023-05-12,,
16566714,2023-05-12,,
16570497,2023-05-12,,
16570836,2023-05-12,,
16572366,2023-05-12,,
16572504,2023-05-12,,
16572764,2023-05-12,,
16574179,2023-05-12,,
16576271,2023-05-12,,
16576314,2023-05-12,,
16577720,2023-05-12,,
16578929,2023-05-13,,
16580028,2023-05-13,,
16580331,2023-05-13,,
16581266,2023-05-13,,
16587733,2023-05-13,,
16588307,2023-05-13,,
16588706,2023-05-13,,
16590205,2023-05-14,,
16590984,2023-05-14,,
16591169,2023-05-14,,
16591747,2023-05-14,,
16592641,2023-05-14,,
16593031,2023-05-14,,
16597784,2023-05-14,,
16598554,2023-05-14,,
16598703,2023-05-14,,
16598726,2023-05-14,,
16599355,2023-05-15,,
16599733,2023-05-15,,
16599896,2023-05-15,,
16600030,2023-05-15,,
16600956,2023-05-15,,
16604069,2023-05-15,,
16604653,2023-05-15,,
16608575,2023-05-15,,
16610091,2023-05-15,,
16610460,2023-05-15,,
16611044,2023-05-15,,
16611506,2023-05-15,,
16613115,2023-05-15,,
16613877,2023-05-15,,
16614943,2023-05-15,,
16615811,2023-05-15,,
16617625,2023-05-16,,
16619676,2023-05-16,,
16619906,2023-05-16,,
16620396,2023-05-16,,
16620754,2023-05-16,,
16627504,2023-05-16,,
16627812,2023-05-16,,
16627891,2023-05-16,,
16627927,2023-05-16,,
16628035,2023-05-16,,
16628350,2023-05-16,,
16628996,2023-05-16,,
16631793,2023-05-16,,
16632067,2023-05-16,,
16632384,2023-05-16,,
16633207,2023-05-16,,
16633246,2023-05-16,,
16635683,2023-05-16,,
16635846,2023-05-16,,
16637014,2023-05-17,,
16638832,2023-05-17,,
16638856,2023-05-17,,
16646743,2023-05-17,,
16650413,2023-05-17,,
16650993,2023-05-17,,
16651018,2023-05-17,,
16653510,2023-05-17,,
16654108,2023-05-17,,
16654669,2023-05-17,,
16654715,2023-05-17,,
16655105,2023-05-17,,
16655210,2023-05-17,,
16655588,2023-05-18,,
16655593,2023-05-18,,
16655628,2023-05-18,,
16656779,2023-05-18,,
16657308,2023-05-18,,
16658038,2023-05-18,,
16658145,2023-05-18,,
16658160,2023-05-18,,
16660423,2023-05-18,,
16663391,2023-05-18,,
16664401,2023-05-18,,
16665923,2023-05-18,,
16668812,2023-05-18,,
16669520,2023-05-18,,
16669701,2023-05-18,,
16670746,2023-05-18,,
16671404,2023-05-18,,
16671568,2023-05-18,,
16671956,2023-05-18,,
16673025,2023-05-18,,
16673596,2023-05-18,,
16674673,2023-05-19,,
16674899,2023-05-19,,
16676181,2023-05-19,,
16676701,2023-05-19,,
16682636,2023-05-19,,
16684054,2023-05-19,,
16684751,2023-05-19,,
16685733,2023-05-19,,
16686276,2023-05-19,,
16687272,2023-05-19,,
16687294,2023-05-19,,
16688019,2023-05-19,,
16688109,2023-05-19,,
16688619,2023-05-19,,
16688729,2023-05-19,,
16689169,2023-05-19,,
16689536,2023-05-19,,
16689617,2023-05-19,,
16690009,2023-05-19,,
16690383,2023-05-19,,
16690695,2023-05-19,,
16690781,2023-05-20,,
16691097,2023-05-20,,
16691851,2023-05-20,,
16692375,2023-05-20,,
16693788,2023-05-20,,
16697210,2023-05-20,,
16697593,2023-05-20,,
16697871,2023-05-20,,
16698871,2023-05-20,,
16699939,2023-05-20,,
16701343,2023-05-20,,
16701745,2023-05-20,,
16701753,2023-05-20,,
16701913,2023-05-20,,
16702333,2023-05-21,,
16702369,2023-05-21,,
16702508,2023-05-21,,
16702937,2023-05-21,,
16702962,2023-05-21,,
16703076,2023-05-21,,
16703681,2023-05-21,,
16707912,2023-05-21,,
16707964,2023-05-21,,
16708097,2023-05-21,,
16709046,2023-05-21,,
16709438,2023-05-21,,
16711200,2023-05-21,,
16711660,2023-05-22,,
16715661,2023-05-22,,
16723189,2023-05-22,,
16724764,2023-05-22,,
16725158,2023-05-22,,
16727493,2023-05-22,,
16728401,2023-05-22,,
16733015,2023-05-23,,
16733679,2023-05-23,,
16742264,2023-05-23,,
16742599,2023-05-23,,
16742886,2023-05-23,,
16743811,2023-05-23,,
16745228,2023-05-23,,
16747056,2023-05-23,,
16748487,2023-05-23,,
16748754,2023-05-24,,
16748799,2023-05-24,,
16751079,2023-05-24,,
16760488,2023-05-24,,
16761618,2023-05-24,,
16761712,2023-05-24,,
16765643,2023-05-24,,
16767388,2023-05-25,,
16767936,2023-05-25,,
16768921,2023-05-25,,
16769197,2023-05-25,,
16779992,2023-05-25,,
16781218,2023-05-25,,
16781304,2023-05-25,,
16781452,2023-05-25,,
16783778,2023-05-26,,
16784319,2023-05-26,,
16784912,2023-05-26,,
16786370,2023-05-26,,
16793068,2023-05-26,,
16794946,2023-05-26,,
16796190,2023-05-26,,
16796848,2023-05-26,,
16797490,2023-05-26,,
16797694,2023-05-26,,
16799004,2023-05-26,,
16799122,2023-05-26,,
16800033,2023-05-27,,
16800912,2023-05-27,,
16801789,2023-05-27,,
16803608,2023-05-27,,
16807064,2023-05-27,,
16807569,2023-05-27,,
16808243,2023-05-27,,
16808400,2023-05-27,,
16809068,2023-05-27,,
16809596,2023-05-27,,
16810054,2023-05-27,,
16810732,2023-05-28,,
16810980,2023-05-28,,
16811191,2023-05-28,,
16811404,2023-05-28,,
16811416,2023-05-28,,
16814459,2023-05-28,,
16816520,2023-05-28,,
16816750,2023-05-28,,
16819805,2023-05-28,,
16820003,2023-05-28,,
16820353,2023-05-29,,
16825523,2023-05-29,,
16830721,2023-05-29,,
16830807,2023-05-29,,
16832018,2023-05-29,,
16832910,2023-05-29,,
16832971,2023-05-29,,
16834730,2023-05-29,,
16834913,2023-05-29,,
16835028,2023-05-29,,
16835317,2023-05-29,,
16835351,2023-05-29,,
16835497,2023-05-29,,
16844979,2023-05-30,,
16847750,2023-05-30,,
16849308,2023-05-30,,
16852184,2023-05-30,,
16854391,2023-05-30,,
16855482,2023-05-30,,
16855575,2023-05-30,,
16857276,2023-05-31,,
16857325,2023-05-31,,
16857432,2023-05-31,,
16858456,2023-05-31,,
16858473,2023-05-31,,
16858864,2023-05-31,,
16858992,2023-05-31,,
16869912,2023-05-31,,
16873240,2023-05-31,,
16874191,2023-05-31,,
16874603,2023-05-31,,
16875395,2023-05-31,,
16875509,2023-05-31,,
16878221,2023-06-01,,
16878784,2023-06-01,,
16879295,2023-06-01,,
16879690,2023-06-01,,
16884660,2023-06-01,,
16885854,2023-06-01,,
16888996,2023-06-01,,
16890475,2023-06-01,,
16890877,2023-06-01,,
16892994,2023-06-01,,
16893528,2023-06-01,,
16893639,2023-06-01,,
16893840,2023-06-01,,
16894629,2023-06-01,,
16897110,2023-06-02,,
16899422,2023-06-02,,
16906548,2023-06-02,,
16906854,2023-06-02,,
16906971,2023-06-02,,
16907351,2023-06-02,,
16908052,2023-06-02,,
16908079,2023-06-02,,
16908433,2023-06-02,,
16908653,2023-06-02,,
16910451,2023-06-02,,
16910610,2023-06-02,,
16911400,2023-06-02,,
16911655,2023-06-02,,
16911986,2023-06-02,,
16912840,2023-06-02,,
16913328,2023-06-02,,
16913510,2023-06-02,,
16914335,2023-06-02,,
16915869,2023-06-03,,
16916103,2023-06-03,,
16916430,2023-06-03,,
16918971,2023-06-03,,
16919408,2023-06-03,,
16924289,2023-06-03,,
16925149,2023-06-03,,
16925858,2023-06-03,,
16926451,2023-06-03,,
16926454,2023-06-03,,
16928447,2023-06-04,,
16928496,2023-06-04,,
16928916,2023-06-04,,
16929011,2023-06-04,,
16929380,2023-06-04,,
16929455,2023-06-04,,
16929498,2023-06-04,,
16930704,2023-06-04,,
16931513,2023-06-04,,
16931736,2023-06-04,,
16931986,2023-06-04,,
16932166,2023-06-04,,
16934269,2023-06-04,,
16934754,2023-06-04,,
16935047,2023-06-04,,
16935109,2023-06-04,,
16935152,2023-06-04,,
16935818,2023-06-04,,
16936524,2023-06-04,,
16936810,2023-06-04,,
16937037,2023-06-04,,
16937402,2023-06-04,,
16937493,2023-06-04,,
16938312,2023-06-04,,
16938690,2023-06-04,,
16938854,2023-06-04,,
16938894,2023-06-04,,
16938923,2023-06-04,,
16939089,2023-06-04,,
16939141,2023-06-04,,
16939229,2023-06-04,,
16939606,2023-06-05,,
16940063,2023-06-05,,
16940412,2023-06-05,,
16940623,2023-06-05,,
16941202,2023-06-05,,
16941355,2023-06-05,,
16941368,2023-06-05,,
16941426,2023-06-05,,
16941698,2023-06-05,,
16942380,2023-06-05,,
16942392,2023-06-05,,
16942571,2023-06-05,,
16942897,2023-06-05,,
16943311,2023-06-05,,
16943600,2023-06-05,,
16943869,2023-06-05,,
16944438,2023-06-05,,
16955005,2023-06-05,,
16955571,2023-06-05,,
16956653,2023-06-05,,
16956838,2023-06-05,,
16958510,2023-06-05,,
16959139,2023-06-05,,
16960617,2023-06-05,,
16960885,2023-06-05,,
16961453,2023-06-05,,
16963003,2023-06-06,,
16964021,2023-06-06,,
16965187,2023-06-06,,
16968250,2023-06-06,,
16970090,2023-06-06,,
16973223,2023-06-06,,
16974491,2023-06-06,,
16975066,2023-06-06,,
16975573,2023-06-06,,
16975984,2023-06-06,,
16976683,2023-06-06,,
16977943,2023-06-06,,
16980146,2023-06-06,,
16980387,2023-06-06,,
16980997,2023-06-06,,
16981780,2023-06-06,,
16982054,2023-06-07,,
16982279,2023-06-07,,
16982441,2023-06-07,,
16982658,2023-06-07,,
16983253,2023-06-07,,
16983529,2023-06-07,,
16983548,2023-06-07,,
16984554,2023-06-07,,
16985619,2023-06-07,,
16988211,2023-06-07,,
16988620,2023-06-07,,
16993753,2023-06-07,,
16997069,2023-06-07,,
16998442,2023-06-07,,
17000300,2023-06-07,,
17000784,2023-06-07,,
17000797,2023-06-08,,
17001630,2023-06-08,,
17001646,2023-06-08,,
17001647,2023-06-08,,
17003097,2023-06-08,,
17003934,2023-06-08,,
17006186,2023-06-08,,
17010124,2023-06-08,,
17013865,2023-06-08,,
17014335,2023-06-08,,
17015320,2023-06-08,,
17016318,2023-06-08,,
17018219,2023-06-08,,
17018616,2023-06-08,,
17019113,2023-06-08,,
17019814,2023-06-08,,
17020012,2023-06-09,,
17020365,2023-06-09,,
17023329,2023-06-09,,
17023500,2023-06-09,,
17026779,2023-06-09,,
17027395,2023-06-09,,
17030317,2023-06-09,,
17032104,2023-06-09,,
17032398,2023-06-09,,
17041392,2023-06-09,,
17043342,2023-06-09,,
17044872,2023-06-09,,
17047068,2023-06-10,,
17048008,2023-06-10,,
17049490,2023-06-10,,
17050039,2023-06-10,,
17056866,2023-06-10,,
17057008,2023-06-10,,
17057043,2023-06-10,,
17058240,2023-06-10,,
17058392,2023-06-10,,
17062113,2023-06-11,,
17065358,2023-06-11,,
17066660,2023-06-11,,
17067903,2023-06-11,,
17069416,2023-06-11,,
17071270,2023-06-12,,
17082728,2023-06-12,,
17082754,2023-06-12,,
17083990,2023-06-12,,
17085244,2023-06-12,,
17085963,2023-06-12,,
17089040,2023-06-12,,
17090143,2023-06-12,,
17090288,2023-06-12,,
17090510,2023-06-12,,
17092804,2023-06-13,,
17093797,2023-06-13,,
17095100,2023-06-13,,
17101863,2023-06-13,,
17102397,2023-06-13,,
17102443,2023-06-13,,
17102823,2023-06-13,,
17103361,2023-06-13,,
17106491,2023-06-13,,
17107140,2023-06-13,,
17107235,2023-06-13,,
17107509,2023-06-13,,
17107904,2023-06-13,,
17108377,2023-06-13,,
17109445,2023-06-13,,
17110251,2023-06-13,,
17111869,2023-06-14,,
17112299,2023-06-14,,
17115659,2023-06-14,,
17116785,2023-06-14,,
17117302,2023-06-14,,
17124134,2023-06-14,,
17124211,2023-06-14,,
17124654,2023-06-14,,
17125528,2023-06-14,,
17126432,2023-06-14,,
17127162,2023-06-14,,
17128776,2023-06-14,,
17130569,2023-06-14,,
17130682,2023-06-14,,
17131977,2023-06-15,,
17132760,2023-06-15,,
17135020,2023-06-15,,
17135442,2023-06-15,,
17136266,2023-06-15,,
17142579,2023-06-15,,
17142922,2023-06-15,,
17148664,2023-06-15,,
17150836,2023-06-15,,
17151778,2023-06-15,,
17152365,2023-06-15,,
17153449,2023-06-16,,
17153623,2023-06-16,,
17153640,2023-06-16,,
17154218,2023-06-16,,
17154335,2023-06-16,,
17156749,2023-06-16,,
17157884,2023-06-16,,
17159769,2023-06-16,,
17163390,2023-06-16,,
17163967,2023-06-16,,
17164680,2023-06-16,,
17165544,2023-06-16,,
17165753,2023-06-16,,
17165794,2023-06-16,,
17166521,2023-06-16,,
17167641,2023-06-16,,
17168791,2023-06-16,,
17169157,2023-06-16,,
17169455,2023-06-16,,
17170327,2023-06-17,,
17170958,2023-06-17,,
17174641,2023-06-17,,
17178847,2023-06-17,,
17179579,2023-06-17,,
17179648,2023-06-17,,
17180006,2023-06-17,,
17181151,2023-06-17,,
17181222,2023-06-17,,
17182873,2023-06-17,,
17183200,2023-06-17,,
17183290,2023-06-18,,
17183810,2023-06-18,,
17184617,2023-06-18,,
17184896,2023-06-18,,
17190014,2023-06-18,,
17192358,2023-06-18,,
17194707,2023-06-19,,
17195840,2023-06-19,,
17201325,2023-06-19,,
17204396,2023-06-19,,
17206448,2023-06-19,,
17206818,2023-06-19,,
17207874,2023-06-19,,
17208800,2023-06-19,,
17210092,2023-06-19,,
17210458,2023-06-19,,
17210658,2023-06-19,,
17212127,2023-06-19,,
17213139,2023-06-20,,
17213153,2023-06-20,,
17213201,2023-06-20,,
17213622,2023-06-20,,
17213693,2023-06-20,,
17214033,2023-06-20,,
17214634,2023-06-20,,
17215779,2023-06-20,,
17216447,2023-06-20,,
17217116,2023-06-20,,
17218175,2023-06-20,,
17221833,2023-06-20,,
17225500,2023-06-20,,
17226479,2023-06-20,,
17227247,2023-06-20,,
17228351,2023-06-20,,
17229390,2023-06-20,,
17229482,2023-06-20,,
17230734,2023-06-20,,
17231273,2023-06-20,,
17231430,2023-06-20,,
17231731,2023-06-20,,
17232205,2023-06-20,,
17232340,2023-06-20,,
17232732,2023-06-20,,
17232735,2023-06-20,,
17232846,2023-06-20,,
17233019,2023-06-20,,
17233240,2023-06-20,,
17233407,2023-06-20,,
17233501,2023-06-21,,
17234581,2023-06-21,,
17234582,2023-06-21,,
17235286,2023-06-21,,
17236030,2023-06-21,,
17244250,2023-06-21,,
17245806,2023-06-21,,
17246241,2023-06-21,,
17246391,2023-06-21,,
17246691,2023-06-21,,
17248499,2023-06-21,,
17249033,2023-06-21,,
17249247,2023-06-21,,
17250469,2023-06-21,,
17250843,2023-06-21,,
17251056,2023-06-21,,
17251501,2023-06-21,,
17252239,2023-06-21,,
17252607,2023-06-21,,
17253245,2023-06-21,,
17253973,2023-06-21,,
17254383,2023-06-22,,
17257761,2023-06-22,,
17261543,2023-06-22,,
17261892,2023-06-22,,
17267215,2023-06-22,,
17268570,2023-06-22,,
17270046,2023-06-22,,
17270354,2023-06-22,,
17271281,2023-06-22,,
17271444,2023-06-22,,
17274569,2023-06-22,,
17276277,2023-06-23,,
17276339,2023-06-23,,
17279898,2023-06-23,,
17281932,2023-06-23,,
17281944,2023-06-23,,
17285679,2023-06-23,,
17286426,2023-06-23,,
17286789,2023-06-23,,
17287503,2023-06-23,,
17287739,2023-06-23,,
17288188,2023-06-23,,
17288834,2023-06-23,,
17289793,2023-06-23,,
17290880,2023-06-23,,
17291238,2023-06-23,,
17291783,2023-06-23,,
17292246,2023-06-23,,
17292328,2023-06-23,,
17292508,2023-06-23,,
17293411,2023-06-23,,
17293822,2023-06-24,,
17294806,2023-06-24,,
17301012,2023-06-24,,
17301891,2023-06-24,,
17302412,2023-06-24,,
17303289,2023-06-24,,
17303802,2023-06-24,,
17303841,2023-06-24,,
17305494,2023-06-24,,
17306056,2023-06-24,,
17306178,2023-06-24,,
17307449,2023-06-25,,
17307599,2023-06-25,,
17308237,2023-06-25,,
17308380,2023-06-25,,
17309379,2023-06-25,,
17311626,2023-06-25,,
17312082,2023-06-25,,
17312979,2023-06-25,,
17313636,2023-06-25,,
17313883,2023-06-25,,
17314089,2023-06-25,,
17315151,2023-06-25,,
17315398,2023-06-25,,
17315486,2023-06-25,,
17315738,2023-06-25,,
17315824,2023-06-25,,
17316050,2023-06-25,,
17316422,2023-06-25,,
17317026,2023-06-26,,
17317760,2023-06-26,,
17318125,2023-06-26,,
17328199,2023-06-26,,
17329399,2023-06-26,,
17334284,2023-06-26,,
17335387,2023-06-26,,
17336895,2023-06-26,,
17337249,2023-06-26,,
17338261,2023-06-26,,
17342835,2023-06-27,,
17349674,2023-06-27,,
17351198,2023-06-27,,
17352228,2023-06-27,,
17353468,2023-06-27,,
17360401,2023-06-27,,
17361411,2023-06-27,,
17361430,2023-06-27,,
17362279,2023-06-28,,
17362386,2023-06-28,,
17362701,2023-06-28,,
17365641,2023-06-28,,
17366615,2023-06-28,,
17373590,2023-06-28,,
17374208,2023-06-28,,
17375194,2023-06-28,,
17375293,2023-06-28,,
17375703,2023-06-28,,
17377147,2023-06-28,,
17377322,2023-06-28,,
17377525,2023-06-28,,
17377737,2023-06-28,,
17378639,2023-06-28,,
17379187,2023-06-28,,
17379875,2023-06-28,,
17380166,2023-06-28,,
17380580,2023-06-28,,
17381387,2023-06-29,,
17382141,2023-06-29,,
17382685,2023-06-29,,
17382983,2023-06-29,,
17383077,2023-06-29,,
17383222,2023-06-29,,
17383365,2023-06-29,,
17384333,2023-06-29,,
17389915,2023-06-29,,
17390775,2023-06-29,,
17390928,2023-06-29,,
17392892,2023-06-29,,
17392918,2023-06-29,,
17393451,2023-06-29,,
17393751,2023-06-29,,
17394460,2023-06-29,,
17395565,2023-06-29,,
17396715,2023-06-29,,
17396818,2023-06-29,,
17397014,2023-06-29,,
17397505,2023-06-29,,
17397640,2023-06-29,,
17398199,2023-06-30,,
17398310,2023-06-30,,
17398324,2023-06-30,,
17398439,2023-06-30,,
17398753,2023-06-30,,
17398884,2023-06-30,,
17399751,2023-06-30,,
17400275,2023-06-30,,
17400401,2023-06-30,,
17406030,2023-06-30,,
17407040,2023-06-30,,
17407522,2023-06-30,,
17407568,2023-06-30,,
17407585,2023-06-30,,
17407609,2023-06-30,,
17409678,2023-06-30,,
17410657,2023-06-30,,
17411443,2023-06-30,,
17411858,2023-06-30,,
17413081,2023-06-30,,
17413115,2023-06-30,,
17413129,2023-06-30,,
17413967,2023-06-30,,
17414026,2023-06-30,,
17414930,2023-06-30,,
17414943,2023-06-30,,
17415030,2023-06-30,,
17415255,2023-06-30,,
17415468,2023-06-30,,
17415514,2023-06-30,,
17415959,2023-06-30,,
17416103,2023-07-01,,
17417114,2023-07-01,,
17417386,2023-07-01,,
17418202,2023-07-01,,
17418279,2023-07-01,,
17418629,2023-07-01,,
17424996,2023-07-01,,
17426154,2023-07-01,,
17426497,2023-07-01,,
17426581,2023-07-01,,
17427976,2023-07-01,,
17428039,2023-07-01,,
17428249,2023-07-01,,
17428562,2023-07-01,,
17429784,2023-07-01,,
17430689,2023-07-02,,
17430742,2023-07-02,,
17430868,2023-07-02,,
17430919,2023-07-02,,
17431630,2023-07-02,,
17431993,2023-07-02,,
17432402,2023-07-02,,
17433247,2023-07-02,,
17433395,2023-07-02,,
17433428,2023-07-02,,
17435649,2023-07-02,,
17435949,2023-07-02,,
17436208,2023-07-02,,
17436392,2023-07-02,,
17436532,2023-07-02,,
17437621,2023-07-02,,
17438313,2023-07-02,,
17439077,2023-07-02,,
17439598,2023-07-02,,
17440287,2023-07-02,,
17440617,2023-07-02,,
17440686,2023-07-02,,
17442098,2023-07-03,,
17442418,2023-07-03,,
17443547,2023-07-03,,
17444876,2023-07-03,,
17447350,2023-07-03,,
17450086,2023-07-03,,
17457269,2023-07-03,,
17457509,2023-07-03,,
17458515,2023-07-03,,
17459419,2023-07-03,,
17459472,2023-07-03,,
17459590,2023-07-03,,
17459621,2023-07-03,,
17460741,2023-07-03,,
17460812,2023-07-03,,
17461061,2023-07-03,,
17461299,2023-07-04,,
17461533,2023-07-04,,
17461922,2023-07-04,,
17462275,2023-07-04,,
17462319,2023-07-04,,
17462341,2023-07-04,,
17462369,2023-07-04,,
17462628,2023-07-04,,
17462983,2023-07-04,,
17463176,2023-07-04,,
17463878,2023-07-04,,
17463912,2023-07-04,,
17464225,2023-07-04,,
17464923,2023-07-04,,
17466347,2023-07-04,,
17467161,2023-07-04,,
17467316,2023-07-04,,
17467936,2023-07-04,,
17470089,2023-07-04,,
17472339,2023-07-04,,
17472848,2023-07-04,,
17473319,2023-07-04,,
17473364,2023-07-04,,
17474516,2023-07-04,,
17474959,2023-07-04,,
17475674,2023-07-04,,
17476228,2023-07-04,,
17476856,2023-07-04,,
17477178,2023-07-04,,
17477238,2023-07-04,,
17477745,2023-07-04,,
17477873,2023-07-04,,
17478118,2023-07-04,,
17478270,2023-07-04,,
17478302,2023-07-04,,
17478409,2023-07-04,,
17478515,2023-07-04,,
17478567,2023-07-04,,
17478662,2023-07-04,,
17478950,2023-07-04,,
17478978,2023-07-04,,
17479157,2023-07-05,,
17479334,2023-07-05,,
17479738,2023-07-05,,
17480095,2023-07-05,,
17480233,2023-07-05,,
17480252,2023-07-05,,
17480388,2023-07-05,,
17480475,2023-07-05,,
17480590,2023-07-05,,
17480778,2023-07-05,,
17481210,2023-07-05,,
17487204,2023-07-05,,
17490024,2023-07-05,,
17491595,2023-07-05,,
17491902,2023-07-05,,
17492465,2023-07-05,,
17493815,2023-07-05,,
17494420,2023-07-05,,
17494973,2023-07-05,,
17495798,2023-07-05,,
17496043,2023-07-05,,
17497248,2023-07-05,,
17498325,2023-07-06,,
17498786,2023-07-06,,
17499025,2023-07-06,,
17499561,2023-07-06,,
17500812,2023-07-06,,
17504610,2023-07-06,,
17514982,2023-07-06,,
17515966,2023-07-06,,
17516833,2023-07-06,,
17517677,2023-07-07,,
17517866,2023-07-07,,
17518508,2023-07-07,,
17519052,2023-07-07,,
17529570,2023-07-07,,
17531341,2023-07-07,,
17534005,2023-07-07,,
17534022,2023-07-07,,
17534493,2023-07-07,,
17535275,2023-07-07,,
17536266,2023-07-08,,
17536977,2023-07-08,,
17543512,2023-07-08,,
17546651,2023-07-08,,
17546781,2023-07-08,,
17547940,2023-07-08,,
17549296,2023-07-09,,
17551032,2023-07-09,,
17553107,2023-07-09,,
17555121,2023-07-09,,
17555285,2023-07-09,,
17557176,2023-07-09,,
17558650,2023-07-09,,
17559605,2023-07-09,,
17559837,2023-07-10,,
17560027,2023-07-10,,
17560115,2023-07-10,,
17560969,2023-07-10,,
17562071,2023-07-10,,
17562169,2023-07-10,,
17563201,2023-07-10,,
17565011,2023-07-10,,
17571857,2023-07-10,,
17572009,2023-07-10,,
17572242,2023-07-10,,
17572267,2023-07-10,,
17573267,2023-07-10,,
17573919,2023-07-10,,
17575117,2023-07-10,,
17575269,2023-07-10,,
17578861,2023-07-10,,
17580392,2023-07-10,,
17582595,2023-07-11,,
17582612,2023-07-11,,
17582992,2023-07-11,,
17583214,2023-07-11,,
17583336,2023-07-11,,
17587353,2023-07-11,,
17587669,2023-07-11,,
17590346,2023-07-11,,
17594608,2023-07-11,,
17595417,2023-07-11,,
17597028,2023-07-11,,
17597337,2023-07-11,,
17598652,2023-07-11,,
17599646,2023-07-11,,
17600281,2023-07-11,,
17600935,2023-07-11,,
17601320,2023-07-11,,
17601559,2023-07-12,,
17602048,2023-07-12,,
17602720,2023-07-12,,
17603474,2023-07-12,,
17603928,2023-07-12,,
17606982,2023-07-12,,
17611213,2023-07-12,,
17611777,2023-07-12,,
17613416,2023-07-12,,
17614569,2023-07-12,,
17615004,2023-07-12,,
17615011,2023-07-12,,
17616892,2023-07-12,,
17618542,2023-07-12,,
17620528,2023-07-12,,
17620684,2023-07-12,,
17620710,2023-07-12,,
17622442,2023-07-13,,
17622640,2023-07-13,,
17627511,2023-07-13,,
17632400,2023-07-13,,
17632789,2023-07-13,,
17634914,2023-07-13,,
17638172,2023-07-13,,
17638435,2023-07-13,,
17639471,2023-07-13,,
17640954,2023-07-14,,
17641204,2023-07-14,,
17641419,2023-07-14,,
17641583,2023-07-14,,
17641672,2023-07-14,,
17641806,2023-07-14,,
17641933,2023-07-14,,
17643280,2023-07-14,,
17643506,2023-07-14,,
17644084,2023-07-14,,
17645770,2023-07-14,,
17650728,2023-07-14,,
17652222,2023-07-14,,
17653336,2023-07-14,,
17653679,2023-07-14,,
17653704,2023-07-14,,
17654168,2023-07-14,,
17654755,2023-07-14,,
17654807,2023-07-14,,
17655555,2023-07-14,,
17656168,2023-07-14,,
17656733,2023-07-14,,
17657310,2023-07-14,,
17657949,2023-07-14,,
17658485,2023-07-15,,
17658715,2023-07-15,,
17658740,2023-07-15,,
17659131,2023-07-15,,
17659200,2023-07-15,,
17659731,2023-07-15,,
17660625,2023-07-15,,
17661614,2023-07-15,,
17661691,2023-07-15,,
17665406,2023-07-15,,
17666876,2023-07-15,,
17667772,2023-07-15,,
17667827,2023-07-15,,
17667846,2023-07-15,,
17667991,2023-07-15,,
17668996,2023-07-15,,
17669325,2023-07-15,,
17669494,2023-07-15,,
17670398,2023-07-15,,
17671070,2023-07-15,,
17671117,2023-07-15,,
17673922,2023-07-16,,
17678887,2023-07-16,,
17681493,2023-07-16,,
17681779,2023-07-16,,
17682505,2023-07-16,,
17688873,2023-07-17,,
17689675,2023-07-17,,
17694564,2023-07-17,,
17695406,2023-07-17,,
17695765,2023-07-17,,
17697342,2023-07-17,,
17701303,2023-07-17,,
17703449,2023-07-17,,
17704929,2023-07-17,,
17704956,2023-07-17,,
17705170,2023-07-17,,
17705788,2023-07-17,,
17706931,2023-07-18,,
17707656,2023-07-18,,
17709958,2023-07-18,,
17711924,2023-07-18,,
17713369,2023-07-18,,
17715955,2023-07-18,,
17716514,2023-07-18,,
17721454,2023-07-18,,
17723030,2023-07-18,,
17724602,2023-07-18,,
17726742,2023-07-18,,
17727118,2023-07-18,,
17727425,2023-07-18,,
17727594,2023-07-18,,
17727727,2023-07-18,,
17729337,2023-07-19,,
17729710,2023-07-19,,
17730421,2023-07-19,,
17730724,2023-07-19,,
17731700,2023-07-19,,
17733919,2023-07-19,,
17737223,2023-07-19,,
17739872,2023-07-19,,
17740611,2023-07-19,,
17741531,2023-07-19,,
17741612,2023-07-19,,
17741852,2023-07-19,,
17742759,2023-07-19,,
17744115,2023-07-19,,
17744230,2023-07-19,,
17745912,2023-07-19,,
17745939,2023-07-19,,
17746827,2023-07-19,,
17747006,2023-07-19,,
17747014,2023-07-19,,
17747627,2023-07-19,,
17748166,2023-07-19,,
17748514,2023-07-19,,
17750365,2023-07-20,,
17750604,2023-07-20,,
17752577,2023-07-20,,
17758378,2023-07-20,,
17761678,2023-07-20,,
17762789,2023-07-20,,
17763275,2023-07-20,,
17763363,2023-07-20,,
17764383,2023-07-20,,
17765062,2023-07-20,,
17765298,2023-07-20,,
17765484,2023-07-20,,
17765675,2023-07-20,,
17765864,2023-07-20,,
17766883,2023-07-20,,
17766972,2023-07-20,,
17767850,2023-07-20,,
17768567,2023-07-20,,
17768717,2023-07-20,,
17769143,2023-07-21,,
17770014,2023-07-21,,
17770177,2023-07-21,,
17770299,2023-07-21,,
17770676,2023-07-21,,
17772211,2023-07-21,,
17775332,2023-07-21,,
17775565,2023-07-21,,
17775832,2023-07-21,,
17777553,2023-07-21,,
17779693,2023-07-21,,
17780548,2023-07-21,,
17781416,2023-07-21,,
17783665,2023-07-21,,
17784820,2023-07-21,,
17784896,2023-07-21,,
17785447,2023-07-21,,
17786035,2023-07-21,,
17786295,2023-07-22,,
17787466,2023-07-22,,
17789950,2023-07-22,,
17790992,2023-07-22,,
17794995,2023-07-22,,
17796469,2023-07-22,,
17797112,2023-07-22,,
17798453,2023-07-22,,
17798751,2023-07-22,,
17799801,2023-07-23,,
17802080,2023-07-23,,
17803429,2023-07-23,,
17803443,2023-07-23,,
17803513,2023-07-23,,
17805450,2023-07-23,,
17808194,2023-07-23,,
17808218,2023-07-23,,
17808952,2023-07-23,,
17809521,2023-07-23,,
17809794,2023-07-23,,
17810080,2023-07-24,,
17810398,2023-07-24,,
17810854,2023-07-24,,
17811134,2023-07-24,,
17811387,2023-07-24,,
17815084,2023-07-24,,
17818386,2023-07-24,,
17824054,2023-07-24,,
17824298,2023-07-24,,
17825093,2023-07-24,,
17826815,2023-07-24,,
17829873,2023-07-24,,
17830081,2023-07-24,,
17830317,2023-07-24,,
17830763,2023-07-24,,
17830977,2023-07-24,,
17831939,2023-07-25,,
17833318,2023-07-25,,
17834729,2023-07-25,,
17842111,2023-07-25,,
17845262,2023-07-25,,
17848214,2023-07-25,,
17848670,2023-07-25,,
17849275,2023-07-25,,
17851349,2023-07-25,,
17853103,2023-07-26,,
17853286,2023-07-26,,
17853883,2023-07-26,,
17854382,2023-07-26,,
17855774,2023-07-26,,
17866397,2023-07-26,,
17866733,2023-07-26,,
17869101,2023-07-26,,
17869925,2023-07-26,,
17870223,2023-07-26,,
17870395,2023-07-26,,
17870735,2023-07-26,,
17871031,2023-07-26,,
17874913,2023-07-27,,
17875050,2023-07-27,,
17876242,2023-07-27,,
17876721,2023-07-27,,
17876805,2023-07-27,,
17878514,2023-07-27,,
17878623,2023-07-27,,
17879256,2023-07-27,,
17884288,2023-07-27,,
17888598,2023-07-27,,
17889989,2023-07-27,,
17892662,2023-07-27,,
17894446,2023-07-27,,
17896395,2023-07-28,,
17906055,2023-07-28,,
17907554,2023-07-28,,
17908598,2023-07-28,,
17910437,2023-07-28,,
17910638,2023-07-28,,
17910738,2023-07-28,,
17913243,2023-07-28,,
17914086,2023-07-29,,
17914163,2023-07-29,,
17914898,2023-07-29,,
17918244,2023-07-29,,
17920782,2023-07-29,,
17922467,2023-07-29,,
17923815,2023-07-29,,
17926254,2023-07-29,,
17927642,2023-07-30,,
17928316,2023-07-30,,
17928453,2023-07-30,,
17928960,2023-07-30,,
17929558,2023-07-30,,
17929794,2023-07-30,,
17930181,2023-07-30,,
17932959,2023-07-30,,
17933264,2023-07-30,,
17933525,2023-07-30,,
17935492,2023-07-30,,
17936172,2023-07-30,,
17938795,2023-07-30,,
17938812,2023-07-30,,
17939390,2023-07-31,,
17939420,2023-07-31,,
17939946,2023-07-31,,
17940915,2023-07-31,,
17941152,2023-07-31,,
17941378,2023-07-31,,
17941558,2023-07-31,,
17941878,2023-07-31,,
17941885,2023-07-31,,
17942424,2023-07-31,,
17942458,2023-07-31,,
17942739,2023-07-31,,
17943475,2023-07-31,,
17950548,2023-07-31,,
17950738,2023-07-31,,
17951743,2023-07-31,,
17951910,2023-07-31,,
17952140,2023-07-31,,
17953582,2023-07-31,,
17954123,2023-07-31,,
17954702,2023-07-31,,
17955151,2023-07-31,,
17955290,2023-07-31,,
17957490,2023-07-31,,
17958179,2023-07-31,,
17958803,2023-07-31,,
17959630,2023-07-31,,
17959914,2023-07-31,,
17960202,2023-07-31,,
17961591,2023-08-01,,
17961638,2023-08-01,,
17962438,2023-08-01,,
17962728,2023-08-01,,
17962823,2023-08-01,,
17964864,2023-08-01,,
17967414,2023-08-01,,
17971804,2023-08-01,,
17972299,2023-08-01,,
17972556,2023-08-01,,
17973764,2023-08-01,,
17975356,2023-08-01,,
17975911,2023-08-01,,
17976388,2023-08-01,,
17977005,2023-08-01,,
17978415,2023-08-01,,
17978699,2023-08-01,,
17979143,2023-08-01,,
17979482,2023-08-01,,
17979534,2023-08-01,,
17979859,2023-08-01,,
17980829,2023-08-01,,
17981865,2023-08-01,,
17982236,2023-08-02,,
17983085,2023-08-02,,
17983210,2023-08-02,,
17983267,2023-08-02,,
17983439,2023-08-02,,
17983919,2023-08-02,,
17984913,2023-08-02,,
17989196,2023-08-02,,
17989204,2023-08-02,,
17989269,2023-08-02,,
17989314,2023-08-02,,
17991608,2023-08-02,,
17997101,2023-08-02,,
17997309,2023-08-02,,
17997793,2023-08-02,,
18000228,2023-08-02,,
18000356,2023-08-02,,
18001813,2023-08-02,,
18001866,2023-08-02,,
18002034,2023-08-02,,
18002467,2023-08-02,,
18002813,2023-08-02,,
18004842,2023-08-03,,
18005312,2023-08-03,,
18005664,2023-08-03,,
18006153,2023-08-03,,
18006183,2023-08-03,,
18006475,2023-08-03,,
18006592,2023-08-03,,
18007035,2023-08-03,,
18007694,2023-08-03,,
18009053,2023-08-03,,
18012225,2023-08-03,,
18012934,2023-08-03,,
18013392,2023-08-03,,
18013726,2023-08-03,,
18017554,2023-08-03,,
18019375,2023-08-03,,
18020627,2023-08-03,,
18021627,2023-08-03,,
18022562,2023-08-03,,
18023530,2023-08-03,,
18024316,2023-08-03,,
18024344,2023-08-03,,
18024602,2023-08-03,,
18024750,2023-08-03,,
18024778,2023-08-03,,
18025135,2023-08-03,,
18025431,2023-08-03,,
18026137,2023-08-04,,
18026571,2023-08-04,,
18026601,2023-08-04,,
18026866,2023-08-04,,
18027073,2023-08-04,,
18027128,2023-08-04,,
18027252,2023-08-04,,
18027265,2023-08-04,,
18027483,2023-08-04,,
18027499,2023-08-04,,
18027924,2023-08-04,,
18028486,2023-08-04,,
18029273,2023-08-04,,
18029638,2023-08-04,,
18030460,2023-08-04,,
18030545,2023-08-04,,
18032189,2023-08-04,,
18034719,2023-08-04,,
18036276,2023-08-04,,
18036543,2023-08-04,,
18037024,2023-08-04,,
18037210,2023-08-04,,
18038304,2023-08-04,,
18038555,2023-08-04,,
18038681,2023-08-04,,
18041006,2023-08-04,,
18041373,2023-08-04,,
18041505,2023-08-04,,
18041560,2023-08-04,,
18041732,2023-08-04,,
18041767,2023-08-04,,
18041878,2023-08-04,,
18042184,2023-08-04,,
18042352,2023-08-04,,
18042986,2023-08-04,,
18043065,2023-08-04,,
18043539,2023-08-04,,
18043787,2023-08-04,,
18043947,2023-08-04,,
18044000,2023-08-04,,
18044077,2023-08-04,,
18044128,2023-08-05,,
18044157,2023-08-05,,
18044167,2023-08-05,,
18044362,2023-08-05,,
18044516,2023-08-05,,
18044555,2023-08-05,,
18044842,2023-08-05,,
18044994,2023-08-05,,
18045042,2023-08-05,,
18045235,2023-08-05,,
18045265,2023-08-05,,
18045277,2023-08-05,,
18045284,2023-08-05,,
18045343,2023-08-05,,
18045346,2023-08-05,,
18045546,2023-08-05,,
18045680,2023-08-05,,
18045755,2023-08-05,,
18051744,2023-08-05,,
18052729,2023-08-05,,
18053573,2023-08-05,,
18055354,2023-08-05,,
18055768,2023-08-05,,
18055921,2023-08-05,,
18056000,2023-08-05,,
18056227,2023-08-05,,
18057376,2023-08-05,,
18058133,2023-08-05,,
18058312,2023-08-05,,
18058344,2023-08-06,,
18058813,2023-08-06,,
18062434,2023-08-06,,
18062586,2023-08-06,,
18065698,2023-08-06,,
18067400,2023-08-06,,
18067970,2023-08-06,,
18068833,2023-08-06,,
18069421,2023-08-07,,
18069607,2023-08-07,,
18070578,2023-08-07,,
18076043,2023-08-07,,
18082648,2023-08-07,,
18083922,2023-08-07,,
18085380,2023-08-07,,
18087121,2023-08-07,,
18089129,2023-08-07,,
18090540,2023-08-07,,
18090611,2023-08-07,,
18090881,2023-08-07,,
18090951,2023-08-07,,
18091651,2023-08-08,,
18093503,2023-08-08,,
18095016,2023-08-08,,
18097200,2023-08-08,,
18106725,2023-08-08,,
18107839,2023-08-08,,
18107910,2023-08-08,,
18108917,2023-08-08,,
18109911,2023-08-08,,
18112186,2023-08-08,,
18112355,2023-08-08,,
18113509,2023-08-09,,
18118958,2023-08-09,,
18124713,2023-08-09,,
18125947,2023-08-09,,
18126523,2023-08-09,,
18129195,2023-08-09,,
18129643,2023-08-09,,
18131151,2023-08-09,,
18132973,2023-08-09,,
18133952,2023-08-09,,
18134635,2023-08-10,,
18135128,2023-08-10,,
18140504,2023-08-10,,
18144699,2023-08-10,,
18147353,2023-08-10,,
18150322,2023-08-10,,
18150526,2023-08-10,,
18150551,2023-08-10,,
18151143,2023-08-10,,
18152029,2023-08-10,,
18152094,2023-08-10,,
18152390,2023-08-10,,
18152839,2023-08-10,,
18153363,2023-08-10,,
18154535,2023-08-10,,
18154696,2023-08-10,,
18155300,2023-08-11,,
18155453,2023-08-11,,
18156166,2023-08-11,,
18158962,2023-08-11,,
18159070,2023-08-11,,
18168082,2023-08-11,,
18168764,2023-08-11,,
18168881,2023-08-11,,
18169594,2023-08-11,,
18171301,2023-08-11,,
18171616,2023-08-11,,
18171810,2023-08-11,,
18171898,2023-08-11,,
18172188,2023-08-11,,
18174300,2023-08-12,,
18174815,2023-08-12,,
18182839,2023-08-12,,
18183164,2023-08-12,,
18183213,2023-08-12,,
18183273,2023-08-12,,
18183315,2023-08-12,,
18183340,2023-08-12,,
18183909,2023-08-12,,
18183951,2023-08-12,,
18184307,2023-08-12,,
18184569,2023-08-12,,
18184592,2023-08-12,,
18185681,2023-08-12,,
18186099,2023-08-12,,
18186457,2023-08-12,,
18187686,2023-08-13,,
18190368,2023-08-13,,
18190407,2023-08-13,,
18190555,2023-08-13,,
18190566,2023-08-13,,
18193336,2023-08-13,,
18194015,2023-08-13,,
18194476,2023-08-13,,
18195879,2023-08-13,,
18196503,2023-08-13,,
18196719,2023-08-13,,
18197060,2023-08-13,,
18197538,2023-08-13,,
18197737,2023-08-14,,
18197958,2023-08-14,,
18198281,2023-08-14,,
18200050,2023-08-14,,
18200451,2023-08-14,,
18201067,2023-08-14,,
18207513,2023-08-14,,
18209436,2023-08-14,,
18209589,2023-08-14,,
18210909,2023-08-14,,
18212505,2023-08-14,,
18212582,2023-08-14,,
18212945,2023-08-14,,
18213174,2023-08-14,,
18213584,2023-08-14,,
18213749,2023-08-14,,
18214502,2023-08-14,,
18215572,2023-08-14,,
18215873,2023-08-14,,
18216133,2023-08-14,,
18216573,2023-08-14,,
18216883,2023-08-14,,
18217090,2023-08-14,,
18217950,2023-08-14,,
18218242,2023-08-14,,
18218248,2023-08-14,,
18218324,2023-08-14,,
18220462,2023-08-15,,
18220832,2023-08-15,,
18221169,2023-08-15,,
18221986,2023-08-15,,
18223281,2023-08-15,,
18225428,2023-08-15,,
18226788,2023-08-15,,
18228007,2023-08-15,,
18228459,2023-08-15,,
18229128,2023-08-15,,
18229146,2023-08-15,,
18229399,2023-08-15,,
18231679,2023-08-15,,
18232343,2023-08-15,,
18233037,2023-08-15,,
18233057,2023-08-15,,
18233203,2023-08-15,,
18233502,2023-08-15,,
18234219,2023-08-15,,
18234245,2023-08-15,,
18234600,2023-08-15,,
18235653,2023-08-15,,
18238121,2023-08-16,,
18239078,2023-08-16,,
18239515,2023-08-16,,
18239566,2023-08-16,,
18240268,2023-08-16,,
18240277,2023-08-16,,
18245783,2023-08-16,,
18245931,2023-08-16,,
18250756,2023-08-16,,
18254047,2023-08-16,,
18254479,2023-08-16,,
18256792,2023-08-16,,
18258156,2023-08-16,,
18259837,2023-08-16,,
18260285,2023-08-17,,
18260773,2023-08-17,,
18260800,2023-08-17,,
18261126,2023-08-17,,
18261384,2023-08-17,,
18262212,2023-08-17,,
18262287,2023-08-17,,
18267912,2023-08-17,,
18274003,2023-08-17,,
18276420,2023-08-17,,
18277289,2023-08-17,,
18278390,2023-08-17,,
18279472,2023-08-17,,
18279954,2023-08-17,,
18280358,2023-08-17,,
18282334,2023-08-17,,
18282633,2023-08-18,,
18282734,2023-08-18,,
18282945,2023-08-18,,
18283280,2023-08-18,,
18283326,2023-08-18,,
18284448,2023-08-18,,
18289902,2023-08-18,,
18293606,2023-08-18,,
18295421,2023-08-18,,
18296541,2023-08-18,,
18297278,2023-08-18,,
18297323,2023-08-18,,
18299527,2023-08-18,,
18302162,2023-08-18,,
18302508,2023-08-18,,
18303158,2023-08-18,,
18303180,2023-08-18,,
18303397,2023-08-18,,
18304034,2023-08-19,,
18304044,2023-08-19,,
18304251,2023-08-19,,
18304547,2023-08-19,,
18304639,2023-08-19,,
18305894,2023-08-19,,
18307474,2023-08-19,,
18308833,2023-08-19,,
18314003,2023-08-19,,
18314671,2023-08-19,,
18315059,2023-08-19,,
18316450,2023-08-19,,
18316674,2023-08-19,,
18318446,2023-08-19,,
18318737,2023-08-19,,
18319088,2023-08-19,,
18319181,2023-08-19,,
18319377,2023-08-19,,
18319770,2023-08-20,,
18319969,2023-08-20,,
18320055,2023-08-20,,
18320943,2023-08-20,,
18321815,2023-08-20,,
18322477,2023-08-20,,
18324790,2023-08-20,,
18325664,2023-08-20,,
18326232,2023-08-20,,
18326689,2023-08-20,,
18326871,2023-08-20,,
18327052,2023-08-20,,
18327421,2023-08-20,,
18327649,2023-08-20,,
18328481,2023-08-20,,
18329037,2023-08-20,,
18329500,2023-08-20,,
18330016,2023-08-20,,
18330752,2023-08-20,,
18330801,2023-08-20,,
18332401,2023-08-21,,
18332585,2023-08-21,,
18332731,2023-08-21,,
18332997,2023-08-21,,
18333099,2023-08-21,,
18333120,2023-08-21,,
18333819,2023-08-21,,
18333932,2023-08-21,,
18334733,2023-08-21,,
18334908,2023-08-21,,
18336414,2023-08-21,,
18339167,2023-08-21,,
18340017,2023-08-21,,
18347092,2023-08-21,,
18347616,2023-08-21,,
18349568,2023-08-21,,
18352478,2023-08-21,,
18352920,2023-08-21,,
18353713,2023-08-21,,
18354072,2023-08-21,,
18354136,2023-08-21,,
18354259,2023-08-21,,
18354333,2023-08-21,,
18355801,2023-08-22,,
18359458,2023-08-22,,
18362801,2023-08-22,,
18364065,2023-08-22,,
18365702,2023-08-22,,
18368070,2023-08-22,,
18368360,2023-08-22,,
18368650,2023-08-22,,
18372026,2023-08-22,,
18372509,2023-08-22,,
18372647,2023-08-22,,
18373382,2023-08-22,,
18373554,2023-08-22,,
18375826,2023-08-22,,
18376113,2023-08-22,,
18376331,2023-08-22,,
18376793,2023-08-23,,
18376985,2023-08-23,,
18379263,2023-08-23,,
18388735,2023-08-23,,
18388801,2023-08-23,,
18388972,2023-08-23,,
18390117,2023-08-23,,
18390198,2023-08-23,,
18391196,2023-08-23,,
18392098,2023-08-23,,
18396053,2023-08-23,,
18397740,2023-08-23,,
18401606,2023-08-24,,
18415032,2023-08-24,,
18415147,2023-08-24,,
18416589,2023-08-24,,
18418456,2023-08-24,,
18418470,2023-08-24,,
18418649,2023-08-24,,
18419937,2023-08-24,,
18424225,2023-08-25,,
18434608,2023-08-25,,
18435208,2023-08-25,,
18435571,2023-08-25,,
18435700,2023-08-25,,
18437926,2023-08-25,,
18439351,2023-08-25,,
18439875,2023-08-25,,
18439877,2023-08-25,,
18439962,2023-08-25,,
18440742,2023-08-25,,
18441133,2023-08-25,,
18441492,2023-08-26,,
18441835,2023-08-26,,
18442210,2023-08-26,,
18442766,2023-08-26,,
18443768,2023-08-26,,
18446473,2023-08-26,,
18450980,2023-08-26,,
18453148,2023-08-26,,
18453252,2023-08-26,,
18454413,2023-08-26,,
18454441,2023-08-26,,
18456161,2023-08-26,,
18463568,2023-08-27,,
18464164,2023-08-27,,
18467282,2023-08-27,,
18467723,2023-08-27,,
18468412,2023-08-27,,
18469394,2023-08-28,,
18469799,2023-08-28,,
18469924,2023-08-28,,
18470574,2023-08-28,,
18470918,2023-08-28,,
18481893,2023-08-28,,
18482095,2023-08-28,,
18485757,2023-08-28,,
18486198,2023-08-28,,
18486459,2023-08-28,,
18486678,2023-08-28,,
18489017,2023-08-28,,
18490633,2023-08-29,,
18491370,2023-08-29,,
18491665,2023-08-29,,
18493033,2023-08-29,,
18493262,2023-08-29,,
18496583,2023-08-29,,
18496672,2023-08-29,,
18498574,2023-08-29,,
18500837,2023-08-29,,
18505141,2023-08-29,,
18506580,2023-08-29,,
18507207,2023-08-29,,
18508298,2023-08-29,,
18508406,2023-08-29,,
18508471,2023-08-29,,
18508845,2023-08-29,,
18509616,2023-08-29,,
18511329,2023-08-29,,
18511884,2023-08-29,,
18513066,2023-08-29,,
18515146,2023-08-30,,
18516152,2023-08-30,,
18516170,2023-08-30,,
18517001,2023-08-30,,
18517921,2023-08-30,,
18519964,2023-08-30,,
18522704,2023-08-30,,
18526515,2023-08-30,,
18527029,2023-08-30,,
18527522,2023-08-30,,
18527793,2023-08-30,,
18528180,2023-08-30,,
18528552,2023-08-30,,
18530939,2023-08-30,,
18531147,2023-08-30,,
18532151,2023-08-30,,
18534276,2023-08-30,,
18535914,2023-08-31,,
18536750,2023-08-31,,
18536751,2023-08-31,,
18537192,2023-08-31,,
18537358,2023-08-31,,
18537684,2023-08-31,,
18538353,2023-08-31,,
18541727,2023-08-31,,
18543893,2023-08-31,,
18546815,2023-08-31,,
18547680,2023-08-31,,
18548132,2023-08-31,,
18548521,2023-08-31,,
18548853,2023-08-31,,
18549364,2023-08-31,,
18550215,2023-08-31,,
18550874,2023-08-31,,
18551508,2023-08-31,,
18551811,2023-08-31,,
18552482,2023-08-31,,
18552974,2023-08-31,,
18554220,2023-08-31,,
18554783,2023-08-31,,
18555147,2023-09-01,,
18555975,2023-09-01,,
18557486,2023-09-01,,
18558415,2023-09-01,,
18559136,2023-09-01,,
18563122,2023-09-01,,
18564146,2023-09-01,,
18565059,2023-09-01,,
18565881,2023-09-01,,
18568185,2023-09-01,,
18569532,2023-09-01,,
18573324,2023-09-01,,
18574780,2023-09-01,,
18574866,2023-09-01,,
18575565,2023-09-02,,
18576355,2023-09-02,,
18581568,2023-09-02,,
18583785,2023-09-02,,
18586590,2023-09-02,,
18587538,2023-09-02,,
18588421,2023-09-02,,
18588521,2023-09-02,,
18589366,2023-09-02,,
18589845,2023-09-02,,
18590744,2023-09-03,,
18590798,2023-09-03,,
18590891,2023-09-03,,
18590956,2023-09-03,,
18591326,2023-09-03,,
18591583,2023-09-03,,
18591918,2023-09-03,,
18592287,2023-09-03,,
18593078,2023-09-03,,
18594027,2023-09-03,,
18594515,2023-09-03,,
18595015,2023-09-03,,
18595332,2023-09-03,,
18596009,2023-09-03,,
18596045,2023-09-03,,
18596956,2023-09-03,,
18598328,2023-09-03,,
18598517,2023-09-03,,
18598934,2023-09-03,,
18600088,2023-09-03,,
18600467,2023-09-03,,
18600927,2023-09-03,,
18601520,2023-09-03,,
18601624,2023-09-03,,
18601666,2023-09-03,,
18601908,2023-09-03,,
18602926,2023-09-03,,
18603496,2023-09-03,,
18603975,2023-09-04,,
18604645,2023-09-04,,
18604853,2023-09-04,,
18604915,2023-09-04,,
18605162,2023-09-04,,
18605340,2023-09-04,,
18605673,2023-09-04,,
18606427,2023-09-04,,
18606649,2023-09-04,,
18608747,2023-09-04,,
18616617,2023-09-04,,
18617193,2023-09-04,,
18618486,2023-09-04,,
18619502,2023-09-04,,
18620311,2023-09-04,,
18621310,2023-09-04,,
18621413,2023-09-04,,
18621560,2023-09-04,,
18622083,2023-09-04,,
18623168,2023-09-04,,
18623934,2023-09-04,,
18624569,2023-09-04,,
18624807,2023-09-04,,
18625338,2023-09-04,,
18625569,2023-09-04,,
18625716,2023-09-04,,
18626533,2023-09-05,,
18626539,2023-09-05,,
18626576,2023-09-05,,
18626731,2023-09-05,,
18626943,2023-09-05,,
18627164,2023-09-05,,
18627299,2023-09-05,,
18627308,2023-09-05,,
18627440,2023-09-05,,
18627490,2023-09-05,,
18627679,2023-09-05,,
18627687,2023-09-05,,
18627705,2023-09-05,,
18627712,2023-09-05,,
18627734,2023-09-05,,
18627856,2023-09-05,,
18627904,2023-09-05,,
18627963,2023-09-05,,
18628472,2023-09-05,,
18628501,2023-09-05,,
18629691,2023-09-05,,
18634898,2023-09-05,,
18636885,2023-09-05,,
18637694,2023-09-05,,
18639496,2023-09-05,,
18642991,2023-09-05,,
18643173,2023-09-05,,
18643782,2023-09-05,,
18645422,2023-09-05,,
18645472,2023-09-05,,
18645929,2023-09-05,,
18645949,2023-09-05,,
18646900,2023-09-05,,
18648057,2023-09-05,,
18648138,2023-09-05,,
18648372,2023-09-05,,
18648760,2023-09-05,,
18651914,2023-09-06,,
18652685,2023-09-06,,
18653464,2023-09-06,,
18663148,2023-09-06,,
18673577,2023-09-07,,
18684945,2023-09-07,,
18687616,2023-09-07,,
18687854,2023-09-07,,
18690898,2023-09-07,,
18690990,2023-09-07,,
18692785,2023-09-07,,
18694461,2023-09-07,,
18695172,2023-09-07,,
18696239,2023-09-08,,
18697936,2023-09-08,,
18701902,2023-09-08,,
18705401,2023-09-08,,
18706719,2023-09-08,,
18708016,2023-09-08,,
18710096,2023-09-08,,
18710175,2023-09-08,,
18711479,2023-09-08,,
18715464,2023-09-08,,
18715927,2023-09-08,,
18716137,2023-09-09,,
18717677,2023-09-09,,
18718160,2023-09-09,,
18719512,2023-09-09,,
18724752,2023-09-09,,
18724940,2023-09-09,,
18728605,2023-09-09,,
18728673,2023-09-09,,
18728969,2023-09-09,,
18729314,2023-09-09,,
18733797,2023-09-10,,
18736093,2023-09-10,,
18742838,2023-09-10,,
18743613,2023-09-10,,
18744940,2023-09-10,,
18744969,2023-09-10,,
18746300,2023-09-11,,
18746514,2023-09-11,,
18746869,2023-09-11,,
18747401,2023-09-11,,
18748079,2023-09-11,,
18750367,2023-09-11,,
18758134,2023-09-11,,
18758360,2023-09-11,,
18762409,2023-09-11,,
18763753,2023-09-11,,
18763891,2023-09-11,,
18764262,2023-09-11,,
18764483,2023-09-11,,
18764647,2023-09-11,,
18764746,2023-09-11,,
18765850,2023-09-11,,
18767134,2023-09-11,,
18767326,2023-09-11,,
18767935,2023-09-11,,
18769006,2023-09-11,,
18769126,2023-09-11,,
18770112,2023-09-12,,
18772610,2023-09-12,,
18773522,2023-09-12,,
18773754,2023-09-12,,
18783223,2023-09-12,,
18784859,2023-09-12,,
18784950,2023-09-12,,
18786327,2023-09-12,,
18789662,2023-09-12,,
18790057,2023-09-12,,
18790968,2023-09-12,,
18791192,2023-09-12,,
18793181,2023-09-13,,
18793496,2023-09-13,,
18793680,2023-09-13,,
18793778,2023-09-13,,
18794317,2023-09-13,,
18795383,2023-09-13,,
18795456,2023-09-13,,
18795674,2023-09-13,,
18797798,2023-09-13,,
18798541,2023-09-13,,
18800064,2023-09-13,,
18806740,2023-09-13,,
18808912,2023-09-13,,
18809005,2023-09-13,,
18813114,2023-09-13,,
18813230,2023-09-13,,
18813721,2023-09-13,,
18814547,2023-09-13,,
18815051,2023-09-13,,
18816025,2023-09-14,,
18817153,2023-09-14,,
18818298,2023-09-14,,
18821035,2023-09-14,,
18822540,2023-09-14,,
18835161,2023-09-14,,
18836825,2023-09-14,,
18837277,2023-09-14,,
18837867,2023-09-14,,
18838081,2023-09-14,,
18838500,2023-09-14,,
18838564,2023-09-14,,
18838834,2023-09-14,,
18839590,2023-09-14,,
18841339,2023-09-14,,
18842030,2023-09-14,,
18845205,2023-09-15,,
18853576,2023-09-15,,
18858582,2023-09-15,,
18862826,2023-09-15,,
18863738,2023-09-15,,
18864062,2023-09-15,,
18865244,2023-09-15,,
18867717,2023-09-15,,
18867971,2023-09-15,,
18870292,2023-09-15,,
18872855,2023-09-16,,
18873568,2023-09-16,,
18882841,2023-09-16,,
18884552,2023-09-16,,
18885037,2023-09-16,,
18887525,2023-09-16,,
18888861,2023-09-17,,
18888952,2023-09-17,,
18889674,2023-09-17,,
18897414,2023-09-17,,
18897951,2023-09-17,,
18898716,2023-09-17,,
18900157,2023-09-17,,
18902085,2023-09-18,,
18902349,2023-09-18,,
18902680,2023-09-18,,
18912927,2023-09-18,,
18917899,2023-09-18,,
18918343,2023-09-18,,
18919889,2023-09-18,,
18921760,2023-09-18,,
18922601,2023-09-18,,
18922953,2023-09-18,,
18924134,2023-09-19,,
18924270,2023-09-19,,
18924529,2023-09-19,,
18925715,2023-09-19,,
18928820,2023-09-19,,
18935275,2023-09-19,,
18936217,2023-09-19,,
18936846,2023-09-19,,
18938452,2023-09-19,,
18941633,2023-09-19,,
18943994,2023-09-19,,
18945273,2023-09-19,,
18945547,2023-09-19,,
18945898,2023-09-19,,
18945911,2023-09-19,,
18946258,2023-09-20,,
18948469,2023-09-20,,
18952562,2023-09-20,,
18955072,2023-09-20,,
18958211,2023-09-20,,
18960086,2023-09-20,,
18960350,2023-09-20,,
18962575,2023-09-20,,
18962833,2023-09-20,,
18964039,2023-09-20,,
18964419,2023-09-20,,
18964911,2023-09-20,,
18964993,2023-09-20,,
18965753,2023-09-20,,
18965785,2023-09-20,,
18965985,2023-09-20,,
18966116,2023-09-20,,
18966680,2023-09-20,,
18966868,2023-09-20,,
18966891,2023-09-20,,
18966921,2023-09-20,,
18967324,2023-09-20,,
18967440,2023-09-20,,
18967592,2023-09-20,,
18967776,2023-09-20,,
18967929,2023-09-21,,
18968389,2023-09-21,,
18969118,2023-09-21,,
18969141,2023-09-21,,
18969148,2023-09-21,,
18969299,2023-09-21,,
18969434,2023-09-21,,
18969558,2023-09-21,,
18969660,2023-09-21,,
18969934,2023-09-21,,
18970104,2023-09-21,,
18970116,2023-09-21,,
18970305,2023-09-21,,
18970306,2023-09-21,,
18970467,2023-09-21,,
18970937,2023-09-21,,
18972396,2023-09-21,,
18972461,2023-09-21,,
18975170,2023-09-21,,
18980444,2023-09-21,,
18982560,2023-09-21,,
18983232,2023-09-21,,
18988524,2023-09-21,,
18991690,2023-09-21,,
18992422,2023-09-21,,
18995303,2023-09-21,,
18997067,2023-09-22,,
18997377,2023-09-22,,
18998500,2023-09-22,,
19010106,2023-09-22,,
19010979,2023-09-22,,
19011395,2023-09-22,,
19012069,2023-09-22,,
19012338,2023-09-22,,
19014106,2023-09-22,,
19014641,2023-09-22,,
19017135,2023-09-22,,
19017399,2023-09-22,,
19018532,2023-09-22,,
19018660,2023-09-22,,
19020613,2023-09-23,,
19020816,2023-09-23,,
19020938,2023-09-23,,
19023022,2023-09-23,,
19030223,2023-09-23,,
19030592,2023-09-23,,
19031798,2023-09-23,,
19032941,2023-09-23,,
19033870,2023-09-23,,
19034141,2023-09-23,,
19034449,2023-09-23,,
19034687,2023-09-23,,
19035534,2023-09-24,,
19035870,2023-09-24,,
19036031,2023-09-24,,
19036450,2023-09-24,,
19036514,2023-09-24,,
19042411,2023-09-24,,
19042657,2023-09-24,,
19043454,2023-09-24,,
19044482,2023-09-24,,
19045097,2023-09-24,,
19047628,2023-09-25,,
19049215,2023-09-25,,
19049225,2023-09-25,,
19059546,2023-09-25,,
19060455,2023-09-25,,
19061171,2023-09-25,,
19063661,2023-09-25,,
19063953,2023-09-25,,
19064843,2023-09-25,,
19064969,2023-09-25,,
19065023,2023-09-25,,
19066398,2023-09-25,,
19066634,2023-09-25,,
19066681,2023-09-25,,
19067913,2023-09-25,,
19069150,2023-09-25,,
19070256,2023-09-25,,
19070615,2023-09-25,,
19074071,2023-09-26,,
19077136,2023-09-26,,
19082816,2023-09-26,,
19086736,2023-09-26,,
19088228,2023-09-26,,
19089925,2023-09-26,,
19089981,2023-09-26,,
19090083,2023-09-26,,
19092286,2023-09-26,,
19093274,2023-09-26,,
19093878,2023-09-26,,
19094826,2023-09-26,,
19101145,2023-09-27,,
19101195,2023-09-27,,
19112761,2023-09-27,,
19114250,2023-09-27,,
19116905,2023-09-27,,
19117026,2023-09-27,,
19117342,2023-09-27,,
19120044,2023-09-27,,
19120762,2023-09-27,,
19123428,2023-09-27,,
19123891,2023-09-27,,
19124061,2023-09-28,,
19124124,2023-09-28,,
19124415,2023-09-28,,
19132508,2023-09-28,,
19133105,2023-09-28,,
19134467,2023-09-28,,
19134762,2023-09-28,,
19144196,2023-09-28,,
19145709,2023-09-28,,
19146690,2023-09-28,,
19147787,2023-09-29,,
19149350,2023-09-29,,
19149926,2023-09-29,,
19158803,2023-09-29,,
19158847,2023-09-29,,
19158919,2023-09-29,,
19162364,2023-09-29,,
19162854,2023-09-29,,
19167343,2023-09-29,,
19167665,2023-09-29,,
19169856,2023-09-30,,
19170373,2023-09-30,,
19171132,2023-09-30,,
19177407,2023-09-30,,
19179016,2023-09-30,,
19179087,2023-09-30,,
19180680,2023-09-30,,
19182357,2023-09-30,,
19182528,2023-09-30,,
19182534,2023-09-30,,
19182665,2023-09-30,,
19184021,2023-09-30,,
19184208,2023-09-30,,
19184668,2023-09-30,,
19185385,2023-09-30,,
19185933,2023-09-30,,
19186029,2023-09-30,,
19186561,2023-10-01,,
19187403,2023-10-01,,
19187731,2023-10-01,,
19187732,2023-10-01,,
19187965,2023-10-01,,
19188204,2023-10-01,,
19189406,2023-10-01,,
19189448,2023-10-01,,
19192635,2023-10-01,,
19197034,2023-10-01,,
19197871,2023-10-01,,
19200621,2023-10-01,,
19202303,2023-10-01,,
19202729,2023-10-01,,
19204955,2023-10-02,,
19205801,2023-10-02,,
19207159,2023-10-02,,
19207804,2023-10-02,,
19208225,2023-10-02,,
19210079,2023-10-02,,
19210429,2023-10-02,,
19214698,2023-10-02,,
19216449,2023-10-02,,
19221963,2023-10-02,,
19221998,2023-10-02,,
19223433,2023-10-02,,
19223982,2023-10-02,,
19224603,2023-10-02,,
19224897,2023-10-02,,
19226449,2023-10-02,,
19226670,2023-10-02,,
19227730,2023-10-02,,
19229795,2023-10-02,,
19229833,2023-10-02,,
19242066,2023-10-03,,
19244763,2023-10-03,,
19245422,2023-10-03,,
19245504,2023-10-03,,
19253677,2023-10-03,,
19253683,2023-10-03,,
19254007,2023-10-03,,
19255117,2023-10-03,,
19255241,2023-10-03,,
19255282,2023-10-03,,
19255361,2023-10-03,,
19255800,2023-10-03,,
19255871,2023-10-03,,
19255879,2023-10-03,,
19256080,2023-10-03,,
19256407,2023-10-03,,
19257189,2023-10-04,,
19257906,2023-10-04,,
19258104,2023-10-04,,
19259726,2023-10-04,,
19260589,2023-10-04,,
19262551,2023-10-04,,
19272177,2023-10-04,,
19272239,2023-10-04,,
19272268,2023-10-04,,
19274778,2023-10-04,,
19274940,2023-10-04,,
19277777,2023-10-04,,
19277841,2023-10-04,,
19278424,2023-10-04,,
19278572,2023-10-04,,
19279327,2023-10-04,,
19279465,2023-10-04,,
19280038,2023-10-04,,
19281457,2023-10-04,,
19281603,2023-10-04,,
19281788,2023-10-04,,
19282246,2023-10-04,,
19282850,2023-10-04,,
19283052,2023-10-04,,
19283126,2023-10-04,,
19283519,2023-10-05,,
19283778,2023-10-05,,
19283819,2023-10-05,,
19283867,2023-10-05,,
19284117,2023-10-05,,
19284284,2023-10-05,,
19284512,2023-10-05,,
19284520,2023-10-05,,
19284565,2023-10-05,,
19285018,2023-10-05,,
19285233,2023-10-05,,
19285540,2023-10-05,,
19285582,2023-10-05,,
19285685,2023-10-05,,
19285771,2023-10-05,,
19285861,2023-10-05,,
19285954,2023-10-05,,
19286146,2023-10-05,,
19286428,2023-10-05,,
19288424,2023-10-05,,
19289112,2023-10-05,,
19290655,2023-10-05,,
19292060,2023-10-05,,
19292600,2023-10-05,,
19306393,2023-10-05,,
19306775,2023-10-05,,
19308613,2023-10-05,,
19310083,2023-10-05,,
19311002,2023-10-05,,
19311451,2023-10-05,,
19313848,2023-10-06,,
19314067,2023-10-06,,
19333998,2023-10-06,,
19335471,2023-10-06,,
19339321,2023-10-07,,
19339336,2023-10-07,,
19339509,2023-10-07,,
19340621,2023-10-07,,
19348880,2023-10-07,,
19351229,2023-10-07,,
19351606,2023-10-07,,
19351895,2023-10-07,,
19354414,2023-10-08,,
19355651,2023-10-08,,
19356422,2023-10-08,,
19359285,2023-10-08,,
19359555,2023-10-08,,
19361998,2023-10-08,,
19363586,2023-10-08,,
19364534,2023-10-08,,
19364787,2023-10-08,,
19371954,2023-10-09,,
19374259,2023-10-09,,
19377755,2023-10-09,,
19383939,2023-10-09,,
19385655,2023-10-09,,
19387163,2023-10-09,,
19390644,2023-10-09,,
19390939,2023-10-09,,
19392647,2023-10-10,,
19393989,2023-10-10,,
19400332,2023-10-10,,
19407030,2023-10-10,,
19414737,2023-10-10,,
19416737,2023-10-10,,
19416753,2023-10-10,,
19417432,2023-10-10,,
19417781,2023-10-11,,
19419398,2023-10-11,,
19431128,2023-10-11,,
19433907,2023-10-11,,
19437014,2023-10-11,,
19439381,2023-10-11,,
19439625,2023-10-11,,
19440257,2023-10-11,,
19440322,2023-10-11,,
19443232,2023-10-12,,
19443389,2023-10-12,,
19449573,2023-10-12,,
19454778,2023-10-12,,
19455941,2023-10-12,,
19456456,2023-10-12,,
19456748,2023-10-12,,
19456796,2023-10-12,,
19457891,2023-10-12,,
19458944,2023-10-12,,
19461644,2023-10-12,,
19461976,2023-10-12,,
19464086,2023-10-12,,
19464925,2023-10-13,,
19465925,2023-10-13,,
19466459,2023-10-13,,
19479232,2023-10-13,,
19481012,2023-10-13,,
19481659,2023-10-13,,
19485297,2023-10-13,,
19487299,2023-10-14,,
19491942,2023-10-14,,
19492424,2023-10-14,,
19495048,2023-10-14,,
19495098,2023-10-14,,
19496325,2023-10-14,,
19500317,2023-10-14,,
19501400,2023-10-14,,
19501730,2023-10-15,,
19501894,2023-10-15,,
19503024,2023-10-15,,
19510402,2023-10-15,,
19516583,2023-10-16,,
19516927,2023-10-16,,
19522984,2023-10-16,,
19530724,2023-10-16,,
19530781,2023-10-16,,
19532388,2023-10-16,,
19532515,2023-10-16,,
19533967,2023-10-16,,
19534469,2023-10-16,,
19534599,2023-10-16,,
19537885,2023-10-16,,
19538583,2023-10-17,,
19539032,2023-10-17,,
19549763,2023-10-17,,
19555172,2023-10-17,,
19555457,2023-10-17,,
19555655,2023-10-17,,
19557448,2023-10-17,,
19559102,2023-10-17,,
19562478,2023-10-18,,
19563749,2023-10-18,,
19564358,2023-10-18,,
19564634,2023-10-18,,
19572991,2023-10-18,,
19573029,2023-10-18,,
19577685,2023-10-18,,
19578901,2023-10-18,,
19579044,2023-10-18,,
19581332,2023-10-18,,
19581343,2023-10-18,,
19582562,2023-10-19,,
19582937,2023-10-19,,
19584138,2023-10-19,,
19591680,2023-10-19,,
19597994,2023-10-19,,
19602558,2023-10-19,,
19603738,2023-10-19,,
19603857,2023-10-19,,
19603989,2023-10-19,,
19604941,2023-10-20,,
19607018,2023-10-20,,
19607712,2023-10-20,,
19609979,2023-10-20,,
19614825,2023-10-20,,
19617676,2023-10-20,,
19618317,2023-10-20,,
19619547,2023-10-20,,
19621022,2023-10-20,,
19623737,2023-10-20,,
19623963,2023-10-20,,
19624070,2023-10-20,,
19624298,2023-10-20,,
19624818,2023-10-20,,
19625163,2023-10-20,,
19625590,2023-10-20,,
19625739,2023-10-20,,
19625839,2023-10-20,,
19625980,2023-10-20,,
19626357,2023-10-21,,
19626886,2023-10-21,,
19627005,2023-10-21,,
19627528,2023-10-21,,
19628052,2023-10-21,,
19628455,2023-10-21,,
19629785,2023-10-21,,
19629883,2023-10-21,,
19636655,2023-10-21,,
19640074,2023-10-21,,
19644059,2023-10-22,,
19645471,2023-10-22,,
19649749,2023-10-22,,
19650162,2023-10-22,,
19650173,2023-10-22,,
19651578,2023-10-22,,
19652685,2023-10-22,,
19655286,2023-10-23,,
19656285,2023-10-23,,
19656504,2023-10-23,,
19669849,2023-10-23,,
19670881,2023-10-23,,
19674045,2023-10-23,,
19677722,2023-10-24,,
19680396,2023-10-24,,
19687935,2023-10-24,,
19690856,2023-10-24,,
19692871,2023-10-24,,
19693938,2023-10-24,,
19694339,2023-10-24,,
19695156,2023-10-24,,
19696704,2023-10-24,,
19698030,2023-10-25,,
19698304,2023-10-25,,
19699000,2023-10-25,,
19714387,2023-10-25,,
19716354,2023-10-25,,
19716845,2023-10-25,,
19717764,2023-10-25,,
19721762,2023-10-26,,
19722352,2023-10-26,,
19722491,2023-10-26,,
19722744,2023-10-26,,
19722948,2023-10-26,,
19724661,2023-10-26,,
19734034,2023-10-26,,
19735214,2023-10-26,,
19737243,2023-10-26,,
19738213,2023-10-26,,
19738978,2023-10-26,,
19739671,2023-10-26,,
19741296,2023-10-26,,
19741965,2023-10-26,,
19742232,2023-10-26,,
19744814,2023-10-26,,
19746176,2023-10-27,,
19746709,2023-10-27,,
19754587,2023-10-27,,
19758288,2023-10-27,,
19762236,2023-10-27,,
19765633,2023-10-27,,
19765979,2023-10-28,,
19766311,2023-10-28,,
19766419,2023-10-28,,
19767783,2023-10-28,,
19769490,2023-10-28,,
19775140,2023-10-28,,
19777624,2023-10-28,,
19778345,2023-10-28,,
19779796,2023-10-28,,
19779838,2023-10-28,,
19783491,2023-10-29,,
19784183,2023-10-29,,
19788043,2023-10-29,,
19793247,2023-10-29,,
19794712,2023-10-29,,
19795036,2023-10-30,,
19796315,2023-10-30,,
19796472,2023-10-30,,
19807480,2023-10-30,,
19808245,2023-10-30,,
19808431,2023-10-30,,
19809858,2023-10-30,,
19812075,2023-10-30,,
19813504,2023-10-30,,
19814350,2023-10-30,,
19815229,2023-10-30,,
19815304,2023-10-30,,
19815686,2023-10-30,,
19815929,2023-10-30,,
19815938,2023-10-30,,
19818704,2023-10-31,,
19819282,2023-10-31,,
19819929,2023-10-31,,
19821173,2023-10-31,,
19831126,2023-10-31,,
19831182,2023-10-31,,
19832577,2023-10-31,,
19835663,2023-10-31,,
19835906,2023-10-31,,
19835945,2023-10-31,,
19835959,2023-10-31,,
19838286,2023-10-31,,
19839395,2023-11-01,,
19840941,2023-11-01,,
19842406,2023-11-01,,
19845574,2023-11-01,,
19848940,2023-11-01,,
19852150,2023-11-01,,
19853508,2023-11-01,,
19854979,2023-11-01,,
19856104,2023-11-01,,
19856678,2023-11-01,,
19856729,2023-11-01,,
19858873,2023-11-01,,
19858946,2023-11-01,,
19859026,2023-11-01,,
19860236,2023-11-01,,
19860369,2023-11-01,,
19862322,2023-11-02,,
19863073,2023-11-02,,
19865054,2023-11-02,,
19870573,2023-11-02,,
19873974,2023-11-02,,
19877146,2023-11-02,,
19877335,2023-11-02,,
19877781,2023-11-02,,
19878754,2023-11-02,,
19878779,2023-11-02,,
19879388,2023-11-02,,
19881199,2023-11-02,,
19881807,2023-11-02,,
19882359,2023-11-02,,
19883567,2023-11-02,,
19884072,2023-11-02,,
19887727,2023-11-03,,
19887920,2023-11-03,,
19888207,2023-11-03,,
19888827,2023-11-03,,
19888883,2023-11-03,,
19889433,2023-11-03,,
19895796,2023-11-03,,
19899450,2023-11-03,,
19899931,2023-11-03,,
19901684,2023-11-03,,
19904236,2023-11-03,,
19905682,2023-11-03,,
19905973,2023-11-03,,
19906098,2023-11-03,,
19907980,2023-11-03,,
19908842,2023-11-03,,
19909785,2023-11-04,,
19909835,2023-11-04,,
19909840,2023-11-04,,
19909841,2023-11-04,,
19909884,2023-11-04,,
19910056,2023-11-04,,
19910268,2023-11-04,,
19910935,2023-11-04,,
19911119,2023-11-04,,
19911153,2023-11-04,,
19911304,2023-11-04,,
19911969,2023-11-04,,
19912303,2023-11-04,,
19913939,2023-11-04,,
19916322,2023-11-04,,
19916936,2023-11-04,,
19919152,2023-11-04,,
19921848,2023-11-04,,
19922126,2023-11-04,,
19922325,2023-11-04,,
19924027,2023-11-04,,
19925148,2023-11-04,,
19925182,2023-11-04,,
19926580,2023-11-04,,
19926694,2023-11-04,,
19927599,2023-11-05,,
19927746,2023-11-05,,
19928129,2023-11-05,,
19928392,2023-11-05,,
19928622,2023-11-05,,
19928652,2023-11-05,,
19929520,2023-11-05,,
19931745,2023-11-05,,
19932888,2023-11-05,,
19933299,2023-11-05,,
19934738,2023-11-05,,
19936485,2023-11-05,,
19937268,2023-11-05,,
19938367,2023-11-05,,
19938457,2023-11-05,,
19939722,2023-11-05,,
19940184,2023-11-05,,
19940441,2023-11-05,,
19940752,2023-11-05,,
19941255,2023-11-05,,
19941848,2023-11-05,,
19942866,2023-11-06,,
19944161,2023-11-06,,
19944285,2023-11-06,,
19946560,2023-11-06,,
19946754,2023-11-06,,
19952044,2023-11-06,,
19954583,2023-11-06,,
19955313,2023-11-06,,
19958715,2023-11-06,,
19959277,2023-11-06,,
19960722,2023-11-06,,
19961662,2023-11-06,,
19964901,2023-11-06,,
19966825,2023-11-06,,
19966827,2023-11-06,,
19967709,2023-11-07,,
19970314,2023-11-07,,
19970999,2023-11-07,,
19971420,2023-11-07,,
19973997,2023-11-07,,
19974615,2023-11-07,,
19984898,2023-11-07,,
19985863,2023-11-07,,
19986932,2023-11-07,,
19991165,2023-11-08,,
19992026,2023-11-08,,
19992912,2023-11-08,,
19994407,2023-11-08,,
19997055,2023-11-08,,
20002263,2023-11-08,,
20004624,2023-11-08,,
20005863,2023-11-08,,
20006219,2023-11-08,,
20010293,2023-11-08,,
20013315,2023-11-08,,
20014220,2023-11-08,,
20014772,2023-11-08,,
20015106,2023-11-08,,
20015645,2023-11-09,,
20019738,2023-11-09,,
20021301,2023-11-09,,
20022087,2023-11-09,,
20029464,2023-11-09,,
20030934,2023-11-09,,
20031060,2023-11-09,,
20032699,2023-11-09,,
20033269,2023-11-09,,
20033378,2023-11-09,,
20034077,2023-11-09,,
20035471,2023-11-09,,
20036926,2023-11-09,,
20038127,2023-11-10,,
20038490,2023-11-10,,
20038633,2023-11-10,,
20038969,2023-11-10,,
20040072,2023-11-10,,
20040375,2023-11-10,,
20040978,2023-11-10,,
20041574,2023-11-10,,
20044336,2023-11-10,,
20046453,2023-11-10,,
20047782,2023-11-10,,
20048403,2023-11-10,,
20050205,2023-11-10,,
20050676,2023-11-10,,
20051223,2023-11-10,,
20051502,2023-11-10,,
20051827,2023-11-10,,
20051935,2023-11-10,,
20052700,2023-11-10,,
20053624,2023-11-10,,
20053864,2023-11-10,,
20053943,2023-11-10,,
20055231,2023-11-10,,
20056557,2023-11-11,,
20056823,2023-11-11,,
20057342,2023-11-11,,
20058102,2023-11-11,,
20058296,2023-11-11,,
20060502,2023-11-11,,
20060778,2023-11-11,,
20063857,2023-11-11,,
20064497,2023-11-11,,
20070208,2023-11-12,,
20070737,2023-11-12,,
20071617,2023-11-12,,
20072061,2023-11-12,,
20074632,2023-11-12,,
20074693,2023-11-12,,
20075296,2023-11-12,,
20076862,2023-11-12,,
20079035,2023-11-12,,
20081058,2023-11-13,,
20083667,2023-11-13,,
20085639,2023-11-13,,
20086260,2023-11-13,,
20089140,2023-11-13,,
20091457,2023-11-13,,
20092378,2023-11-13,,
20093573,2023-11-13,,
20096313,2023-11-13,,
20096556,2023-11-13,,
20098055,2023-11-13,,
20098253,2023-11-13,,
20098769,2023-11-14,,
20102707,2023-11-14,,
20103904,2023-11-14,,
20110968,2023-11-14,,
20114274,2023-11-14,,
20118082,2023-11-14,,
20119265,2023-11-14,,
20119741,2023-11-14,,
20120456,2023-11-14,,
20121996,2023-11-14,,
20122789,2023-11-15,,
20123566,2023-11-15,,
20123868,2023-11-15,,
20130506,2023-11-15,,
20132336,2023-11-15,,
20135416,2023-11-15,,
20140066,2023-11-15,,
20141693,2023-11-15,,
20142535,2023-11-15,,
20143521,2023-11-15,,
20143999,2023-11-15,,
20144451,2023-11-15,,
20144469,2023-11-15,,
20144771,2023-11-15,,
20145483,2023-11-16,,
20145968,2023-11-16,,
20146353,2023-11-16,,
20147485,2023-11-16,,
20147577,2023-11-16,,
20147646,2023-11-16,,
20148146,2023-11-16,,
20148186,2023-11-16,,
20148969,2023-11-16,,
20149705,2023-11-16,,
20153874,2023-11-16,,
20159223,2023-11-16,,
20159695,2023-11-16,,
20160874,2023-11-16,,
20162119,2023-11-16,,
20162395,2023-11-16,,
20162558,2023-11-16,,
20164010,2023-11-16,,
20164175,2023-11-16,,
20164784,2023-11-16,,
20166145,2023-11-16,,
20166742,2023-11-16,,
20170370,2023-11-17,,
20170598,2023-11-17,,
20171597,2023-11-17,,
20171709,2023-11-17,,
20175159,2023-11-17,,
20180341,2023-11-17,,
20181701,2023-11-17,,
20184587,2023-11-17,,
20184810,2023-11-17,,
20186260,2023-11-17,,
20195272,2023-11-18,,
20197987,2023-11-18,,
20202943,2023-11-18,,
20203282,2023-11-18,,
20203770,2023-11-18,,
20204588,2023-11-18,,
20204937,2023-11-18,,
20206693,2023-11-18,,
20208579,2023-11-18,,
20208704,2023-11-18,,
20208877,2023-11-18,,
20209298,2023-11-18,,
20209485,2023-11-18,,
20210522,2023-11-19,,
20210607,2023-11-19,,
20211352,2023-11-19,,
20211651,2023-11-19,,
20212242,2023-11-19,,
20212547,2023-11-19,,
20218090,2023-11-19,,
20218130,2023-11-19,,
20219607,2023-11-19,,
20221133,2023-11-19,,
20221186,2023-11-19,,
20221266,2023-11-19,,
20221645,2023-11-19,,
20222481,2023-11-19,,
20222773,2023-11-19,,
20222905,2023-11-20,,
20223146,2023-11-20,,
20223523,2023-11-20,,
20223942,2023-11-20,,
20224286,2023-11-20,,
20229990,2023-11-20,,
20237747,2023-11-20,,
20239437,2023-11-20,,
20240331,2023-11-20,,
20241289,2023-11-20,,
20244923,2023-11-20,,
20245051,2023-11-20,,
20245668,2023-11-20,,
20247035,2023-11-21,,
20247887,2023-11-21,,
20248033,2023-11-21,,
20248140,2023-11-21,,
20248987,2023-11-21,,
20251070,2023-11-21,,
20253964,2023-11-21,,
20265009,2023-11-21,,
20268971,2023-11-22,,
20269882,2023-11-22,,
20285138,2023-11-22,,
20285524,2023-11-22,,
20285718,2023-11-22,,
20303063,2023-11-23,,
20306571,2023-11-23,,
20309498,2023-11-23,,
20310751,2023-11-24,,
20311042,2023-11-24,,
20313582,2023-11-24,,
20319990,2023-11-24,,
20322703,2023-11-24,,
20324222,2023-11-24,,
20325033,2023-11-24,,
20327619,2023-11-24,,
20328343,2023-11-24,,
20329210,2023-11-25,,
20330066,2023-11-25,,
20331580,2023-11-25,,
20340906,2023-11-25,,
20341367,2023-11-25,,
20343217,2023-11-25,,
20344908,2023-11-25,,
20348198,2023-11-26,,
20353594,2023-11-26,,
20356110,2023-11-26,,
20357902,2023-11-26,,
20359075,2023-11-26,,
20359083,2023-11-26,,
20361116,2023-11-27,,
20362368,2023-11-27,,
20364904,2023-11-27,,
20365205,2023-11-27,,
20368782,2023-11-27,,
20369200,2023-11-27,,
20373291,2023-11-27,,
20377081,2023-11-27,,
20378021,2023-11-27,,
20378727,2023-11-27,,
20384509,2023-11-27,,
20386740,2023-11-28,,
20386851,2023-11-28,,
20387036,2023-11-28,,
20387826,2023-11-28,,
20392296,2023-11-28,,
20392756,2023-11-28,,
20403732,2023-11-28,,
20404402,2023-11-28,,
20406528,2023-11-28,,
20407292,2023-11-28,,
20407750,2023-11-28,,
20408588,2023-11-28,,
20409702,2023-11-28,,
20410870,2023-11-28,,
20416090,2023-11-29,,
20417671,2023-11-29,,
20421089,2023-11-29,,
20425505,2023-11-29,,
20426549,2023-11-29,,
20427605,2023-11-29,,
20427652,2023-11-29,,
20428943,2023-11-29,,
20429628,2023-11-29,,
20430905,2023-11-29,,
20431686,2023-11-29,,
20434054,2023-11-29,,
20435530,2023-11-30,,
20435627,2023-11-30,,
20435681,2023-11-30,,
20436711,2023-11-30,,
20437191,2023-11-30,,
20437356,2023-11-30,,
20437374,2023-11-30,,
20442922,2023-11-30,,
20443511,2023-11-30,,
20444602,2023-11-30,,
20444858,2023-11-30,,
20449977,2023-11-30,,
20450460,2023-11-30,,
20453836,2023-11-30,,
20455400,2023-11-30,,
20456623,2023-11-30,,
20456993,2023-11-30,,
20457695,2023-11-30,,
20458150,2023-11-30,,
20458788,2023-11-30,,
20459112,2023-12-01,,
20459198,2023-12-01,,
20460014,2023-12-01,,
20460224,2023-12-01,,
20460958,2023-12-01,,
20461299,2023-12-01,,
20462698,2023-12-01,,
20463054,2023-12-01,,
20463953,2023-12-01,,
20466442,2023-12-01,,
20466751,2023-12-01,,
20468024,2023-12-01,,
20468466,2023-12-01,,
20469029,2023-12-01,,
20470909,2023-12-01,,
20473060,2023-12-01,,
20474471,2023-12-01,,
20474581,2023-12-01,,
20475309,2023-12-01,,
20475678,2023-12-01,,
20480661,2023-12-01,,
20481298,2023-12-01,,
20481950,2023-12-02,,
20483665,2023-12-02,,
20483868,2023-12-02,,
20484009,2023-12-02,,
20484502,2023-12-02,,
20485003,2023-12-02,,
20485795,2023-12-02,,
20486761,2023-12-02,,
20491213,2023-12-02,,
20493564,2023-12-02,,
20494023,2023-12-02,,
20495498,2023-12-02,,
20495900,2023-12-02,,
20497342,2023-12-02,,
20497856,2023-12-03,,
20498349,2023-12-03,,
20498727,2023-12-03,,
20499128,2023-12-03,,
20499417,2023-12-03,,
20499442,2023-12-03,,
20501570,2023-12-03,,
20501622,2023-12-03,,
20504442,2023-12-03,,
20505073,2023-12-03,,
20505580,2023-12-03,,
20506031,2023-12-03,,
20506349,2023-12-03,,
20507388,2023-12-03,,
20508445,2023-12-03,,
20508787,2023-12-03,,
20509581,2023-12-03,,
20509692,2023-12-03,,
20509696,2023-12-03,,
20510925,2023-12-04,,
20512727,2023-12-04,,
20515051,2023-12-04,,
20524887,2023-12-04,,
20524966,2023-12-04,,
20525735,2023-12-04,,
20527141,2023-12-04,,
20527424,2023-12-04,,
20528134,2023-12-04,,
20528384,2023-12-04,,
20529137,2023-12-04,,
20531273,2023-12-04,,
20531764,2023-12-05,,
20532186,2023-12-05,,
20532974,2023-12-05,,
20533371,2023-12-05,,
20534008,2023-12-05,,
20534053,2023-12-05,,
20534082,2023-12-05,,
20534510,2023-12-05,,
20534548,2023-12-05,,
20534715,2023-12-05,,
20534952,2023-12-05,,
20536208,2023-12-05,,
20542669,2023-12-05,,
20543632,2023-12-05,,
20544140,2023-12-05,,
20550629,2023-12-05,,
20550946,2023-12-05,,
20551105,2023-12-05,,
20553388,2023-12-05,,
20554773,2023-12-06,,
20555582,2023-12-06,,
20555798,2023-12-06,,
20559899,2023-12-06,,
20560669,2023-12-06,,
20561581,2023-12-06,,
20562391,2023-12-06,,
20571499,2023-12-06,,
20574370,2023-12-06,,
20574395,2023-12-06,,
20576555,2023-12-07,,
20587467,2023-12-07,,
20590975,2023-12-07,,
20593323,2023-12-07,,
20593655,2023-12-07,,
20596440,2023-12-08,,
20600542,2023-12-08,,
20606890,2023-12-08,,
20608038,2023-12-08,,
20608540,2023-12-08,,
20609314,2023-12-08,,
20609402,2023-12-08,,
20609613,2023-12-08,,
20612022,2023-12-08,,
20612769,2023-12-08,,
20613106,2023-12-08,,
20613286,2023-12-08,,
20613612,2023-12-08,,
20613666,2023-12-08,,
20614422,2023-12-09,,
20614979,2023-12-09,,
20615403,2023-12-09,,
20615534,2023-12-09,,
20616585,2023-12-09,,
20617806,2023-12-09,,
20617807,2023-12-09,,
20620029,2023-12-09,,
20623716,2023-12-09,,
20625671,2023-12-09,,
20625930,2023-12-09,,
20627316,2023-12-09,,
20627321,2023-12-09,,
20627811,2023-12-09,,
20628497,2023-12-10,,
20628655,2023-12-10,,
20629049,2023-12-10,,
20629972,2023-12-10,,
20630052,2023-12-10,,
20630597,2023-12-10,,
20631040,2023-12-10,,
20632190,2023-12-10,,
20632490,2023-12-10,,
20634753,2023-12-10,,
20635363,2023-12-10,,
20638307,2023-12-10,,
20639296,2023-12-10,,
20639948,2023-12-10,,
20640056,2023-12-10,,
20642236,2023-12-11,,
20647371,2023-12-11,,
20649257,2023-12-11,,
20650571,2023-12-11,,
20652800,2023-12-11,,
20656321,2023-12-11,,
20656593,2023-12-11,,
20657446,2023-12-11,,
20661820,2023-12-11,,
20662306,2023-12-12,,
20662575,2023-12-12,,
20662679,2023-12-12,,
20663061,2023-12-12,,
20663797,2023-12-12,,
20664082,2023-12-12,,
20666606,2023-12-12,,
20666773,2023-12-12,,
20669461,2023-12-12,,
20669967,2023-12-12,,
20670891,2023-12-12,,
20674464,2023-12-12,,
20678239,2023-12-12,,
20678660,2023-12-12,,
20679338,2023-12-12,,
20680308,2023-12-12,,
20680364,2023-12-12,,
20683134,2023-12-13,,
20685261,2023-12-13,,
20688124,2023-12-13,,
20688569,2023-12-13,,
20693830,2023-12-13,,
20697493,2023-12-13,,
20698171,2023-12-13,,
20704705,2023-12-13,,
20705464,2023-12-14,,
20705859,2023-12-14,,
20707123,2023-12-14,,
20708889,2023-12-14,,
20711963,2023-12-14,,
20712694,2023-12-14,,
20715293,2023-12-14,,
20721798,2023-12-14,,
20722361,2023-12-14,,
20723936,2023-12-14,,
20723950,2023-12-14,,
20724407,2023-12-14,,
20725665,2023-12-14,,
20726253,2023-12-15,,
20726385,2023-12-15,,
20727173,2023-12-15,,
20728015,2023-12-15,,
20728863,2023-12-15,,
20729102,2023-12-15,,
20737540,2023-12-15,,
20739441,2023-12-15,,
20740146,2023-12-15,,
20741214,2023-12-15,,
20742337,2023-12-15,,
20744065,2023-12-15,,
20744084,2023-12-15,,
20745354,2023-12-16,,
20745670,2023-12-16,,
20747569,2023-12-16,,
20751340,2023-12-16,,
20754709,2023-12-16,,
20756416,2023-12-16,,
20757461,2023-12-16,,
20757692,2023-12-16,,
20758067,2023-12-16,,
20758372,2023-12-16,,
20758976,2023-12-17,,
20759087,2023-12-17,,
20762490,2023-12-17,,
20764878,2023-12-17,,
20769175,2023-12-17,,
20770597,2023-12-18,,
20770671,2023-12-18,,
20770916,2023-12-18,,
20780925,2023-12-18,,
20784633,2023-12-18,,
20784741,2023-12-18,,
20785734,2023-12-18,,
20787136,2023-12-18,,
20787238,2023-12-18,,
20787885,2023-12-18,,
20788132,2023-12-18,,
20788385,2023-12-18,,
20789114,2023-12-18,,
20789740,2023-12-18,,
20791050,2023-12-18,,
20791287,2023-12-19,,
20792316,2023-12-19,,
20793027,2023-12-19,,
20793646,2023-12-19,,
20798343,2023-12-19,,
20804383,2023-12-19,,
20806174,2023-12-19,,
20807422,2023-12-19,,
20808268,2023-12-19,,
20810423,2023-12-19,,
20811959,2023-12-19,,
20813147,2023-12-20,,
20813301,2023-12-20,,
20813714,2023-12-20,,
20816537,2023-12-20,,
20817646,2023-12-20,,
20818156,2023-12-20,,
20819144,2023-12-20,,
20827893,2023-12-20,,
20827902,2023-12-20,,
20828139,2023-12-20,,
20828425,2023-12-20,,
20828637,2023-12-20,,
20828938,2023-12-20,,
20829229,2023-12-20,,
20830068,2023-12-20,,
20830112,2023-12-20,,
20830177,2023-12-20,,
20831029,2023-12-20,,
20831401,2023-12-20,,
20831454,2023-12-20,,
20832209,2023-12-20,,
20832567,2023-12-20,,
20832841,2023-12-20,,
20833099,2023-12-20,,
20834288,2023-12-21,,
20834384,2023-12-21,,
20835473,2023-12-21,,
20835487,2023-12-21,,
20835830,2023-12-21,,
20835906,2023-12-21,,
20836817,2023-12-21,,
20837472,2023-12-21,,
20842813,2023-12-21,,
20847219,2023-12-21,,
20847838,2023-12-21,,
20847990,2023-12-21,,
20851111,2023-12-21,,
20852599,2023-12-21,,
20853493,2023-12-21,,
20854142,2023-12-21,,
20854901,2023-12-22,,
20855157,2023-12-22,,
20855481,2023-12-22,,
20855488,2023-12-22,,
20872752,2023-12-23,,
20872924,2023-12-23,,
20873164,2023-12-23,,
20874612,2023-12-23,,
20883776,2023-12-23,,
20885935,2023-12-23,,
20886098,2023-12-23,,
20886618,2023-12-24,,
20888159,2023-12-24,,
20888940,2023-12-24,,
20890556,2023-12-24,,
20890595,2023-12-24,,
20890992,2023-12-24,,
20894134,2023-12-24,,
20894765,2023-12-24,,
20895480,2023-12-25,,
20898556,2023-12-25,,
20904205,2023-12-25,,
20906129,2023-12-25,,
20906793,2023-12-26,,
20907114,2023-12-26,,
20908104,2023-12-26,,
20909530,2023-12-26,,
20917919,2023-12-26,,
20918390,2023-12-26,,
20920966,2023-12-26,,
20924231,2023-12-26,,
20924384,2023-12-27,,
20925044,2023-12-27,,
20925866,2023-12-27,,
20927320,2023-12-27,,
20927894,2023-12-27,,
20930050,2023-12-27,,
20932090,2023-12-27,,
20933250,2023-12-27,,
20935894,2023-12-27,,
20940296,2023-12-27,,
20941459,2023-12-27,,
20946414,2023-12-28,,
20954080,2023-12-28,,
20954238,2023-12-28,,
20954364,2023-12-28,,
20956855,2023-12-28,,
20957081,2023-12-28,,
20958814,2023-12-28,,
20959315,2023-12-28,,
20959876,2023-12-28,,
20960934,2023-12-28,,
20961459,2023-12-28,,
20961750,2023-12-28,,
20961930,2023-12-28,,
20962241,2023-12-28,,
20964570,2023-12-29,,
20966641,2023-12-29,,
20967719,2023-12-29,,
20968443,2023-12-29,,
20969516,2023-12-29,,
20970202,2023-12-29,,
20974122,2023-12-29,,
20978431,2023-12-29,,
20978989,2023-12-29,,
20979569,2023-12-29,,
20983389,2023-12-30,,
20984081,2023-12-30,,
20984343,2023-12-30,,
20985421,2023-12-30,,
20986016,2023-12-30,,
20987035,2023-12-30,,
20987983,2023-12-30,,
20992717,2023-12-30,,
20994439,2023-12-30,,
20995595,2023-12-30,,
20996060,2023-12-30,,
20996256,2023-12-30,,
20996446,2023-12-30,,
20998109,2023-12-30,,
20998135,2023-12-30,,
20998299,2023-12-30,,
20999934,2023-12-31,,
20999949,2023-12-31,,
21000059,2023-12-31,,
21000506,2023-12-31,,
21000588,2023-12-31,,
21000875,2023-12-31,,
21000931,2023-12-31,,
21001424,2023-12-31,,
21002543,2023-12-31,,
21005734,2023-12-31,,
21006808,2023-12-31,,
21009024,2023-12-31,,
21009436,2023-12-31,,
21010368,2023-12-31,,
21010376,2023-12-31,,
21010963,2023-12-31,,
21010969,2023-12-31,,
21011103,2023-12-31,,
21011985,2023-12-31,,
21012832,2024-01-01,,
21016232,2024-01-01,,
21016303,2024-01-01,,
21020145,2024-01-01,,
21026598,2024-01-01,,
21032990,2024-01-02,,
21041329,2024-01-02,,
21046660,2024-01-02,,
21046809,2024-01-02,,
21047431,2024-01-02,,
21051795,2024-01-02,,
21051805,2024-01-02,,
21054821,2024-01-02,,
21055007,2024-01-02,,
21055953,2024-01-03,,
21055960,2024-01-03,,
21057784,2024-01-03,,
21059333,2024-01-03,,
21060406,2024-01-03,,
21063200,2024-01-03,,
21068643,2024-01-03,,
21070754,2024-01-03,,
21074220,2024-01-03,,
21077110,2024-01-03,,
21077938,2024-01-03,,
21082568,2024-01-04,,
21082681,2024-01-04,,
21083273,2024-01-04,,
21083786,2024-01-04,,
21084046,2024-01-04,,
21084378,2024-01-04,,
21084669,2024-01-04,,
21085206,2024-01-04,,
21085438,2024-01-04,,
21086864,2024-01-04,,
21092000,2024-01-04,,
21096838,2024-01-04,,
21096934,2024-01-04,,
21097952,2024-01-04,,
21099400,2024-01-04,,
21099710,2024-01-04,,
21099922,2024-01-04,,
21100163,2024-01-04,,
21102122,2024-01-04,,
21103247,2024-01-04,,
21105451,2024-01-05,,
21105618,2024-01-05,,
21105688,2024-01-05,,
21106151,2024-01-05,,
21106255,2024-01-05,,
21106340,2024-01-05,,
21106525,2024-01-05,,
21106657,2024-01-05,,
21106764,2024-01-05,,
21106771,2024-01-05,,
21106947,2024-01-05,,
21106992,2024-01-05,,
21107061,2024-01-05,,
21107356,2024-01-05,,
21107422,2024-01-05,,
21107561,2024-01-05,,
21107892,2024-01-05,,
21108063,2024-01-05,,
21108228,2024-01-05,,
21108256,2024-01-05,,
21108341,2024-01-05,,
21108544,2024-01-05,,
21108841,2024-01-05,,
21108974,2024-01-05,,
21109222,2024-01-05,,
21111803,2024-01-05,,
21120694,2024-01-05,,
21120985,2024-01-05,,
21121238,2024-01-05,,
21121357,2024-01-05,,
21125253,2024-01-05,,
21126291,2024-01-05,,
21127557,2024-01-05,,
21128318,2024-01-05,,
21129609,2024-01-06,,
21130197,2024-01-06,,
21130350,2024-01-06,,
21132838,2024-01-06,,
21133250,2024-01-06,,
21134999,2024-01-06,,
21144882,2024-01-06,,
21145456,2024-01-06,,
21148889,2024-01-06,,
21151691,2024-01-07,,
21152684,2024-01-07,,
21154873,2024-01-07,,
21155108,2024-01-07,,
21157440,2024-01-07,,
21157483,2024-01-07,,
21159608,2024-01-07,,
21160649,2024-01-07,,
21161827,2024-01-07,,
21163930,2024-01-07,,
21163944,2024-01-07,,
21165228,2024-01-08,,
21165603,2024-01-08,,
21166130,2024-01-08,,
21167455,2024-01-08,,
21167649,2024-01-08,,
21169490,2024-01-08,,
21169601,2024-01-08,,
21180252,2024-01-08,,
21181979,2024-01-08,,
21183410,2024-01-08,,
21184767,2024-01-08,,
21186605,2024-01-08,,
21186608,2024-01-08,,
21188872,2024-01-08,,
21189017,2024-01-08,,
21189249,2024-01-08,,
21192471,2024-01-09,,
21193412,2024-01-09,,
21195155,2024-01-09,,
21197145,2024-01-09,,
21198318,2024-01-09,,
21213596,2024-01-09,,
21215003,2024-01-09,,
21218384,2024-01-09,,
21219867,2024-01-09,,
21223366,2024-01-10,,
21224079,2024-01-10,,
21234288,2024-01-10,,
21244437,2024-01-10,,
21245328,2024-01-10,,
21247321,2024-01-10,,
21247789,2024-01-10,,
21248700,2024-01-10,,
21249637,2024-01-10,,
21250277,2024-01-11,,
21251670,2024-01-11,,
21254053,2024-01-11,,
21254079,2024-01-11,,
21256769,2024-01-11,,
21269215,2024-01-11,,
21270694,2024-01-11,,
21271149,2024-01-11,,
21272757,2024-01-11,,
21273811,2024-01-11,,
21275173,2024-01-11,,
21278139,2024-01-12,,
21278968,2024-01-12,,
21279588,2024-01-12,,
21281422,2024-01-12,,
21283255,2024-01-12,,
21283707,2024-01-12,,
21298028,2024-01-12,,
21299544,2024-01-12,,
21299810,2024-01-12,,
21300396,2024-01-12,,
21315753,2024-01-13,,
21318267,2024-01-13,,
21320087,2024-01-13,,
21322097,2024-01-14,,
21322364,2024-01-14,,
21323521,2024-01-14,,
21323667,2024-01-14,,
21334366,2024-01-14,,
21336112,2024-01-14,,
21336859,2024-01-14,,
21338429,2024-01-14,,
21339618,2024-01-15,,
21341375,2024-01-15,,
21341633,2024-01-15,,
21341733,2024-01-15,,
21342778,2024-01-15,,
21343124,2024-01-15,,
21344658,2024-01-15,,
21349078,2024-01-15,,
21358832,2024-01-15,,
21362169,2024-01-15,,
21362614,2024-01-15,,
21364254,2024-01-15,,
21365771,2024-01-15,,
21365930,2024-01-15,,
21366107,2024-01-15,,
21366124,2024-01-15,,
21368516,2024-01-16,,
21369427,2024-01-16,,
21370355,2024-01-16,,
21370854,2024-01-16,,
21371348,2024-01-16,,
21372254,2024-01-16,,
21383298,2024-01-16,,
21383825,2024-01-16,,
21385347,2024-01-16,,
21390550,2024-01-16,,
21393321,2024-01-16,,
21394970,2024-01-16,,
21399107,2024-01-17,,
21400295,2024-01-17,,
21400526,2024-01-17,,
21402240,2024-01-17,,
21402831,2024-01-17,,
21403227,2024-01-17,,
21411119,2024-01-17,,
21413124,2024-01-17,,
21422008,2024-01-17,,
21423553,2024-01-17,,
21426429,2024-01-18,,
21427698,2024-01-18,,
21444627,2024-01-18,,
21451503,2024-01-18,,
21452158,2024-01-18,,
21452808,2024-01-18,,
21453716,2024-01-19,,
21454492,2024-01-19,,
21455641,2024-01-19,,
21459525,2024-01-19,,
21468269,2024-01-19,,
21470731,2024-01-19,,
21473292,2024-01-19,,
21473814,2024-01-19,,
21475327,2024-01-19,,
21476001,2024-01-19,,
21477229,2024-01-19,,
21480444,2024-01-20,,
21480597,2024-01-20,,
21481091,2024-01-20,,
21485603,2024-01-20,,
21489738,2024-01-20,,
21490688,2024-01-20,,
21497387,2024-01-21,,
21497476,2024-01-21,,
21497524,2024-01-21,,
21498190,2024-01-21,,
21498204,2024-01-21,,
21500025,2024-01-21,,
21500141,2024-01-21,,
21500196,2024-01-21,,
21500291,2024-01-21,,
21507387,2024-01-21,,
21510467,2024-01-21,,
21510473,2024-01-21,,
21513491,2024-01-21,,
21514252,2024-01-22,,
21515601,2024-01-22,,
21516562,2024-01-22,,
21516615,2024-01-22,,
21517858,2024-01-22,,
21526644,2024-01-22,,
21534127,2024-01-22,,
21537342,2024-01-22,,
21539993,2024-01-22,,
21540298,2024-01-22,,
21542998,2024-01-23,,
21543732,2024-01-23,,
21543871,2024-01-23,,
21545543,2024-01-23,,
21547893,2024-01-23,,
21552116,2024-01-23,,
21557975,2024-01-23,,
21565386,2024-01-23,,
21569957,2024-01-23,,
21570621,2024-01-23,,
21571672,2024-01-23,,
21571677,2024-01-23,,
21572159,2024-01-23,,
21574310,2024-01-23,,
21577929,2024-01-24,,
21578237,2024-01-24,,
21580751,2024-01-24,,
21580848,2024-01-24,,
21586988,2024-01-24,,
21597717,2024-01-24,,
21599058,2024-01-24,,
21601215,2024-01-24,,
21613741,2024-01-25,,
21624158,2024-01-25,,
21624189,2024-01-25,,
21624749,2024-01-25,,
21625350,2024-01-25,,
21626197,2024-01-25,,
21629840,2024-01-25,,
21630857,2024-01-25,,
21631796,2024-01-25,,
21633468,2024-01-25,,
21634290,2024-01-25,,
21634327,2024-01-25,,
21640431,2024-01-26,,
21646028,2024-01-26,,
21656724,2024-01-27,,
21657912,2024-01-27,,
21661043,2024-01-27,,
21661521,2024-01-27,,
21665104,2024-01-27,,
21669350,2024-01-27,,
21670133,2024-01-27,,
21671346,2024-01-27,,
21674769,2024-01-27,,
21675952,2024-01-28,,
21677692,2024-01-28,,
21681622,2024-01-28,,
21683331,2024-01-28,,
21685292,2024-01-28,,
21686776,2024-01-28,,
21688051,2024-01-28,,
21688777,2024-01-28,,
21690929,2024-01-29,,
21703321,2024-01-29,,
21705117,2024-01-29,,
21710245,2024-01-29,,
21714161,2024-01-29,,
21715936,2024-01-29,,
21716435,2024-01-29,,
21716709,2024-01-29,,
21717274,2024-01-29,,
21717741,2024-01-29,,
21718895,2024-01-30,,
21719615,2024-01-30,,
21720696,2024-01-30,,
21721880,2024-01-30,,
21723323,2024-01-30,,
21723575,2024-01-30,,
21724300,2024-01-30,,
21737476,2024-01-30,,
21738443,2024-01-30,,
21739777,2024-01-30,,
21741205,2024-01-30,,
21741666,2024-01-30,,
21741678,2024-01-30,,
21742676,2024-01-30,,
21742872,2024-01-30,,
21743373,2024-01-30,,
21743577,2024-01-30,,
21743751,2024-01-30,,
21744051,2024-01-30,,
21744448,2024-01-30,,
21745455,2024-01-30,,
21745802,2024-01-31,,
21746774,2024-01-31,,
21747052,2024-01-31,,
21747873,2024-01-31,,
21751751,2024-01-31,,
21762889,2024-01-31,,
21764396,2024-01-31,,
21765568,2024-01-31,,
21768262,2024-01-31,,
21771232,2024-02-01,,
21771353,2024-02-01,,
21774324,2024-02-01,,
21785249,2024-02-01,,
21788599,2024-02-01,,
21789663,2024-02-01,,
21789870,2024-02-01,,
21790267,2024-02-01,,
21790671,2024-02-01,,
21791853,2024-02-01,,
21792023,2024-02-01,,
21792095,2024-02-01,,
21795533,2024-02-01,,
21795598,2024-02-01,,
21797526,2024-02-02,,
21798127,2024-02-02,,
21798915,2024-02-02,,
21798919,2024-02-02,,
21800082,2024-02-02,,
21802228,2024-02-02,,
21804662,2024-02-02,,
21815505,2024-02-02,,
21816251,2024-02-02,,
21817268,2024-02-02,,
21817949,2024-02-02,,
21819687,2024-02-02,,
21820597,2024-02-02,,
21821189,2024-02-02,,
21821774,2024-02-02,,
21821860,2024-02-02,,
21821916,2024-02-02,,
21822284,2024-02-03,,
21822501,2024-02-03,,
21823888,2024-02-03,,
21824856,2024-02-03,,
21825383,2024-02-03,,
21832379,2024-02-03,,
21833435,2024-02-03,,
21834650,2024-02-03,,
21835275,2024-02-03,,
21835597,2024-02-03,,
21836061,2024-02-03,,
21836678,2024-02-03,,
21837419,2024-02-03,,
21837511,2024-02-03,,
21838029,2024-02-03,,
21839135,2024-02-03,,
21839321,2024-02-03,,
21840631,2024-02-04,,
21840718,2024-02-04,,
21840772,2024-02-04,,
21841527,2024-02-04,,
21842233,2024-02-04,,
21843104,2024-02-04,,
21844312,2024-02-04,,
21844539,2024-02-04,,
21846101,2024-02-04,,
21847108,2024-02-04,,
21848730,2024-02-04,,
21849499,2024-02-04,,
21850806,2024-02-04,,
21851138,2024-02-04,,
21851436,2024-02-04,,
21851524,2024-02-04,,
21851774,2024-02-04,,
21852421,2024-02-04,,
21852613,2024-02-04,,
21853756,2024-02-04,,
21854440,2024-02-05,,
21854448,2024-02-05,,
21855870,2024-02-05,,
21855993,2024-02-05,,
21856905,2024-02-05,,
21857323,2024-02-05,,
21868463,2024-02-05,,
21871161,2024-02-05,,
21873164,2024-02-05,,
21873253,2024-02-05,,
21874516,2024-02-05,,
21874821,2024-02-05,,
21874889,2024-02-05,,
21875113,2024-02-05,,
21876548,2024-02-05,,
21879088,2024-02-05,,
21882899,2024-02-06,,
21883192,2024-02-06,,
21884183,2024-02-06,,
21884667,2024-02-06,,
21894082,2024-02-06,,
21895596,2024-02-06,,
21896417,2024-02-06,,
21897350,2024-02-06,,
21897421,2024-02-06,,
21897946,2024-02-06,,
21898405,2024-02-06,,
21899286,2024-02-06,,
21900303,2024-02-06,,
21902984,2024-02-06,,
21903939,2024-02-06,,
21904352,2024-02-06,,
21904591,2024-02-06,,
21906426,2024-02-07,,
21906513,2024-02-07,,
21906674,2024-02-07,,
21907088,2024-02-07,,
21907231,2024-02-07,,
21908557,2024-02-07,,
21910001,2024-02-07,,
21919971,2024-02-07,,
21921251,2024-02-07,,
21925308,2024-02-07,,
21925940,2024-02-07,,
21926133,2024-02-07,,
21926966,2024-02-07,,
21927764,2024-02-07,,
21927923,2024-02-07,,
21929427,2024-02-07,,
21931127,2024-02-08,,
21931645,2024-02-08,,
21931934,2024-02-08,,
21932422,2024-02-08,,
21933082,2024-02-08,,
21933179,2024-02-08,,
21937886,2024-02-08,,
21944668,2024-02-08,,
21947532,2024-02-08,,
21947980,2024-02-08,,
21950800,2024-02-08,,
21951786,2024-02-08,,
21951911,2024-02-08,,
21952866,2024-02-08,,
21952902,2024-02-08,,
21954646,2024-02-09,,
21955198,2024-02-09,,
21958321,2024-02-09,,
21958697,2024-02-09,,
21967681,2024-02-09,,
21968668,2024-02-09,,
21970928,2024-02-09,,
21973441,2024-02-09,,
21973499,2024-02-09,,
21974462,2024-02-09,,
21975398,2024-02-10,,
21978796,2024-02-10,,
21982099,2024-02-10,,
21984529,2024-02-10,,
21987794,2024-02-10,,
21988876,2024-02-10,,
21992010,2024-02-10,,
21994441,2024-02-11,,
21999565,2024-02-11,,
22000468,2024-02-11,,
22000515,2024-02-11,,
22003150,2024-02-11,,
22004655,2024-02-11,,
22005742,2024-02-11,,
22006531,2024-02-12,,
22007429,2024-02-12,,
22008280,2024-02-12,,
22018646,2024-02-12,,
22021968,2024-02-12,,
22023137,2024-02-12,,
22026104,2024-02-12,,
22026321,2024-02-12,,
22027344,2024-02-12,,
22027386,2024-02-12,,
22028082,2024-02-12,,
22028463,2024-02-12,,
22029771,2024-02-12,,
22029788,2024-02-12,,
22029896,2024-02-12,,
22029898,2024-02-12,,
22030576,2024-02-13,,
22031113,2024-02-13,,
22031716,2024-02-13,,
22032410,2024-02-13,,
22032477,2024-02-13,,
22035161,2024-02-13,,
22035389,2024-02-13,,
22045279,2024-02-13,,
22046965,2024-02-13,,
22048257,2024-02-13,,
22048724,2024-02-13,,
22048867,2024-02-13,,
22051012,2024-02-13,,
22052331,2024-02-13,,
22053404,2024-02-13,,
22053856,2024-02-13,,
22053991,2024-02-13,,
22054925,2024-02-14,,
22055182,2024-02-14,,
22055289,2024-02-14,,
22055735,2024-02-14,,
22055895,2024-02-14,,
22056300,2024-02-14,,
22056621,2024-02-14,,
22056699,2024-02-14,,
22056945,2024-02-14,,
22057287,2024-02-14,,
22057994,2024-02-14,,
22059849,2024-02-14,,
22060093,2024-02-14,,
22060334,2024-02-14,,
22062498,2024-02-14,,
22066682,2024-02-14,,
22066683,2024-02-14,,
22067529,2024-02-14,,
22067531,2024-02-14,,
22069291,2024-02-14,,
22070187,2024-02-14,,
22070361,2024-02-14,,
22070631,2024-02-14,,
22071000,2024-02-14,,
22071640,2024-02-14,,
22071981,2024-02-14,,
22072819,2024-02-14,,
22072847,2024-02-14,,
22073232,2024-02-14,,
22073478,2024-02-14,,
22073841,2024-02-14,,
22074461,2024-02-14,,
22074488,2024-02-14,,
22074499,2024-02-14,,
22074699,2024-02-14,,
22074837,2024-02-14,,
22075047,2024-02-14,,
22075225,2024-02-14,,
22075790,2024-02-14,,
22075819,2024-02-14,,
22076094,2024-02-14,,
22076244,2024-02-14,,
22076247,2024-02-14,,
22076348,2024-02-14,,
22076389,2024-02-14,,
22076411,2024-02-14,,
22076571,2024-02-14,,
22076737,2024-02-14,,
22076759,2024-02-14,,
22076827,2024-02-14,,
22077231,2024-02-14,,
22077472,2024-02-14,,
22077515,2024-02-14,,
22077749,2024-02-14,,
22077837,2024-02-14,,
22078004,2024-02-14,,
22078111,2024-02-14,,
22078182,2024-02-15,,
22078410,2024-02-15,,
22078564,2024-02-15,,
22078823,2024-02-15,,
22079115,2024-02-15,,
22079158,2024-02-15,,
22079425,2024-02-15,,
22079502,2024-02-15,,
22079564,2024-02-15,,
22079775,2024-02-15,,
22079822,2024-02-15,,
22080037,2024-02-15,,
22080233,2024-02-15,,
22080357,2024-02-15,,
22080570,2024-02-15,,
22080626,2024-02-15,,
22080706,2024-02-15,,
22080848,2024-02-15,,
22080871,2024-02-15,,
22080921,2024-02-15,,
22081185,2024-02-15,,
22081417,2024-02-15,,
22081667,2024-02-15,,
22083047,2024-02-15,,
22088172,2024-02-15,,
22089291,2024-02-15,,
22090824,2024-02-15,,
22091273,2024-02-15,,
22091303,2024-02-15,,
22092447,2024-02-15,,
22093248,2024-02-15,,
22094442,2024-02-15,,
22095874,2024-02-15,,
22096699,2024-02-15,,
22096971,2024-02-15,,
22097146,2024-02-15,,
22097196,2024-02-15,,
22097588,2024-02-15,,
22098235,2024-02-15,,
22098785,2024-02-15,,
22099305,2024-02-15,,
22099740,2024-02-15,,
22099784,2024-02-15,,
22100098,2024-02-15,,
22100107,2024-02-15,,
22100193,2024-02-15,,
22100290,2024-02-15,,
22100912,2024-02-15,,
22101021,2024-02-15,,
22101099,2024-02-15,,
22101171,2024-02-15,,
22101364,2024-02-15,,
22101521,2024-02-15,,
22101793,2024-02-15,,
22102194,2024-02-16,,
22102274,2024-02-16,,
22102804,2024-02-16,,
22103116,2024-02-16,,
22103250,2024-02-16,,
22103330,2024-02-16,,
22103421,2024-02-16,,
22103588,2024-02-16,,
22103885,2024-02-16,,
22104134,2024-02-16,,
22104188,2024-02-16,,
22104527,2024-02-16,,
22104553,2024-02-16,,
22104840,2024-02-16,,
22108854,2024-02-16,,
22109821,2024-02-16,,
22109904,2024-02-16,,
22109941,2024-02-16,,
22110178,2024-02-16,,
22114271,2024-02-16,,
22117045,2024-02-16,,
22117170,2024-02-16,,
22117571,2024-02-16,,
22118341,2024-02-16,,
22120356,2024-02-16,,
22120532,2024-02-16,,
22120590,2024-02-16,,
22121131,2024-02-16,,
22121816,2024-02-16,,
22122056,2024-02-16,,
22122427,2024-02-16,,
22122612,2024-02-16,,
22123111,2024-02-16,,
22123345,2024-02-16,,
22123536,2024-02-16,,
22123842,2024-02-16,,
22124168,2024-02-16,,
22124988,2024-02-17,,
22126247,2024-02-17,,
22126361,2024-02-17,,
22126698,2024-02-17,,
22126819,2024-02-17,,
22130700,2024-02-17,,
22130724,2024-02-17,,
22130907,2024-02-17,,
22130920,2024-02-17,,
22131125,2024-02-17,,
22134570,2024-02-17,,
22135609,2024-02-17,,
22135902,2024-02-17,,
22136908,2024-02-17,,
22136911,2024-02-17,,
22137135,2024-02-17,,
22137706,2024-02-17,,
22137765,2024-02-17,,
22137909,2024-02-17,,
22138019,2024-02-17,,
22138272,2024-02-17,,
22138723,2024-02-17,,
22138940,2024-02-17,,
22138949,2024-02-17,,
22138958,2024-02-17,,
22139282,2024-02-17,,
22139347,2024-02-17,,
22139655,2024-02-17,,
22139863,2024-02-17,,
22140081,2024-02-17,,
22140265,2024-02-17,,
22140465,2024-02-17,,
22141192,2024-02-17,,
22141276,2024-02-17,,
22141394,2024-02-17,,
22141551,2024-02-17,,
22141762,2024-02-17,,
22142101,2024-02-17,,
22142252,2024-02-18,,
22142344,2024-02-18,,
22142887,2024-02-18,,
22143881,2024-02-18,,
22144357,2024-02-18,,
22144614,2024-02-18,,
22144631,2024-02-18,,
22145183,2024-02-18,,
22145564,2024-02-18,,
22146182,2024-02-18,,
22148317,2024-02-18,,
22149615,2024-02-18,,
22149616,2024-02-18,,
22149632,2024-02-18,,
22150358,2024-02-18,,
22150404,2024-02-18,,
22150828,2024-02-18,,
22150999,2024-02-18,,
22151848,2024-02-18,,
22151893,2024-02-18,,
22153326,2024-02-18,,
22153968,2024-02-18,,
22154150,2024-02-18,,
22154244,2024-02-18,,
22154473,2024-02-18,,
22154572,2024-02-18,,
22154625,2024-02-18,,
22154633,2024-02-18,,
22154715,2024-02-18,,
22154841,2024-02-18,,
22154862,2024-02-18,,
22155002,2024-02-18,,
22155470,2024-02-18,,
22155551,2024-02-18,,
22156009,2024-02-18,,
22156334,2024-02-18,,
22156541,2024-02-18,,
22157228,2024-02-19,,
22157267,2024-02-19,,
22157331,2024-02-19,,
22157791,2024-02-19,,
22158488,2024-02-19,,
22158519,2024-02-19,,
22158583,2024-02-19,,
22158635,2024-02-19,,
22158856,2024-02-19,,
22158950,2024-02-19,,
22160171,2024-02-19,,
22160187,2024-02-19,,
22160288,2024-02-19,,
22163196,2024-02-19,,
22163961,2024-02-19,,
22164613,2024-02-19,,
22165497,2024-02-19,,
22166162,2024-02-19,,
22169229,2024-02-19,,
22171839,2024-02-19,,
22172690,2024-02-19,,
22172760,2024-02-19,,
22173636,2024-02-19,,
22173699,2024-02-19,,
22175432,2024-02-19,,
22176537,2024-02-19,,
22176833,2024-02-19,,
22177477,2024-02-19,,
22177569,2024-02-19,,
22177608,2024-02-19,,
22177692,2024-02-19,,
22177863,2024-02-19,,
22178173,2024-02-19,,
22178261,2024-02-19,,
22178386,2024-02-19,,
22178486,2024-02-19,,
22178533,2024-02-19,,
22179285,2024-02-19,,
22180151,2024-02-19,,
22180372,2024-02-19,,
22180536,2024-02-19,,
22180563,2024-02-19,,
22181009,2024-02-19,,
22181139,2024-02-19,,
22181174,2024-02-19,,
22181914,2024-02-19,,
22182208,2024-02-20,,
22182303,2024-02-20,,
22182344,2024-02-20,,
22182350,2024-02-20,,
22182874,2024-02-20,,
22183385,2024-02-20,,
22183528,2024-02-20,,
22183837,2024-02-20,,
22184213,2024-02-20,,
22184239,2024-02-20,,
22184491,2024-02-20,,
22185447,2024-02-20,,
22185629,2024-02-20,,
22186534,2024-02-20,,
22186800,2024-02-20,,
22186911,2024-02-20,,
22190291,2024-02-20,,
22190783,2024-02-20,,
22190974,2024-02-20,,
22195121,2024-02-20,,
22195804,2024-02-20,,
22196578,2024-02-20,,
22197708,2024-02-20,,
22198612,2024-02-20,,
22199844,2024-02-20,,
22199847,2024-02-20,,
22199868,2024-02-20,,
22200045,2024-02-20,,
22200943,2024-02-20,,
22202045,2024-02-20,,
22202667,2024-02-20,,
22203091,2024-02-20,,
22203153,2024-02-20,,
22203904,2024-02-20,,
22204499,2024-02-20,,
22204617,2024-02-20,,
22204815,2024-02-20,,
22205941,2024-02-20,,
22206275,2024-02-20,,
22206372,2024-02-20,,
22206512,2024-02-20,,
22206734,2024-02-20,,
22206984,2024-02-20,,
22207445,2024-02-20,,
22207509,2024-02-20,,
22207716,2024-02-20,,
22208182,2024-02-20,,
22208829,2024-02-21,,
22209352,2024-02-21,,
22209684,2024-02-21,,
22209914,2024-02-21,,
22209949,2024-02-21,,
22210211,2024-02-21,,
22210473,2024-02-21,,
22210624,2024-02-21,,
22210739,2024-02-21,,
22211107,2024-02-21,,
22211156,2024-02-21,,
22211543,2024-02-21,,
22212401,2024-02-21,,
22212766,2024-02-21,,
22214855,2024-02-21,,
22217492,2024-02-21,,
22220547,2024-02-21,,
22223995,2024-02-21,,
22224012,2024-02-21,,
22227170,2024-02-21,,
22227288,2024-02-21,,
22227485,2024-02-21,,
22227822,2024-02-21,,
22228524,2024-02-21,,
22231072,2024-02-21,,
22231343,2024-02-21,,
22231608,2024-02-21,,
22232321,2024-02-21,,
22233195,2024-02-21,,
22233759,2024-02-21,,
22233811,2024-02-21,,
22234510,2024-02-22,,
22235769,2024-02-22,,
22236476,2024-02-22,,
22237850,2024-02-22,,
22245643,2024-02-22,,
22245731,2024-02-22,,
22246139,2024-02-22,,
22246860,2024-02-22,,
22249160,2024-02-22,,
22250773,2024-02-22,,
22251211,2024-02-22,,
22254204,2024-02-22,,
22255168,2024-02-22,,
22255482,2024-02-22,,
22255759,2024-02-22,,
22255773,2024-02-22,,
22256300,2024-02-22,,
22256346,2024-02-22,,
22256798,2024-02-22,,
22256806,2024-02-22,,
22257978,2024-02-22,,
22258929,2024-02-22,,
22259298,2024-02-22,,
22260307,2024-02-23,,
22260409,2024-02-23,,
22260869,2024-02-23,,
22261065,2024-02-23,,
22262538,2024-02-23,,
22263656,2024-02-23,,
22267621,2024-02-23,,
22271529,2024-02-23,,
22272265,2024-02-23,,
22272455,2024-02-23,,
22274492,2024-02-23,,
22274800,2024-02-23,,
22276173,2024-02-23,,
22276659,2024-02-23,,
22277771,2024-02-23,,
22279391,2024-02-23,,
22280682,2024-02-23,,
22280816,2024-02-23,,
22281124,2024-02-23,,
22281352,2024-02-23,,
22281783,2024-02-23,,
22282680,2024-02-23,,
22283101,2024-02-23,,
22283529,2024-02-23,,
22283696,2024-02-23,,
22284777,2024-02-24,,
22284871,2024-02-24,,
22284911,2024-02-24,,
22286412,2024-02-24,,
22286439,2024-02-24,,
22289548,2024-02-24,,
22297281,2024-02-24,,
22298656,2024-02-24,,
22300139,2024-02-24,,
22300809,2024-02-24,,
22302504,2024-02-24,,
22302649,2024-02-24,,
22303772,2024-02-24,,
22303906,2024-02-24,,
22304537,2024-02-24,,
22305385,2024-02-25,,
22306291,2024-02-25,,
22306535,2024-02-25,,
22306909,2024-02-25,,
22308878,2024-02-25,,
22309080,2024-02-25,,
22309624,2024-02-25,,
22309970,2024-02-25,,
22311178,2024-02-25,,
22312702,2024-02-25,,
22313356,2024-02-25,,
22313635,2024-02-25,,
22314930,2024-02-25,,
22316390,2024-02-25,,
22319016,2024-02-25,,
22319033,2024-02-25,,
22319531,2024-02-25,,
22324381,2024-02-25,,
22325518,2024-02-25,,
22327917,2024-02-25,,
22327993,2024-02-25,,
22329151,2024-02-25,,
22329607,2024-02-25,,
22329636,2024-02-25,,
22329637,2024-02-25,,
22329776,2024-02-25,,
22329977,2024-02-25,,
22331512,2024-02-25,,
22334697,2024-02-26,,
22335799,2024-02-26,,
22338758,2024-02-26,,
22338809,2024-02-26,,
22340069,2024-02-26,,
22340132,2024-02-26,,
22340287,2024-02-26,,
22341528,2024-02-26,,
22346436,2024-02-26,,
22347661,2024-02-26,,
22354582,2024-02-26,,
22359809,2024-02-26,,
22359957,2024-02-26,,
22360290,2024-02-26,,
22362334,2024-02-26,,
22362569,2024-02-26,,
22364525,2024-02-26,,
22365492,2024-02-26,,
22366364,2024-02-26,,
22368915,2024-02-26,,
22370456,2024-02-26,,
22371514,2024-02-26,,
22374397,2024-02-26,,
22375102,2024-02-26,,
22375823,2024-02-27,,
22375832,2024-02-27,,
22376728,2024-02-27,,
22376848,2024-02-27,,
22380185,2024-02-27,,
22382707,2024-02-27,,
22384366,2024-02-27,,
22387344,2024-02-27,,
22400208,2024-02-27,,
22406893,2024-02-27,,
22408640,2024-02-27,,
22411049,2024-02-27,,
22411336,2024-02-27,,
22412082,2024-02-27,,
22415391,2024-02-27,,
22417324,2024-02-27,,
22417363,2024-02-27,,
22421565,2024-02-27,,
22422912,2024-02-27,,
22423502,2024-02-27,,
22424852,2024-02-27,,
22424951,2024-02-27,,
22426690,2024-02-27,,
22428783,2024-02-28,,
22428966,2024-02-28,,
22429711,2024-02-28,,
22429945,2024-02-28,,
22430033,2024-02-28,,
22430815,2024-02-28,,
22431055,2024-02-28,,
22431476,2024-02-28,,
22431968,2024-02-28,,
22432250,2024-02-28,,
22432393,2024-02-28,,
22432962,2024-02-28,,
22433256,2024-02-28,,
22436014,2024-02-28,,
22436661,2024-02-28,,
22436871,2024-02-28,,
22437016,2024-02-28,,
22439381,2024-02-28,,
22444776,2024-02-28,,
22447971,2024-02-28,,
22448090,2024-02-28,,
22451060,2024-02-28,,
22451648,2024-02-28,,
22451894,2024-02-28,,
22453845,2024-02-28,,
22457730,2024-02-28,,
22457779,2024-02-28,,
22458033,2024-02-28,,
22458407,2024-02-28,,
22458827,2024-02-28,,
22459223,2024-02-29,,
22460494,2024-02-29,,
22461709,2024-02-29,,
22462137,2024-02-29,,
22462471,2024-02-29,,
22462573,2024-02-29,,
22462834,2024-02-29,,
22464812,2024-02-29,,
22465290,2024-02-29,,
22465788,2024-02-29,,
22468246,2024-02-29,,
22471127,2024-02-29,,
22472609,2024-02-29,,
22477389,2024-02-29,,
22477606,2024-02-29,,
22477784,2024-02-29,,
22478313,2024-02-29,,
22478558,2024-02-29,,
22479966,2024-02-29,,
22480243,2024-02-29,,
22480470,2024-02-29,,
22481607,2024-02-29,,
22482246,2024-02-29,,
22483132,2024-02-29,,
22483161,2024-02-29,,
22483299,2024-02-29,,
22483542,2024-02-29,,
22484060,2024-02-29,,
22485082,2024-02-29,,
22488955,2024-02-29,,
22489401,2024-02-29,,
22490490,2024-02-29,,
22490571,2024-02-29,,
22491102,2024-02-29,,
22491130,2024-02-29,,
22491181,2024-02-29,,
22491714,2024-02-29,,
22491776,2024-02-29,,
22491805,2024-02-29,,
22492665,2024-02-29,,
22493717,2024-03-01,,
22494737,2024-03-01,,
22500213,2024-03-01,,
22506294,2024-03-01,,
22507300,2024-03-01,,
22507360,2024-03-01,,
22508168,2024-03-01,,
22528604,2024-03-01,,
22528714,2024-03-01,,
22530300,2024-03-01,,
22530937,2024-03-01,,
22531380,2024-03-01,,
22531574,2024-03-01,,
22532924,2024-03-01,,
22533706,2024-03-01,,
22534118,2024-03-01,,
22534318,2024-03-01,,
22536763,2024-03-01,,
22536881,2024-03-01,,
22540329,2024-03-01,,
22541285,2024-03-01,,
22541802,2024-03-01,,
22542137,2024-03-01,,
22542893,2024-03-01,,
22543857,2024-03-02,,
22543868,2024-03-02,,
22544923,2024-03-02,,
22545577,2024-03-02,,
22547587,2024-03-02,,
22547685,2024-03-02,,
22548014,2024-03-02,,
22548503,2024-03-02,,
22548921,2024-03-02,,
22551205,2024-03-02,,
22555394,2024-03-02,,
22556335,2024-03-02,,
22558087,2024-03-02,,
22558112,2024-03-02,,
22559226,2024-03-02,,
22560782,2024-03-02,,
22561275,2024-03-02,,
22561494,2024-03-02,,
22561845,2024-03-02,,
22562209,2024-03-02,,
22562606,2024-03-02,,
22563224,2024-03-02,,
22563589,2024-03-02,,
22563691,2024-03-02,,
22566369,2024-03-02,,
22566589,2024-03-02,,
22567359,2024-03-02,,
22568757,2024-03-02,,
22569362,2024-03-02,,
22569887,2024-03-03,,
22570373,2024-03-03,,
22570459,2024-03-03,,
22571160,2024-03-03,,
22573121,2024-03-03,,
22573288,2024-03-03,,
22575085,2024-03-03,,
22585471,2024-03-03,,
22586486,2024-03-03,,
22586783,2024-03-03,,
22588428,2024-03-03,,
22588673,2024-03-03,,
22588928,2024-03-03,,
22590021,2024-03-03,,
22590393,2024-03-03,,
22591609,2024-03-03,,
22591979,2024-03-03,,
22592288,2024-03-03,,
22593032,2024-03-03,,
22593298,2024-03-03,,
22593693,2024-03-03,,
22593876,2024-03-03,,
22594250,2024-03-03,,
22594625,2024-03-03,,
22595406,2024-03-03,,
22595815,2024-03-03,,
22596336,2024-03-03,,
22596617,2024-03-03,,
22599338,2024-03-03,,
22599438,2024-03-03,,
22600012,2024-03-03,,
22600104,2024-03-03,,
22600668,2024-03-03,,
22601281,2024-03-03,,
22601632,2024-03-03,,
22601706,2024-03-03,,
22602018,2024-03-03,,
22602056,2024-03-03,,
22602376,2024-03-04,,
22602584,2024-03-04,,
22602734,2024-03-04,,
22602806,2024-03-04,,
22603140,2024-03-04,,
22604276,2024-03-04,,
22604900,2024-03-04,,
22604937,2024-03-04,,
22605228,2024-03-04,,
22605550,2024-03-04,,
22606795,2024-03-04,,
22607122,2024-03-04,,
22607735,2024-03-04,,
22608599,2024-03-04,,
22609016,2024-03-04,,
22609278,2024-03-04,,
22611370,2024-03-04,,
22615225,2024-03-04,,
22621868,2024-03-04,,
22625977,2024-03-04,,
22626542,2024-03-04,,
22628194,2024-03-04,,
22630730,2024-03-04,,
22630875,2024-03-04,,
22631322,2024-03-04,,
22631379,2024-03-04,,
22631490,2024-03-04,,
22631827,2024-03-04,,
22632071,2024-03-04,,
22632502,2024-03-04,,
22633419,2024-03-04,,
22633837,2024-03-04,,
22634746,2024-03-04,,
22635077,2024-03-04,,
22635104,2024-03-04,,
22635645,2024-03-04,,
22635691,2024-03-04,,
22635714,2024-03-04,,
22636357,2024-03-04,,
22636594,2024-03-04,,
22636819,2024-03-04,,
22636985,2024-03-04,,
22637826,2024-03-05,,
22637847,2024-03-05,,
22637873,2024-03-05,,
22637896,2024-03-05,,
22637996,2024-03-05,,
22638287,2024-03-05,,
22638361,2024-03-05,,
22638538,2024-03-05,,
22638622,2024-03-05,,
22638627,2024-03-05,,
22638707,2024-03-05,,
22638839,2024-03-05,,
22638862,2024-03-05,,
22638882,2024-03-05,,
22639087,2024-03-05,,
22639108,2024-03-05,,
22639238,2024-03-05,,
22639240,2024-03-05,,
22639257,2024-03-05,,
22639321,2024-03-05,,
22639365,2024-03-05,,
22639481,2024-03-05,,
22639584,2024-03-05,,
22639882,2024-03-05,,
22639916,2024-03-05,,
22640836,2024-03-05,,
22641974,2024-03-05,,
22642815,2024-03-05,,
22646947,2024-03-05,,
22648710,2024-03-05,,
22652865,2024-03-05,,
22652886,2024-03-05,,
22653906,2024-03-05,,
22655088,2024-03-05,,
22655663,2024-03-05,,
22657330,2024-03-05,,
22658300,2024-03-05,,
22658358,2024-03-05,,
22658641,2024-03-05,,
22660969,2024-03-05,,
22661845,2024-03-05,,
22662613,2024-03-05,,
22663590,2024-03-05,,
22663953,2024-03-05,,
22663965,2024-03-05,,
22664654,2024-03-05,,
22664765,2024-03-05,,
22664935,2024-03-05,,
22665171,2024-03-05,,
22665674,2024-03-06,,
22665824,2024-03-06,,
22665920,2024-03-06,,
22667855,2024-03-06,,
22668136,2024-03-06,,
22668636,2024-03-06,,
22669193,2024-03-06,,
22670662,2024-03-06,,
22673239,2024-03-06,,
22678472,2024-03-06,,
22682909,2024-03-06,,
22683103,2024-03-06,,
22684559,2024-03-06,,
22685968,2024-03-06,,
22686916,2024-03-06,,
22687622,2024-03-06,,
22687807,2024-03-06,,
22689592,2024-03-06,,
22689604,2024-03-06,,
22690696,2024-03-06,,
22691430,2024-03-06,,
22693375,2024-03-06,,
22696794,2024-03-07,,
22697876,2024-03-07,,
22701683,2024-03-07,,
22703207,2024-03-07,,
22710308,2024-03-07,,
22710500,2024-03-07,,
22710570,2024-03-07,,
22710729,2024-03-07,,
22711361,2024-03-07,,
22712652,2024-03-07,,
22712810,2024-03-07,,
22715508,2024-03-07,,
22715653,2024-03-07,,
22715703,2024-03-07,,
22716235,2024-03-07,,
22716803,2024-03-07,,
22717041,2024-03-07,,
22717713,2024-03-07,,
22717949,2024-03-07,,
22718411,2024-03-07,,
22718854,2024-03-07,,
22722396,2024-03-08,,
22722413,2024-03-08,,
22723598,2024-03-08,,
22731240,2024-03-08,,
22731392,2024-03-08,,
22732975,2024-03-08,,
22734551,2024-03-08,,
22736217,2024-03-08,,
22739758,2024-03-08,,
22739935,2024-03-08,,
22740360,2024-03-08,,
22740392,2024-03-08,,
22740495,2024-03-08,,
22740910,2024-03-09,,
22741930,2024-03-09,,
22742142,2024-03-09,,
22742368,2024-03-09,,
22742488,2024-03-09,,
22742820,2024-03-09,,
22744114,2024-03-09,,
22750087,2024-03-09,,
22752062,2024-03-09,,
22752417,2024-03-09,,
22753309,2024-03-09,,
22753384,2024-03-09,,
22754635,2024-03-09,,
22757129,2024-03-09,,
22758118,2024-03-10,,
22759294,2024-03-10,,
22760105,2024-03-10,,
22760535,2024-03-10,,
22760768,2024-03-10,,
22761204,2024-03-10,,
22763083,2024-03-10,,
22763925,2024-03-10,,
22764165,2024-03-10,,
22768171,2024-03-10,,
22769862,2024-03-10,,
22770037,2024-03-10,,
22770289,2024-03-10,,
22770526,2024-03-10,,
22770813,2024-03-10,,
22771523,2024-03-11,,
22771975,2024-03-11,,
22772493,2024-03-11,,
22772689,2024-03-11,,
22773013,2024-03-11,,
22773299,2024-03-11,,
22774098,2024-03-11,,
22775538,2024-03-11,,
22775841,2024-03-11,,
22779851,2024-03-11,,
22788080,2024-03-11,,
22788753,2024-03-11,,
22790710,2024-03-11,,
22791085,2024-03-11,,
22791911,2024-03-11,,
22792488,2024-03-11,,
22794011,2024-03-11,,
22794118,2024-03-11,,
22794456,2024-03-11,,
22795659,2024-03-11,,
22795704,2024-03-11,,
22795752,2024-03-11,,
22795884,2024-03-11,,
22796092,2024-03-11,,
22796321,2024-03-11,,
22797383,2024-03-12,,
22798347,2024-03-12,,
22799354,2024-03-12,,
22799910,2024-03-12,,
22800286,2024-03-12,,
22801282,2024-03-12,,
22802100,2024-03-12,,
22802276,2024-03-12,,
22804674,2024-03-12,,
22809601,2024-03-12,,
22811055,2024-03-12,,
22812130,2024-03-12,,
22813108,2024-03-12,,
22817693,2024-03-12,,
22821485,2024-03-12,,
22821722,2024-03-12,,
22822982,2024-03-12,,
22823292,2024-03-12,,
22823929,2024-03-12,,
22824523,2024-03-12,,
22824625,2024-03-12,,
22825599,2024-03-13,,
22827615,2024-03-13,,
22828375,2024-03-13,,
22829078,2024-03-13,,
22837396,2024-03-13,,
22841982,2024-03-13,,
22842646,2024-03-13,,
22843275,2024-03-13,,
22845095,2024-03-13,,
22848735,2024-03-13,,
22849119,2024-03-13,,
22849260,2024-03-13,,
22850171,2024-03-13,,
22851820,2024-03-14,,
22853418,2024-03-14,,
22854305,2024-03-14,,
22854843,2024-03-14,,
22858478,2024-03-14,,
22864422,2024-03-14,,
22864873,2024-03-14,,
22867074,2024-03-14,,
22869088,2024-03-14,,
22869132,2024-03-14,,
22869165,2024-03-14,,
22869170,2024-03-14,,
22870370,2024-03-14,,
22871860,2024-03-14,,
22872587,2024-03-14,,
22873004,2024-03-14,,
22873295,2024-03-14,,
22874122,2024-03-14,,
22875447,2024-03-14,,
22876704,2024-03-15,,
22878074,2024-03-15,,
22880206,2024-03-15,,
22882321,2024-03-15,,
22882997,2024-03-15,,
22887782,2024-03-15,,
22890575,2024-03-15,,
22892767,2024-03-15,,
22893762,2024-03-15,,
22893801,2024-03-15,,
22893844,2024-03-15,,
22894249,2024-03-15,,
22894722,2024-03-15,,
22895310,2024-03-15,,
22895876,2024-03-15,,
22896280,2024-03-15,,
22896312,2024-03-15,,
22896359,2024-03-15,,
22897507,2024-03-15,,
22897881,2024-03-15,,
22898846,2024-03-16,,
22899830,2024-03-16,,
22900298,2024-03-16,,
22904506,2024-03-16,,
22904696,2024-03-16,,
22904910,2024-03-16,,
22909083,2024-03-16,,
22910503,2024-03-16,,
22911914,2024-03-16,,
22913153,2024-03-16,,
22914729,2024-03-16,,
22915534,2024-03-17,,
22915645,2024-03-17,,
22916047,2024-03-17,,
22918389,2024-03-17,,
22920843,2024-03-17,,
22921215,2024-03-17,,
22922503,2024-03-17,,
22923492,2024-03-17,,
22925539,2024-03-17,,
22925743,2024-03-17,,
22926974,2024-03-17,,
22927107,2024-03-17,,
22927267,2024-03-17,,
22927916,2024-03-17,,
22929294,2024-03-18,,
22929320,2024-03-18,,
22929713,2024-03-18,,
22931095,2024-03-18,,
22931863,2024-03-18,,
22936556,2024-03-18,,
22936701,2024-03-18,,
22941111,2024-03-18,,
22943343,2024-03-18,,
22943680,2024-03-18,,
22945517,2024-03-18,,
22947731,2024-03-18,,
22948985,2024-03-18,,
22950517,2024-03-18,,
22953035,2024-03-18,,
22953377,2024-03-18,,
22953690,2024-03-18,,
22955148,2024-03-18,,
22956857,2024-03-18,,
22957368,2024-03-18,,
22958207,2024-03-19,,
22958413,2024-03-19,,
22958884,2024-03-19,,
22959919,2024-03-19,,
22960416,2024-03-19,,
22975306,2024-03-19,,
22976617,2024-03-19,,
22979700,2024-03-19,,
22979879,2024-03-19,,
22983263,2024-03-19,,
22984240,2024-03-19,,
22984279,2024-03-19,,
22984699,2024-03-19,,
22985496,2024-03-19,,
22986853,2024-03-19,,
22988210,2024-03-19,,
22988462,2024-03-19,,
22989065,2024-03-19,,
22989492,2024-03-19,,
22989848,2024-03-19,,
22990459,2024-03-19,,
22991142,2024-03-19,,
22991356,2024-03-19,,
22992748,2024-03-20,,
22994059,2024-03-20,,
22995111,2024-03-20,,
23000929,2024-03-20,,
23009740,2024-03-20,,
23010424,2024-03-20,,
23010975,2024-03-20,,
23011430,2024-03-20,,
23012879,2024-03-20,,
23013016,2024-03-20,,
23013345,2024-03-20,,
23013666,2024-03-20,,
23013923,2024-03-20,,
23014391,2024-03-20,,
23015152,2024-03-20,,
23016337,2024-03-20,,
23016676,2024-03-20,,
23017407,2024-03-20,,
23017563,2024-03-20,,
23017843,2024-03-20,,
23017942,2024-03-20,,
23017947,2024-03-20,,
23018162,2024-03-20,,
23018509,2024-03-20,,
23018550,2024-03-20,,
23018857,2024-03-21,,
23019041,2024-03-21,,
23019337,2024-03-21,,
23020133,2024-03-21,,
23021024,2024-03-21,,
23021161,2024-03-21,,
23021195,2024-03-21,,
23021233,2024-03-21,,
23021240,2024-03-21,,
23021246,2024-03-21,,
23021302,2024-03-21,,
23021382,2024-03-21,,
23021443,2024-03-21,,
23021697,2024-03-21,,
23022219,2024-03-21,,
23023275,2024-03-21,,
23037479,2024-03-21,,
23038983,2024-03-21,,
23040075,2024-03-21,,
23041316,2024-03-21,,
23042490,2024-03-21,,
23043330,2024-03-21,,
23044057,2024-03-21,,
23044630,2024-03-22,,
23047394,2024-03-22,,
23058844,2024-03-22,,
23060481,2024-03-22,,
23060664,2024-03-22,,
23062139,2024-03-22,,
23063616,2024-03-22,,
23063998,2024-03-22,,
23065419,2024-03-22,,
23065928,2024-03-22,,
23066695,2024-03-22,,
23070558,2024-03-23,,
23070862,2024-03-23,,
23078733,2024-03-23,,
23081538,2024-03-23,,
23081791,2024-03-23,,
23081990,2024-03-23,,
23082622,2024-03-23,,
23082774,2024-03-23,,
23083446,2024-03-23,,
23085123,2024-03-24,,
23086581,2024-03-24,,
23086733,2024-03-24,,
23089066,2024-03-24,,
23090055,2024-03-24,,
23092016,2024-03-24,,
23094778,2024-03-24,,
23095583,2024-03-24,,
23096693,2024-03-24,,
23098807,2024-03-25,,
23099505,2024-03-25,,
23100555,2024-03-25,,
23104180,2024-03-25,,
23106281,2024-03-25,,
23107459,2024-03-25,,
23110644,2024-03-25,,
23110713,2024-03-25,,
23110824,2024-03-25,,
23111493,2024-03-25,,
23111982,2024-03-25,,
23112380,2024-03-25,,
23116289,2024-03-25,,
23116328,2024-03-25,,
23117584,2024-03-26,,
23117713,2024-03-26,,
23118843,2024-03-26,,
23135934,2024-03-26,,
23137095,2024-03-26,,
23138240,2024-03-26,,
23140193,2024-03-26,,
23143696,2024-03-27,,
23143758,2024-03-27,,
23144174,2024-03-27,,
23145860,2024-03-27,,
23148878,2024-03-27,,
23149796,2024-03-27,,
23150902,2024-03-27,,
23157033,2024-03-27,,
23158712,2024-03-27,,
23161166,2024-03-27,,
23162022,2024-03-27,,
23162607,2024-03-27,,
23166657,2024-03-27,,
23166925,2024-03-27,,
23167443,2024-03-27,,
23167983,2024-03-28,,
23168501,2024-03-28,,
23182472,2024-03-28,,
23184049,2024-03-28,,
23185123,2024-03-28,,
23186046,2024-03-28,,
23186875,2024-03-28,,
23188637,2024-03-28,,
23188658,2024-03-28,,
23190659,2024-03-28,,
23190933,2024-03-28,,
23191172,2024-03-28,,
23191370,2024-03-28,,
23191633,2024-03-28,,
23193927,2024-03-29,,
23197357,2024-03-29,,
23197684,2024-03-29,,
23208412,2024-03-29,,
23208641,2024-03-29,,
23208660,2024-03-29,,
23208692,2024-03-29,,
23208876,2024-03-29,,
23209168,2024-03-29,,
23209847,2024-03-29,,
23210387,2024-03-29,,
23212414,2024-03-29,,
23212784,2024-03-29,,
23214672,2024-03-29,,
23214933,2024-03-29,,
23215055,2024-03-29,,
23216073,2024-03-30,,
23216831,2024-03-30,,
23224836,2024-03-30,,
23225311,2024-03-30,,
23226657,2024-03-30,,
23227953,2024-03-30,,
23230878,2024-03-30,,
23231274,2024-03-30,,
23231761,2024-03-30,,
23232827,2024-03-31,,
23233029,2024-03-31,,
23233172,2024-03-31,,
23233302,2024-03-31,,
23233587,2024-03-31,,
23233808,2024-03-31,,
23233841,2024-03-31,,
23234894,2024-03-31,,
23238032,2024-03-31,,
23239007,2024-03-31,,
23240667,2024-03-31,,
23244573,2024-03-31,,
23245560,2024-03-31,,
23246422,2024-04-01,,
23246607,2024-04-01,,
23246766,2024-04-01,,
23247344,2024-04-01,,
23247881,2024-04-01,,
23250525,2024-04-01,,
23253178,2024-04-01,,
23255993,2024-04-01,,
23260972,2024-04-01,,
23262952,2024-04-01,,
23263259,2024-04-01,,
23266462,2024-04-01,,
23266534,2024-04-01,,
23267252,2024-04-01,,
23267696,2024-04-01,,
23267953,2024-04-01,,
23268164,2024-04-01,,
23268262,2024-04-01,,
23268839,2024-04-01,,
23268943,2024-04-01,,
23269394,2024-04-01,,
23270378,2024-04-01,,
23271083,2024-04-01,,
23271338,2024-04-02,,
23273247,2024-04-02,,
23273304,2024-04-02,,
23273810,2024-04-02,,
23274447,2024-04-02,,
23275085,2024-04-02,,
23277094,2024-04-02,,
23278360,2024-04-02,,
23278673,2024-04-02,,
23282142,2024-04-02,,
23285502,2024-04-02,,
23287952,2024-04-02,,
23288648,2024-04-02,,
23290477,2024-04-02,,
23292173,2024-04-02,,
23293360,2024-04-02,,
23293778,2024-04-02,,
23295638,2024-04-02,,
23298017,2024-04-02,,
23298572,2024-04-02,,
23298784,2024-04-02,,
23301090,2024-04-03,,
23301790,2024-04-03,,
23302099,2024-04-03,,
23302249,2024-04-03,,
23303145,2024-04-03,,
23303230,2024-04-03,,
23306527,2024-04-03,,
23308438,2024-04-03,,
23309496,2024-04-03,,
23310597,2024-04-03,,
23311143,2024-04-03,,
23311875,2024-04-03,,
23314779,2024-04-03,,
23316660,2024-04-03,,
23319460,2024-04-03,,
23320181,2024-04-03,,
23320282,2024-04-03,,
23320657,2024-04-03,,
23321426,2024-04-03,,
23321662,2024-04-03,,
23322755,2024-04-03,,
23324097,2024-04-03,,
23324681,2024-04-03,,
23325140,2024-04-03,,
23325338,2024-04-03,,
23326571,2024-04-04,,
23326641,2024-04-04,,
23326895,2024-04-04,,
23326990,2024-04-04,,
23327805,2024-04-04,,
23328303,2024-04-04,,
23329650,2024-04-04,,
23329867,2024-04-04,,
23331049,2024-04-04,,
23332552,2024-04-04,,
23335711,2024-04-04,,
23339954,2024-04-04,,
23340404,2024-04-04,,
23342834,2024-04-04,,
23342860,2024-04-04,,
23343546,2024-04-04,,
23343949,2024-04-04,,
23344640,2024-04-04,,
23345403,2024-04-04,,
23345473,2024-04-04,,
23345617,2024-04-04,,
23346724,2024-04-04,,
23346728,2024-04-04,,
23349402,2024-04-04,,
23349522,2024-04-04,,
23350096,2024-04-04,,
23350201,2024-04-04,,
23350667,2024-04-04,,
23351047,2024-04-04,,
23351124,2024-04-04,,
23351359,2024-04-04,,
23351704,2024-04-05,,
23351954,2024-04-05,,
23351967,2024-04-05,,
23352467,2024-04-05,,
23352552,2024-04-05,,
23352684,2024-04-05,,
23352752,2024-04-05,,
23352895,2024-04-05,,
23352992,2024-04-05,,
23353186,2024-04-05,,
23353587,2024-04-05,,
23354205,2024-04-05,,
23355006,2024-04-05,,
23355365,2024-04-05,,
23355486,2024-04-05,,
23355801,2024-04-05,,
23370982,2024-04-05,,
23373678,2024-04-05,,
23375362,2024-04-06,,
23375575,2024-04-06,,
23375604,2024-04-06,,
23376869,2024-04-06,,
23377024,2024-04-06,,
23388790,2024-04-06,,
23389149,2024-04-06,,
23389549,2024-04-06,,
23390650,2024-04-06,,
23392622,2024-04-07,,
23392653,2024-04-07,,
23396404,2024-04-07,,
23403636,2024-04-07,,
23404798,2024-04-07,,
23405625,2024-04-08,,
23406158,2024-04-08,,
23406473,2024-04-08,,
23407421,2024-04-08,,
23409793,2024-04-08,,
23411972,2024-04-08,,
23419219,2024-04-08,,
23428840,2024-04-09,,
23429646,2024-04-09,,
23431083,2024-04-09,,
23443050,2024-04-09,,
23446941,2024-04-09,,
23448994,2024-04-09,,
23451413,2024-04-09,,
23456212,2024-04-10,,
23466379,2024-04-10,,
23468681,2024-04-10,,
23469663,2024-04-10,,
23469756,2024-04-10,,
23471328,2024-04-10,,
23471630,2024-04-10,,
23472253,2024-04-10,,
23472606,2024-04-10,,
23472981,2024-04-10,,
23474435,2024-04-11,,
23474616,2024-04-11,,
23486831,2024-04-11,,
23487398,2024-04-11,,
23489522,2024-04-11,,
23489638,2024-04-11,,
23489941,2024-04-11,,
23490541,2024-04-11,,
23490601,2024-04-11,,
23491683,2024-04-11,,
23495190,2024-04-12,,
23495832,2024-04-12,,
23505340,2024-04-12,,
23506779,2024-04-12,,
23507372,2024-04-12,,
23507778,2024-04-12,,
23508970,2024-04-12,,
23511223,2024-04-12,,
23511516,2024-04-12,,
23513304,2024-04-13,,
23514949,2024-04-13,,
23515379,2024-04-13,,
23517035,2024-04-13,,
23521975,2024-04-13,,
23522421,2024-04-13,,
23522690,2024-04-13,,
23523193,2024-04-13,,
23525929,2024-04-13,,
23526248,2024-04-13,,
23526574,2024-04-13,,
23527102,2024-04-13,,
23527963,2024-04-14,,
23528261,2024-04-14,,
23531112,2024-04-14,,
23536139,2024-04-14,,
23536515,2024-04-14,,
23536597,2024-04-14,,
23537501,2024-04-14,,
23537522,2024-04-14,,
23538585,2024-04-14,,
23538948,2024-04-14,,
23540190,2024-04-14,,
23540771,2024-04-15,,
23540975,2024-04-15,,
23541244,2024-04-15,,
23541257,2024-04-15,,
23541294,2024-04-15,,
23542323,2024-04-15,,
23542719,2024-04-15,,
23545991,2024-04-15,,
23546152,2024-04-15,,
23550795,2024-04-15,,
23552702,2024-04-15,,
23559512,2024-04-15,,
23560716,2024-04-15,,
23561426,2024-04-15,,
23562036,2024-04-15,,
23562857,2024-04-15,,
23563715,2024-04-15,,
23565260,2024-04-15,,
23566972,2024-04-16,,
23567247,2024-04-16,,
23567544,2024-04-16,,
23567996,2024-04-16,,
23574548,2024-04-16,,
23578115,2024-04-16,,
23587784,2024-04-16,,
23588139,2024-04-16,,
23590102,2024-04-16,,
23591063,2024-04-16,,
23591457,2024-04-16,,
23594684,2024-04-17,,
23596996,2024-04-17,,
23599590,2024-04-17,,
23606765,2024-04-17,,
23609664,2024-04-17,,
23613995,2024-04-17,,
23618381,2024-04-17,,
23618520,2024-04-17,,
23618661,2024-04-17,,
23618877,2024-04-17,,
23621067,2024-04-18,,
23622407,2024-04-18,,
23624035,2024-04-18,,
23624829,2024-04-18,,
23633821,2024-04-18,,
23636871,2024-04-18,,
23639240,2024-04-18,,
23643408,2024-04-18,,
23644566,2024-04-18,,
23644682,2024-04-18,,
23659594,2024-04-19,,
23666236,2024-04-19,,
23667492,2024-04-19,,
23668344,2024-04-19,,
23670836,2024-04-20,,
23671178,2024-04-20,,
23677106,2024-04-20,,
23678819,2024-04-20,,
23679989,2024-04-20,,
23680368,2024-04-20,,
23680502,2024-04-20,,
23681349,2024-04-20,,
23682525,2024-04-20,,
23683655,2024-04-20,,
23683975,2024-04-20,,
23684404,2024-04-20,,
23685523,2024-04-20,,
23685764,2024-04-20,,
23687012,2024-04-20,,
23687893,2024-04-21,,
23688074,2024-04-21,,
23688150,2024-04-21,,
23688304,2024-04-21,,
23688386,2024-04-21,,
23688468,2024-04-21,,
23688540,2024-04-21,,
23688575,2024-04-21,,
23688605,2024-04-21,,
23688866,2024-04-21,,
23689060,2024-04-21,,
23689093,2024-04-21,,
23689219,2024-04-21,,
23690169,2024-04-21,,
23691233,2024-04-21,,
23691845,2024-04-21,,
23695096,2024-04-21,,
23700762,2024-04-21,,
23705473,2024-04-22,,
23709360,2024-04-22,,
23714274,2024-04-22,,
23717888,2024-04-22,,
23720560,2024-04-22,,
23727331,2024-04-22,,
23729688,2024-04-22,,
23732538,2024-04-23,,
23734378,2024-04-23,,
23749662,2024-04-23,,
23750248,2024-04-23,,
23751227,2024-04-23,,
23752462,2024-04-23,,
23757916,2024-04-23,,
23758741,2024-04-24,,
23759077,2024-04-24,,
23760558,2024-04-24,,
23760852,2024-04-24,,
23764154,2024-04-24,,
23771577,2024-04-24,,
23774781,2024-04-24,,
23777441,2024-04-24,,
23777657,2024-04-24,,
23777887,2024-04-24,,
23778415,2024-04-24,,
23778485,2024-04-24,,
23780852,2024-04-24,,
23782839,2024-04-24,,
23784520,2024-04-25,,
23785085,2024-04-25,,
23786741,2024-04-25,,
23798820,2024-04-25,,
23800459,2024-04-25,,
23801843,2024-04-25,,
23802563,2024-04-25,,
23804643,2024-04-25,,
23806417,2024-04-25,,
23806582,2024-04-25,,
23807109,2024-04-25,,
23807322,2024-04-25,,
23808002,2024-04-25,,
23808421,2024-04-25,,
23809017,2024-04-25,,
23809539,2024-04-25,,
23810760,2024-04-25,,
23811883,2024-04-26,,
23812580,2024-04-26,,
23815615,2024-04-26,,
23815718,2024-04-26,,
23816473,2024-04-26,,
23816910,2024-04-26,,
23820199,2024-04-26,,
23825428,2024-04-26,,
23826533,2024-04-26,,
23828382,2024-04-26,,
23829218,2024-04-26,,
23829616,2024-04-26,,
23830311,2024-04-26,,
23831178,2024-04-26,,
23831688,2024-04-26,,
23832328,2024-04-26,,
23833927,2024-04-26,,
23834624,2024-04-27,,
23834651,2024-04-27,,
23835736,2024-04-27,,
23835881,2024-04-27,,
23835898,2024-04-27,,
23836432,2024-04-27,,
23836694,2024-04-27,,
23836950,2024-04-27,,
23841980,2024-04-27,,
23843743,2024-04-27,,
23844186,2024-04-27,,
23844328,2024-04-27,,
23845211,2024-04-27,,
23846181,2024-04-27,,
23847841,2024-04-27,,
23849474,2024-04-27,,
23850596,2024-04-27,,
23851233,2024-04-27,,
23851423,2024-04-28,,
23853989,2024-04-28,,
23857410,2024-04-28,,
23859930,2024-04-28,,
23861598,2024-04-28,,
23863077,2024-04-28,,
23863860,2024-04-28,,
23864452,2024-04-28,,
23864745,2024-04-28,,
23865427,2024-04-29,,
23866419,2024-04-29,,
23870945,2024-04-29,,
23875772,2024-04-29,,
23884372,2024-04-29,,
23886552,2024-04-29,,
23888375,2024-04-29,,
23890370,2024-04-30,,
23891111,2024-04-30,,
23892185,2024-04-30,,
23892302,2024-04-30,,
23893445,2024-04-30,,
23907836,2024-04-30,,
23908339,2024-04-30,,
23910590,2024-04-30,,
23912237,2024-04-30,,
23915137,2024-04-30,,
23915310,2024-04-30,,
23915376,2024-04-30,,
23916571,2024-05-01,,
23916997,2024-05-01,,
23917150,2024-05-01,,
23917226,2024-05-01,,
23917307,2024-05-01,,
23917641,2024-05-01,,
23917823,2024-05-01,,
23918266,2024-05-01,,
23919626,2024-05-01,,
23924343,2024-05-01,,
23924884,2024-05-01,,
23925527,2024-05-01,,
23926938,2024-05-01,,
23928244,2024-05-01,,
23933859,2024-05-01,,
23934938,2024-05-01,,
23936120,2024-05-01,,
23936636,2024-05-01,,
23937877,2024-05-01,,
23938250,2024-05-01,,
23939495,2024-05-01,,
23939751,2024-05-02,,
23941645,2024-05-02,,
23941695,2024-05-02,,
23952411,2024-05-02,,
23952616,2024-05-02,,
23954673,2024-05-02,,
23954749,2024-05-02,,
23957048,2024-05-02,,
23957459,2024-05-02,,
23959216,2024-05-02,,
23960688,2024-05-02,,
23962694,2024-05-02,,
23965795,2024-05-03,,
23967435,2024-05-03,,
23967656,2024-05-03,,
23980286,2024-05-03,,
23982164,2024-05-03,,
23982213,2024-05-03,,
23982800,2024-05-03,,
23982964,2024-05-03,,
23984017,2024-05-03,,
23984982,2024-05-03,,
23986701,2024-05-03,,
23988449,2024-05-04,,
23988833,2024-05-04,,
23988970,2024-05-04,,
23992824,2024-05-04,,
23993274,2024-05-04,,
23995834,2024-05-04,,
23997432,2024-05-04,,
23998573,2024-05-04,,
24000066,2024-05-04,,
24000073,2024-05-04,,
24001250,2024-05-04,,
24001392,2024-05-04,,
24001498,2024-05-04,,
24001881,2024-05-04,,
24002675,2024-05-04,,
24003644,2024-05-04,,
24003778,2024-05-04,,
24004250,2024-05-05,,
24004268,2024-05-05,,
24004459,2024-05-05,,
24004562,2024-05-05,,
24004860,2024-05-05,,
24004920,2024-05-05,,
24005184,2024-05-05,,
24005758,2024-05-05,,
24011497,2024-05-05,,
24014475,2024-05-05,,
24015529,2024-05-05,,
24017131,2024-05-06,,
24027307,2024-05-06,,
24035957,2024-05-06,,
24036244,2024-05-06,,
24038128,2024-05-06,,
24038405,2024-05-06,,
24039670,2024-05-06,,
24040388,2024-05-06,,
24040439,2024-05-06,,
24041571,2024-05-07,,
24041826,2024-05-07,,
24049230,2024-05-07,,
24055008,2024-05-07,,
24058265,2024-05-07,,
24062105,2024-05-07,,
24062300,2024-05-07,,
24062913,2024-05-07,,
24064462,2024-05-07,,
24065080,2024-05-07,,
24065082,2024-05-07,,
24067005,2024-05-08,,
24068176,2024-05-08,,
24068214,2024-05-08,,
24069191,2024-05-08,,
24090208,2024-05-08,,
24094141,2024-05-09,,
24108374,2024-05-09,,
24108605,2024-05-09,,
24108867,2024-05-09,,
24109944,2024-05-09,,
24112106,2024-05-09,,
24115015,2024-05-09,,
24116896,2024-05-09,,
24118428,2024-05-10,,
24119670,2024-05-10,,
24120337,2024-05-10,,
24121935,2024-05-10,,
24129097,2024-05-10,,
24131565,2024-05-10,,
24132844,2024-05-10,,
24132902,2024-05-10,,
24133819,2024-05-10,,
24134003,2024-05-10,,
24138328,2024-05-10,,
24138423,2024-05-10,,
24139575,2024-05-11,,
24139610,2024-05-11,,
24139748,2024-05-11,,
24140018,2024-05-11,,
24141295,2024-05-11,,
24147660,2024-05-11,,
24149335,2024-05-11,,
24150899,2024-05-11,,
24151344,2024-05-11,,
24152716,2024-05-11,,
24153477,2024-05-11,,
24153601,2024-05-11,,
24153905,2024-05-11,,
24154467,2024-05-11,,
24154481,2024-05-11,,
24154704,2024-05-12,,
24162145,2024-05-12,,
24162746,2024-05-12,,
24163042,2024-05-12,,
24164329,2024-05-12,,
24166385,2024-05-12,,
24167121,2024-05-12,,
24167421,2024-05-13,,
24168325,2024-05-13,,
24169113,2024-05-13,,
24173747,2024-05-13,,
24175734,2024-05-13,,
24179497,2024-05-13,,
24179841,2024-05-13,,
24181104,2024-05-13,,
24188863,2024-05-13,,
24193856,2024-05-13,,
24193922,2024-05-13,,
24194007,2024-05-13,,
24194067,2024-05-13,,
24194622,2024-05-13,,
24195363,2024-05-14,,
24195971,2024-05-14,,
24196851,2024-05-14,,
24198441,2024-05-14,,
24210883,2024-05-14,,
24211648,2024-05-14,,
24212175,2024-05-14,,
24212208,2024-05-14,,
24212262,2024-05-14,,
24212992,2024-05-14,,
24214288,2024-05-14,,
24216223,2024-05-14,,
24217245,2024-05-14,,
24217599,2024-05-14,,
24218171,2024-05-14,,
24218882,2024-05-14,,
24218971,2024-05-14,,
24219203,2024-05-14,,
24219656,2024-05-14,,
24219939,2024-05-14,,
24220022,2024-05-14,,
24220229,2024-05-14,,
24220297,2024-05-14,,
24220737,2024-05-14,,
24222204,2024-05-15,,
24222339,2024-05-15,,
24222632,2024-05-15,,
24222755,2024-05-15,,
24223611,2024-05-15,,
24223872,2024-05-15,,
24224562,2024-05-15,,
24225653,2024-05-15,,
24228970,2024-05-15,,
24236757,2024-05-15,,
24243868,2024-05-15,,
24244550,2024-05-15,,
24244854,2024-05-15,,
24245131,2024-05-15,,
24245365,2024-05-15,,
24246277,2024-05-15,,
24246754,2024-05-15,,
24247774,2024-05-15,,
24248111,2024-05-15,,
24249472,2024-05-16,,
24249721,2024-05-16,,
24250072,2024-05-16,,
24250303,2024-05-16,,
24250615,2024-05-16,,
24250760,2024-05-16,,
24250793,2024-05-16,,
24251274,2024-05-16,,
24251462,2024-05-16,,
24251966,2024-05-16,,
24252886,2024-05-16,,
24253560,2024-05-16,,
24257220,2024-05-16,,
24261074,2024-05-16,,
24263413,2024-05-16,,
24264006,2024-05-16,,
24267650,2024-05-16,,
24269085,2024-05-16,,
24270592,2024-05-16,,
24270601,2024-05-16,,
24270832,2024-05-16,,
24273822,2024-05-16,,
24274052,2024-05-16,,
24274979,2024-05-17,,
24275370,2024-05-17,,
24289059,2024-05-17,,
24290127,2024-05-17,,
24292027,2024-05-17,,
24294365,2024-05-17,,
24295321,2024-05-17,,
24295904,2024-05-17,,
24298496,2024-05-17,,
24298941,2024-05-17,,
24310183,2024-05-18,,
24312594,2024-05-18,,
24314414,2024-05-18,,
24315026,2024-05-18,,
24316339,2024-05-19,,
24320663,2024-05-19,,
24321590,2024-05-19,,
24322566,2024-05-19,,
24324952,2024-05-19,,
24325257,2024-05-19,,
24325864,2024-05-19,,
24329257,2024-05-20,,
24332832,2024-05-20,,
24342237,2024-05-20,,
24343197,2024-05-20,,
24343812,2024-05-20,,
24346567,2024-05-20,,
24349785,2024-05-20,,
24350879,2024-05-20,,
24350997,2024-05-20,,
24353217,2024-05-20,,
24353236,2024-05-20,,
24353970,2024-05-21,,
24354808,2024-05-21,,
24354929,2024-05-21,,
24360321,2024-05-21,,
24361785,2024-05-21,,
24366442,2024-05-21,,
24366716,2024-05-21,,
24371705,2024-05-21,,
24374652,2024-05-21,,
24375009,2024-05-21,,
24375077,2024-05-21,,
24377127,2024-05-21,,
24378288,2024-05-21,,
24379472,2024-05-22,,
24379547,2024-05-22,,
24383552,2024-05-22,,
24384526,2024-05-22,,
24384528,2024-05-22,,
24396034,2024-05-22,,
24397098,2024-05-22,,
24397157,2024-05-22,,
24397394,2024-05-22,,
24399176,2024-05-22,,
24402296,2024-05-22,,
24402573,2024-05-22,,
24402768,2024-05-22,,
24404130,2024-05-22,,
24404676,2024-05-22,,
24404776,2024-05-22,,
24404780,2024-05-22,,
24405315,2024-05-22,,
24405419,2024-05-22,,
24405490,2024-05-22,,
24405911,2024-05-22,,
24406971,2024-05-23,,
24408308,2024-05-23,,
24417288,2024-05-23,,
24422772,2024-05-23,,
24423075,2024-05-23,,
24424513,2024-05-23,,
24425342,2024-05-23,,
24425812,2024-05-23,,
24430767,2024-05-23,,
24434246,2024-05-24,,
24434653,2024-05-24,,
24437993,2024-05-24,,
24444250,2024-05-24,,
24452437,2024-05-24,,
24453133,2024-05-24,,
24453614,2024-05-24,,
24454365,2024-05-24,,
24455137,2024-05-24,,
24455347,2024-05-24,,
24455438,2024-05-24,,
24455933,2024-05-24,,
24456736,2024-05-24,,
24456913,2024-05-24,,
24458033,2024-05-25,,
24458459,2024-05-25,,
24467488,2024-05-25,,
24467645,2024-05-25,,
24467696,2024-05-25,,
24468508,2024-05-25,,
24469406,2024-05-25,,
24471356,2024-05-25,,
24471426,2024-05-25,,
24472231,2024-05-25,,
24472234,2024-05-25,,
24472869,2024-05-25,,
24473959,2024-05-26,,
24475108,2024-05-26,,
24475416,2024-05-26,,
24478997,2024-05-26,,
24484679,2024-05-26,,
24485082,2024-05-26,,
24485657,2024-05-26,,
24485778,2024-05-26,,
24485804,2024-05-26,,
24486160,2024-05-26,,
24488269,2024-05-27,,
24490585,2024-05-27,,
24492649,2024-05-27,,
24505592,2024-05-27,,
24505732,2024-05-27,,
24505840,2024-05-27,,
24506141,2024-05-27,,
24507265,2024-05-27,,
24508655,2024-05-27,,
24508706,2024-05-27,,
24511206,2024-05-28,,
24513505,2024-05-28,,
24519649,2024-05-28,,
24526381,2024-05-28,,
24530828,2024-05-28,,
24533908,2024-05-28,,
24535686,2024-05-28,,
24536584,2024-05-28,,
24537438,2024-05-28,,
24537517,2024-05-28,,
24538796,2024-05-29,,
24540093,2024-05-29,,
24541936,2024-05-29,,
24541937,2024-05-29,,
24543044,2024-05-29,,
24545646,2024-05-29,,
24554693,2024-05-29,,
24556229,2024-05-29,,
24556689,2024-05-29,,
24557121,2024-05-29,,
24557886,2024-05-29,,
24559271,2024-05-29,,
24560375,2024-05-29,,
24562008,2024-05-29,,
24562345,2024-05-29,,
24566769,2024-05-30,,
24567175,2024-05-30,,
24567570,2024-05-30,,
24567743,2024-05-30,,
24568001,2024-05-30,,
24572473,2024-05-30,,
24586450,2024-05-30,,
24588834,2024-05-30,,
24589626,2024-05-30,,
24590167,2024-05-30,,
24590239,2024-05-30,,
24590342,2024-05-30,,
24593138,2024-05-30,,
24593984,2024-05-30,,
24594752,2024-05-31,,
24595341,2024-05-31,,
24595532,2024-05-31,,
24596168,2024-05-31,,
24596191,2024-05-31,,
24604310,2024-05-31,,
24606230,2024-05-31,,
24608760,2024-05-31,,
24611879,2024-05-31,,
24613309,2024-05-31,,
24615268,2024-05-31,,
24615600,2024-05-31,,
24617731,2024-05-31,,
24618600,2024-06-01,,
24627543,2024-06-01,,
24630427,2024-06-01,,
24630798,2024-06-01,,
24630920,2024-06-01,,
24633472,2024-06-01,,
24635248,2024-06-01,,
24635481,2024-06-01,,
24635522,2024-06-01,,
24638789,2024-06-02,,
24641279,2024-06-02,,
24643287,2024-06-02,,
24644734,2024-06-02,,
24644928,2024-06-02,,
24645028,2024-06-02,,
24645369,2024-06-02,,
24648178,2024-06-02,,
24648953,2024-06-02,,
24649024,2024-06-02,,
24650038,2024-06-02,,
24650336,2024-06-02,,
24651620,2024-06-03,,
24651652,2024-06-03,,
24661085,2024-06-03,,
24666369,2024-06-03,,
24666915,2024-06-03,,
24667492,2024-06-03,,
24668505,2024-06-03,,
24668978,2024-06-03,,
24669143,2024-06-03,,
24669954,2024-06-03,,
24675576,2024-06-03,,
24675631,2024-06-03,,
24675752,2024-06-03,,
24675917,2024-06-03,,
24676159,2024-06-03,,
24676261,2024-06-03,,
24676586,2024-06-03,,
24677135,2024-06-03,,
24677172,2024-06-03,,
24677688,2024-06-03,,
24678561,2024-06-03,,
24679262,2024-06-03,,
24679391,2024-06-03,,
24679766,2024-06-04,,
24679867,2024-06-04,,
24681010,2024-06-04,,
24690364,2024-06-04,,
24691661,2024-06-04,,
24697187,2024-06-04,,
24697984,2024-06-04,,
24698298,2024-06-04,,
24698542,2024-06-04,,
24698667,2024-06-04,,
24698818,2024-06-04,,
24699645,2024-06-04,,
24699778,2024-06-04,,
24699882,2024-06-04,,
24700316,2024-06-04,,
24701162,2024-06-04,,
24702406,2024-06-04,,
24703585,2024-06-04,,
24703674,2024-06-04,,
24703935,2024-06-04,,
24704067,2024-06-04,,
24704113,2024-06-04,,
24704912,2024-06-04,,
24706210,2024-06-04,,
24706611,2024-06-04,,
24707753,2024-06-04,,
24708246,2024-06-05,,
24708805,2024-06-05,,
24709506,2024-06-05,,
24709547,2024-06-05,,
24709984,2024-06-05,,
24710077,2024-06-05,,
24710493,2024-06-05,,
24710545,2024-06-05,,
24711489,2024-06-05,,
24713655,2024-06-05,,
24714835,2024-06-05,,
24725847,2024-06-05,,
24730568,2024-06-05,,
24732504,2024-06-05,,
24736096,2024-06-05,,
24736103,2024-06-05,,
24736983,2024-06-06,,
24738160,2024-06-06,,
24745656,2024-06-06,,
24757457,2024-06-06,,
24757776,2024-06-06,,
24760656,2024-06-06,,
24764530,2024-06-06,,
24766719,2024-06-07,,
24767091,2024-06-07,,
24768776,2024-06-07,,
24769531,2024-06-07,,
24780102,2024-06-07,,
24780986,2024-06-07,,
24781505,2024-06-07,,
24781802,2024-06-07,,
24781861,2024-06-07,,
24782209,2024-06-07,,
24785296,2024-06-07,,
24785742,2024-06-07,,
24788214,2024-06-07,,
24788667,2024-06-07,,
24789231,2024-06-07,,
24790993,2024-06-08,,
24792188,2024-06-08,,
24792744,2024-06-08,,
24795539,2024-06-08,,
24801448,2024-06-08,,
24802569,2024-06-08,,
24803000,2024-06-08,,
24806548,2024-06-08,,
24806592,2024-06-08,,
24806868,2024-06-09,,
24806872,2024-06-09,,
24806985,2024-06-09,,
24807786,2024-06-09,,
24808705,2024-06-09,,
24812864,2024-06-09,,
24813642,2024-06-09,,
24814533,2024-06-09,,
24816934,2024-06-09,,
24817257,2024-06-09,,
24819110,2024-06-09,,
24819962,2024-06-09,,
24820794,2024-06-10,,
24822001,2024-06-10,,
24823450,2024-06-10,,
24824667,2024-06-10,,
24826162,2024-06-10,,
24827374,2024-06-10,,
24837821,2024-06-10,,
24841368,2024-06-10,,
24842825,2024-06-10,,
24842840,2024-06-10,,
24843205,2024-06-10,,
24844324,2024-06-10,,
24846008,2024-06-10,,
24847273,2024-06-11,,
24849399,2024-06-11,,
24850075,2024-06-11,,
24850205,2024-06-11,,
24850301,2024-06-11,,
24851884,2024-06-11,,
24864454,2024-06-11,,
24866938,2024-06-11,,
24870679,2024-06-11,,
24872534,2024-06-11,,
24873589,2024-06-11,,
24874739,2024-06-11,,
24875067,2024-06-12,,
24876449,2024-06-12,,
24877749,2024-06-12,,
24887687,2024-06-12,,
24891700,2024-06-12,,
24894704,2024-06-12,,
24897208,2024-06-12,,
24898557,2024-06-12,,
24898602,2024-06-12,,
24898614,2024-06-12,,
24903967,2024-06-13,,
24904078,2024-06-13,,
24916828,2024-06-13,,
24922293,2024-06-13,,
24925055,2024-06-13,,
24925808,2024-06-13,,
24927419,2024-06-13,,
24928678,2024-06-13,,
24929390,2024-06-13,,
24929666,2024-06-13,,
24929702,2024-06-13,,
24930088,2024-06-14,,
24931012,2024-06-14,,
24943553,2024-06-14,,
24946413,2024-06-14,,
24950600,2024-06-14,,
24951750,2024-06-14,,
24953411,2024-06-14,,
24953517,2024-06-14,,
24955235,2024-06-15,,
24955251,2024-06-15,,
24955432,2024-06-15,,
24956105,2024-06-15,,
24956222,2024-06-15,,
24956311,2024-06-15,,
24966373,2024-06-15,,
24967707,2024-06-15,,
24970352,2024-06-15,,
24970996,2024-06-15,,
24971549,2024-06-15,,
24971560,2024-06-15,,
24971985,2024-06-15,,
24972243,2024-06-16,,
24973535,2024-06-16,,
24978190,2024-06-16,,
24979793,2024-06-16,,
24979794,2024-06-16,,
24980334,2024-06-16,,
24981024,2024-06-16,,
24981995,2024-06-16,,
24982438,2024-06-16,,
24982696,2024-06-16,,
24983314,2024-06-16,,
24983930,2024-06-17,,
24990807,2024-06-17,,
24992650,2024-06-17,,
24995751,2024-06-17,,
24996497,2024-06-17,,
24997941,2024-06-17,,
24998430,2024-06-17,,
24998885,2024-06-17,,
25000118,2024-06-17,,
25001252,2024-06-17,,
25002604,2024-06-18,,
25003331,2024-06-18,,
25017658,2024-06-18,,
25017745,2024-06-18,,
25017759,2024-06-18,,
25017791,2024-06-18,,
25018629,2024-06-18,,
25021426,2024-06-18,,
25021610,2024-06-18,,
25022811,2024-06-18,,
25022844,2024-06-18,,
25023563,2024-06-18,,
25023928,2024-06-19,,
26037425,2024-06-19,,
26037455,2024-06-19,,
26037975,2024-06-19,,
26039940,2024-06-19,,
26042498,2024-06-19,,
26043471,2024-06-19,,
26043715,2024-06-20,,
26044293,2024-06-20,,
26044462,2024-06-20,,
26044538,2024-06-20,,
26045394,2024-06-20,,
26058426,2024-06-20,,
26059222,2024-06-20,,
26060246,2024-06-20,,
26063269,2024-06-20,,
26063703,2024-06-20,,
26065913,2024-06-20,,
26065953,2024-06-20,,
26067033,2024-06-20,,
26067314,2024-06-20,,
26067637,2024-06-20,,
26067878,2024-06-21,,
26068600,2024-06-21,,
26068972,2024-06-21,,
26069478,2024-06-21,,
26069674,2024-06-21,,
26069927,2024-06-21,,
26073431,2024-06-21,,
26075659,2024-06-21,,
26081906,2024-06-21,,
26082727,2024-06-21,,
26083061,2024-06-21,,
26083944,2024-06-21,,
26084132,2024-06-21,,
26085568,2024-06-21,,
26085961,2024-06-21,,
26086571,2024-06-21,,
26086768,2024-06-21,,
26086981,2024-06-21,,
26087231,2024-06-21,,
26087489,2024-06-21,,
26087849,2024-06-21,,
26088277,2024-06-21,,
26088696,2024-06-21,,
26089631,2024-06-21,,
26089735,2024-06-21,,
26089745,2024-06-21,,
26090270,2024-06-21,,
26090594,2024-06-22,,
26090596,2024-06-22,,
26090693,2024-06-22,,
26090792,2024-06-22,,
26090855,2024-06-22,,
26091144,2024-06-22,,
26091326,2024-06-22,,
26091717,2024-06-22,,
26091967,2024-06-22,,
26092131,2024-06-22,,
26092279,2024-06-22,,
26093784,2024-06-22,,
26094334,2024-06-22,,
26095451,2024-06-22,,
26096067,2024-06-22,,
26099869,2024-06-22,,
26102650,2024-06-22,,
26102769,2024-06-22,,
26103442,2024-06-22,,
26103478,2024-06-22,,
26104114,2024-06-22,,
26104142,2024-06-22,,
26104719,2024-06-22,,
26105477,2024-06-22,,
26105611,2024-06-22,,
26105698,2024-06-22,,
26105762,2024-06-22,,
26105916,2024-06-22,,
26105927,2024-06-22,,
26106794,2024-06-22,,
26107852,2024-06-22,,
26107987,2024-06-22,,
26109521,2024-06-23,,
26109833,2024-06-23,,
26110022,2024-06-23,,
26110313,2024-06-23,,
26111324,2024-06-23,,
26112454,2024-06-23,,
26116145,2024-06-23,,
26116965,2024-06-23,,
26118284,2024-06-23,,
26118319,2024-06-23,,
26118647,2024-06-23,,
26118805,2024-06-23,,
26118986,2024-06-23,,
26119226,2024-06-23,,
26120544,2024-06-23,,
26120889,2024-06-23,,
26121018,2024-06-23,,
26121590,2024-06-23,,
26121601,2024-06-23,,
26122257,2024-06-23,,
26122721,2024-06-23,,
26123102,2024-06-23,,
26123397,2024-06-23,,
26123420,2024-06-23,,
26123667,2024-06-23,,
26124078,2024-06-24,,
26124149,2024-06-24,,
26125128,2024-06-24,,
26125356,2024-06-24,,
26125820,2024-06-24,,
26127060,2024-06-24,,
26138901,2024-06-24,,
26140881,2024-06-24,,
26141335,2024-06-24,,
26142605,2024-06-24,,
26142611,2024-06-24,,
26142730,2024-06-24,,
26144013,2024-06-24,,
26144060,2024-06-24,,
26144564,2024-06-24,,
26144816,2024-06-24,,
26144995,2024-06-24,,
26145198,2024-06-24,,
26145374,2024-06-24,,
26146936,2024-06-24,,
26147641,2024-06-24,,
26149080,2024-06-24,,
26149349,2024-06-24,,
26149409,2024-06-24,,
26149583,2024-06-24,,
26150799,2024-06-24,,
26150815,2024-06-24,,
26150933,2024-06-24,,
26151446,2024-06-25,,
26151565,2024-06-25,,
26151731,2024-06-25,,
26151817,2024-06-25,,
26152095,2024-06-25,,
26152406,2024-06-25,,
26152417,2024-06-25,,
26152445,2024-06-25,,
26152568,2024-06-25,,
26152601,2024-06-25,,
26153433,2024-06-25,,
26153755,2024-06-25,,
26153820,2024-06-25,,
26154896,2024-06-25,,
26155208,2024-06-25,,
26155353,2024-06-25,,
26156164,2024-06-25,,
26162900,2024-06-25,,
26163257,2024-06-25,,
26164196,2024-06-25,,
26167440,2024-06-25,,
26167842,2024-06-25,,
26170692,2024-06-25,,
26170759,2024-06-25,,
26171500,2024-06-25,,
26171536,2024-06-25,,
26171629,2024-06-25,,
26171943,2024-06-25,,
26171976,2024-06-25,,
26172298,2024-06-25,,
26172509,2024-06-25,,
26173873,2024-06-25,,
26174496,2024-06-25,,
26175375,2024-06-25,,
26176595,2024-06-25,,
26177250,2024-06-25,,
26179317,2024-06-25,,
26180589,2024-06-25,,
26181703,2024-06-25,,
26182185,2024-06-25,,
26183505,2024-06-25,,
26183958,2024-06-25,,
26184158,2024-06-25,,
26184268,2024-06-25,,
26184400,2024-06-25,,
26184573,2024-06-25,,
26184833,2024-06-25,,
26185233,2024-06-25,,
26185458,2024-06-25,,
26185647,2024-06-25,,
26185945,2024-06-25,,
26186137,2024-06-25,,
26186156,2024-06-25,,
26186348,2024-06-26,,
26186639,2024-06-26,,
26186838,2024-06-26,,
26186990,2024-06-26,,
26187009,2024-06-26,,
26187026,2024-06-26,,
26187051,2024-06-26,,
26187080,2024-06-26,,
26187257,2024-06-26,,
26187350,2024-06-26,,
26187389,2024-06-26,,
26187683,2024-06-26,,
26187811,2024-06-26,,
26187878,2024-06-26,,
26187942,2024-06-26,,
26188282,2024-06-26,,
26188526,2024-06-26,,
26188763,2024-06-26,,
26188885,2024-06-26,,
26188917,2024-06-26,,
26188989,2024-06-26,,
26189315,2024-06-26,,
26189392,2024-06-26,,
26190019,2024-06-26,,
26190404,2024-06-26,,
26190405,2024-06-26,,
26190993,2024-06-26,,
26191532,2024-06-26,,
26191808,2024-06-26,,
26192421,2024-06-26,,
26193680,2024-06-26,,
26196379,2024-06-26,,
26199376,2024-06-26,,
26206085,2024-06-26,,
26206131,2024-06-26,,
26207628,2024-06-26,,
26211119,2024-06-26,,
26213214,2024-06-26,,
26213871,2024-06-26,,
26215358,2024-06-26,,
26216083,2024-06-26,,
26216173,2024-06-26,,
26217717,2024-06-26,,
26217924,2024-06-26,,
26219475,2024-06-27,,
26220680,2024-06-27,,
26220741,2024-06-27,,
26231178,2024-06-27,,
26232715,2024-06-27,,
26237661,2024-06-27,,
26237976,2024-06-27,,
26239953,2024-06-27,,
26242776,2024-06-27,,
26245840,2024-06-27,,
26246583,2024-06-28,,
26247646,2024-06-28,,
26258856,2024-06-28,,
26263127,2024-06-28,,
26263869,2024-06-28,,
26264539,2024-06-28,,
26272664,2024-06-29,,
26273589,2024-06-29,,
26281433,2024-06-29,,
26282517,2024-06-29,,
26283477,2024-06-29,,
26284048,2024-06-29,,
26284127,2024-06-29,,
26284393,2024-06-29,,
26285607,2024-06-29,,
26285845,2024-06-29,,
26286174,2024-06-29,,
26286920,2024-06-29,,
26287498,2024-06-29,,
26288762,2024-06-29,,
26289549,2024-06-30,,
26289659,2024-06-30,,
26291504,2024-06-30,,
26292135,2024-06-30,,
26293777,2024-06-30,,
26294730,2024-06-30,,
26296561,2024-06-30,,
26296752,2024-06-30,,
26298097,2024-06-30,,
26299413,2024-06-30,,
26301639,2024-06-30,,
26301767,2024-06-30,,
26301818,2024-06-30,,
26301867,2024-06-30,,
26302232,2024-07-01,,
26302292,2024-07-01,,
26302501,2024-07-01,,
26302595,2024-07-01,,
26302900,2024-07-01,,
26303081,2024-07-01,,
26303324,2024-07-01,,
26303899,2024-07-01,,
26303966,2024-07-01,,
26304683,2024-07-01,,
26320276,2024-07-01,,
26324513,2024-07-01,,
26337183,2024-07-02,,
26344563,2024-07-02,,
26345488,2024-07-02,,
26348724,2024-07-02,,
26350537,2024-07-02,,
26350855,2024-07-02,,
26351100,2024-07-02,,
26351617,2024-07-02,,
26353078,2024-07-03,,
26353236,2024-07-03,,
26353483,2024-07-03,,
26353534,2024-07-03,,
26354473,2024-07-03,,
26357242,2024-07-03,,
26370347,2024-07-03,,
26371158,2024-07-03,,
26372656,2024-07-03,,
26374055,2024-07-03,,
26374497,2024-07-03,,
26375286,2024-07-03,,
26375639,2024-07-03,,
26375950,2024-07-03,,
26376209,2024-07-03,,
26379583,2024-07-04,,
26379632,2024-07-04,,
26379726,2024-07-04,,
26379922,2024-07-04,,
26379994,2024-07-04,,
26380368,2024-07-04,,
26380376,2024-07-04,,
26392298,2024-07-04,,
26394132,2024-07-04,,
26398052,2024-07-04,,
26399007,2024-07-04,,
26399303,2024-07-04,,
26399333,2024-07-04,,
26402006,2024-07-04,,
26402308,2024-07-04,,
26402934,2024-07-05,,
26403199,2024-07-05,,
26403290,2024-07-05,,
26403423,2024-07-05,,
26403534,2024-07-05,,
26403988,2024-07-05,,
26404519,2024-07-05,,
26407518,2024-07-05,,
26418424,2024-07-05,,
26420560,2024-07-05,,
26420835,2024-07-05,,
26421331,2024-07-05,,
26421959,2024-07-05,,
26422629,2024-07-05,,
26422995,2024-07-05,,
26423098,2024-07-05,,
26423889,2024-07-05,,
26424435,2024-07-06,,
26426365,2024-07-06,,
26436411,2024-07-06,,
26437854,2024-07-06,,
26438337,2024-07-06,,
26440387,2024-07-06,,
26448719,2024-07-07,,
26451443,2024-07-07,,
26453239,2024-07-07,,
26454976,2024-07-07,,
26456649,2024-07-08,,
26458444,2024-07-08,,
26464035,2024-07-08,,
26472215,2024-07-08,,
26472422,2024-07-08,,
26474459,2024-07-08,,
26481158,2024-07-08,,
26482510,2024-07-09,,
26483370,2024-07-09,,
26484311,2024-07-09,,
26498371,2024-07-09,,
26505635,2024-07-09,,
26507031,2024-07-09,,
26507976,2024-07-09,,
26509238,2024-07-09,,
26517536,2024-07-10,,
26525973,2024-07-10,,
26525995,2024-07-10,,
26528162,2024-07-10,,
26528485,2024-07-10,,
26528587,2024-07-10,,
26530532,2024-07-10,,
26532115,2024-07-10,,
26532178,2024-07-10,,
26532577,2024-07-10,,
26533918,2024-07-10,,
26534846,2024-07-10,,
26534853,2024-07-10,,
26536165,2024-07-11,,
26538785,2024-07-11,,
26555528,2024-07-11,,
26556610,2024-07-11,,
26556898,2024-07-11,,
26559909,2024-07-11,,
26561013,2024-07-11,,
26565585,2024-07-12,,
26577415,2024-07-12,,
26578706,2024-07-12,,
26579914,2024-07-12,,
26580207,2024-07-12,,
26580921,2024-07-12,,
26600189,2024-07-13,,
26601621,2024-07-13,,
26613956,2024-07-14,,
26617575,2024-07-15,,
26618095,2024-07-15,,
26618703,2024-07-15,,
26618868,2024-07-15,,
26634796,2024-07-15,,
26636602,2024-07-15,,
26636796,2024-07-15,,
26637557,2024-07-15,,
26641298,2024-07-15,,
26641607,2024-07-15,,
26641819,2024-07-15,,
26642862,2024-07-15,,
26642916,2024-07-15,,
26643818,2024-07-15,,
26645157,2024-07-16,,
26645285,2024-07-16,,
26645494,2024-07-16,,
26645881,2024-07-16,,
26646283,2024-07-16,,
26647724,2024-07-16,,
26659990,2024-07-16,,
26662114,2024-07-16,,
26664704,2024-07-16,,
26665319,2024-07-16,,
26666441,2024-07-16,,
26668016,2024-07-16,,
26668248,2024-07-16,,
26668297,2024-07-16,,
26669334,2024-07-17,,
26671061,2024-07-17,,
26685969,2024-07-17,,
26686827,2024-07-17,,
26687501,2024-07-17,,
26687923,2024-07-17,,
26688022,2024-07-17,,
26688425,2024-07-17,,
26691706,2024-07-17,,
26691727,2024-07-17,,
26695734,2024-07-18,,
26709993,2024-07-18,,
26711689,2024-07-18,,
26712047,2024-07-18,,
26712292,2024-07-18,,
26712515,2024-07-18,,
26716609,2024-07-18,,
26717687,2024-07-18,,
26719126,2024-07-19,,
26719770,2024-07-19,,
26733472,2024-07-19,,
26734102,2024-07-19,,
26735033,2024-07-19,,
26736842,2024-07-19,,
26737680,2024-07-19,,
26738691,2024-07-19,,
26741048,2024-07-20,,
26744541,2024-07-20,,
26752011,2024-07-20,,
26753373,2024-07-20,,
26753853,2024-07-20,,
26753968,2024-07-20,,
26753996,2024-07-20,,
26754939,2024-07-20,,
26755113,2024-07-20,,
26755259,2024-07-20,,
26757205,2024-07-20,,
26758083,2024-07-20,,
26758360,2024-07-21,,
26758369,2024-07-21,,
26758853,2024-07-21,,
26758904,2024-07-21,,
26759036,2024-07-21,,
26759347,2024-07-21,,
26759746,2024-07-21,,
26761102,2024-07-21,,
26761819,2024-07-21,,
26764360,2024-07-21,,
26764956,2024-07-21,,
26765367,2024-07-21,,
26765683,2024-07-21,,
26765689,2024-07-21,,
26765758,2024-07-21,,
26766324,2024-07-21,,
26766690,2024-07-21,,
26767746,2024-07-21,,
26768297,2024-07-21,,
26769276,2024-07-21,,
26770970,2024-07-21,,
26771217,2024-07-22,,
26773558,2024-07-22,,
26776873,2024-07-22,,
26777304,2024-07-22,,
26778019,2024-07-22,,
26779276,2024-07-22,,
26780295,2024-07-22,,
26786454,2024-07-22,,
26788141,2024-07-22,,
26790031,2024-07-22,,
26790815,2024-07-22,,
26790831,2024-07-22,,
26790877,2024-07-22,,
26790998,2024-07-22,,
26791281,2024-07-22,,
26791654,2024-07-22,,
26792046,2024-07-22,,
26793137,2024-07-22,,
26793438,2024-07-22,,
26793941,2024-07-22,,
26795339,2024-07-22,,
26795602,2024-07-22,,
26795712,2024-07-22,,
26795734,2024-07-22,,
26795861,2024-07-22,,
26797686,2024-07-23,,
26798914,2024-07-23,,
26799163,2024-07-23,,
26799349,2024-07-23,,
26805683,2024-07-23,,
26812359,2024-07-23,,
26814068,2024-07-23,,
26817430,2024-07-23,,
26817720,2024-07-23,,
26819374,2024-07-23,,
26819689,2024-07-23,,
26819862,2024-07-23,,
26820529,2024-07-23,,
26820705,2024-07-23,,
26820938,2024-07-23,,
26821152,2024-07-23,,
26821674,2024-07-23,,
26823185,2024-07-23,,
26823949,2024-07-24,,
26824636,2024-07-24,,
26824898,2024-07-24,,
26824953,2024-07-24,,
26824970,2024-07-24,,
26827683,2024-07-24,,
26832222,2024-07-24,,
26840351,2024-07-24,,
26841996,2024-07-24,,
26843533,2024-07-24,,
26843725,2024-07-24,,
26844600,2024-07-24,,
26844893,2024-07-24,,
26845184,2024-07-24,,
26845303,2024-07-24,,
26845755,2024-07-24,,
26848402,2024-07-24,,
26849685,2024-07-24,,
26849695,2024-07-24,,
26850007,2024-07-25,,
26850221,2024-07-25,,
26850256,2024-07-25,,
26850344,2024-07-25,,
26851496,2024-07-25,,
26851608,2024-07-25,,
26852037,2024-07-25,,
26852137,2024-07-25,,
26852166,2024-07-25,,
26854156,2024-07-25,,
26866437,2024-07-25,,
26866731,2024-07-25,,
26867232,2024-07-25,,
26868025,2024-07-25,,
26868935,2024-07-25,,
26869817,2024-07-25,,
26870867,2024-07-25,,
26871070,2024-07-25,,
26872172,2024-07-25,,
26872488,2024-07-25,,
26872787,2024-07-25,,
26872900,2024-07-25,,
26873874,2024-07-25,,
26874017,2024-07-25,,
26874065,2024-07-25,,
26874106,2024-07-25,,
26874194,2024-07-25,,
26874419,2024-07-25,,
26874570,2024-07-25,,
26875103,2024-07-25,,
26875306,2024-07-25,,
26875627,2024-07-25,,
26875886,2024-07-25,,
26876156,2024-07-25,,
26876822,2024-07-25,,
26877264,2024-07-25,,
26877275,2024-07-25,,
26877401,2024-07-25,,
26877510,2024-07-25,,
26878070,2024-07-25,,
26878082,2024-07-25,,
26878393,2024-07-26,,
26878437,2024-07-26,,
26878595,2024-07-26,,
26878688,2024-07-26,,
26878749,2024-07-26,,
26878769,2024-07-26,,
26878789,2024-07-26,,
26878982,2024-07-26,,
26879009,2024-07-26,,
26879104,2024-07-26,,
26879289,2024-07-26,,
26879306,2024-07-26,,
26879329,2024-07-26,,
26879469,2024-07-26,,
26879866,2024-07-26,,
26879984,2024-07-26,,
26880053,2024-07-26,,
26880151,2024-07-26,,
26880378,2024-07-26,,
26880763,2024-07-26,,
26881361,2024-07-26,,
26881443,2024-07-26,,
26881854,2024-07-26,,
26882893,2024-07-26,,
26884498,2024-07-26,,
26885582,2024-07-26,,
26889725,2024-07-26,,
26893846,2024-07-26,,
26894871,2024-07-26,,
26895186,2024-07-26,,
26895253,2024-07-26,,
26898023,2024-07-26,,
26898263,2024-07-26,,
26898402,2024-07-26,,
26899022,2024-07-26,,
26899131,2024-07-26,,
26899554,2024-07-26,,
26900030,2024-07-26,,
26900842,2024-07-26,,
26901644,2024-07-26,,
26902263,2024-07-27,,
26902570,2024-07-27,,
26902629,2024-07-27,,
26902865,2024-07-27,,
26903850,2024-07-27,,
26907581,2024-07-27,,
26910351,2024-07-27,,
26916383,2024-07-27,,
26916577,2024-07-27,,
26917229,2024-07-27,,
26917314,2024-07-27,,
26918477,2024-07-27,,
26919535,2024-07-27,,
26920232,2024-07-27,,
26920886,2024-07-27,,
26921395,2024-07-28,,
26921563,2024-07-28,,
26922212,2024-07-28,,
26922997,2024-07-28,,
26923040,2024-07-28,,
26923207,2024-07-28,,
26929995,2024-07-28,,
26930253,2024-07-28,,
26931807,2024-07-28,,
26932966,2024-07-28,,
26933695,2024-07-28,,
26933850,2024-07-28,,
26934467,2024-07-28,,
26934578,2024-07-29,,
26941661,2024-07-29,,
26954335,2024-07-29,,
26954379,2024-07-29,,
26955539,2024-07-29,,
26955829,2024-07-29,,
26955884,2024-07-29,,
26956381,2024-07-29,,
26956835,2024-07-29,,
26956936,2024-07-29,,
26959654,2024-07-29,,
26960946,2024-07-29,,
26961323,2024-07-29,,
26962593,2024-07-30,,
26962644,2024-07-30,,
26963114,2024-07-30,,
26981715,2024-07-30,,
26982775,2024-07-30,,
26985818,2024-07-30,,
26989899,2024-07-30,,
26990826,2024-07-30,,
26991283,2024-07-30,,
26991877,2024-07-30,,
26992373,2024-07-31,,
26992655,2024-07-31,,
26993006,2024-07-31,,
26993280,2024-07-31,,
26993303,2024-07-31,,
26993440,2024-07-31,,
26993466,2024-07-31,,
26993469,2024-07-31,,
26993771,2024-07-31,,
26993941,2024-07-31,,
26994125,2024-07-31,,
26994156,2024-07-31,,
26997873,2024-07-31,,
27013699,2024-07-31,,
27019354,2024-08-01,,
27020172,2024-08-01,,
27020393,2024-08-01,,
27021607,2024-08-01,,
27022899,2024-08-01,,
27036692,2024-08-01,,
27038377,2024-08-01,,
27039352,2024-08-01,,
27040389,2024-08-01,,
27041310,2024-08-01,,
27042142,2024-08-01,,
27043151,2024-08-01,,
27045265,2024-08-01,,
27049580,2024-08-02,,
27049664,2024-08-02,,
27052227,2024-08-02,,
27067744,2024-08-02,,
27070408,2024-08-02,,
27070830,2024-08-02,,
27071412,2024-08-02,,
27072757,2024-08-03,,
27072788,2024-08-03,,
27072907,2024-08-03,,
27072910,2024-08-03,,
27074673,2024-08-03,,
27075444,2024-08-03,,
27087232,2024-08-03,,
27088208,2024-08-03,,
27089031,2024-08-03,,
27089050,2024-08-03,,
27090112,2024-08-03,,
27091615,2024-08-03,,
27091766,2024-08-03,,
27091990,2024-08-04,,
27092176,2024-08-04,,
27092347,2024-08-04,,
27092386,2024-08-04,,
27092463,2024-08-04,,
27093225,2024-08-04,,
27094202,2024-08-04,,
27095978,2024-08-04,,
27095979,2024-08-04,,
27099868,2024-08-04,,
27101828,2024-08-04,,
27102734,2024-08-04,,
27104040,2024-08-04,,
27104640,2024-08-04,,
27104718,2024-08-04,,
27105105,2024-08-04,,
27105848,2024-08-04,,
27106013,2024-08-04,,
27106321,2024-08-05,,
27106565,2024-08-05,,
27106843,2024-08-05,,
27107098,2024-08-05,,
27107229,2024-08-05,,
27107610,2024-08-05,,
27107684,2024-08-05,,
27107842,2024-08-05,,
27107945,2024-08-05,,
27108153,2024-08-05,,
27108250,2024-08-05,,
27108299,2024-08-05,,
27125143,2024-08-05,,
27128961,2024-08-05,,
27129106,2024-08-05,,
27132450,2024-08-05,,
27132628,2024-08-05,,
27132736,2024-08-05,,
27134488,2024-08-06,,
27134663,2024-08-06,,
27135415,2024-08-06,,
27137349,2024-08-06,,
27152142,2024-08-06,,
27161631,2024-08-06,,
27162150,2024-08-06,,
27163503,2024-08-07,,
27164800,2024-08-07,,
27165506,2024-08-07,,
27166134,2024-08-07,,
27166879,2024-08-07,,
27171415,2024-08-07,,
27181334,2024-08-07,,
27185079,2024-08-07,,
27186099,2024-08-07,,
27188934,2024-08-07,,
27188986,2024-08-07,,
27189339,2024-08-07,,
27190408,2024-08-07,,
27190447,2024-08-07,,
27190965,2024-08-07,,
27191028,2024-08-07,,
27196818,2024-08-08,,
27208236,2024-08-08,,
27213158,2024-08-08,,
27213207,2024-08-08,,
27214047,2024-08-08,,
27215606,2024-08-08,,
27216482,2024-08-08,,
27217872,2024-08-08,,
27218076,2024-08-08,,
27218472,2024-08-08,,
27219210,2024-08-09,,
27219296,2024-08-09,,
27220091,2024-08-09,,
27222016,2024-08-09,,
27228845,2024-08-09,,
27236397,2024-08-09,,
27238127,2024-08-09,,
27241679,2024-08-09,,
27242169,2024-08-09,,
27243685,2024-08-09,,
27244212,2024-08-09,,
27246952,2024-08-10,,
27250731,2024-08-10,,
27264554,2024-08-10,,
27266460,2024-08-11,,
27276012,2024-08-11,,
27277026,2024-08-11,,
27277600,2024-08-11,,
27278798,2024-08-11,,
27298304,2024-08-12,,
27298325,2024-08-12,,
27298583,2024-08-12,,
27300945,2024-08-12,,
27302155,2024-08-12,,
27305786,2024-08-12,,
27306041,2024-08-12,,
27306574,2024-08-12,,
27307249,2024-08-12,,
27308009,2024-08-13,,
27308488,2024-08-13,,
27308647,2024-08-13,,
27310812,2024-08-13,,
27319874,2024-08-13,,
27330810,2024-08-13,,
27334145,2024-08-13,,
27341029,2024-08-14,,
27344698,2024-08-14,,
27354659,2024-08-14,,
27356991,2024-08-14,,
27358081,2024-08-14,,
27358774,2024-08-14,,
27361417,2024-08-14,,
27361956,2024-08-15,,
27362309,2024-08-15,,
27362522,2024-08-15,,
27362906,2024-08-15,,
27363035,2024-08-15,,
27364183,2024-08-15,,
27366309,2024-08-15,,
27369848,2024-08-15,,
27375021,2024-08-15,,
27378183,2024-08-15,,
27381613,2024-08-15,,
27382841,2024-08-15,,
27382902,2024-08-15,,
27383127,2024-08-15,,
27383775,2024-08-15,,
27384005,2024-08-15,,
27384376,2024-08-15,,
27386435,2024-08-16,,
27386536,2024-08-16,,
27386683,2024-08-16,,
27386703,2024-08-16,,
27386730,2024-08-16,,
27386837,2024-08-16,,
27387772,2024-08-16,,
27388054,2024-08-16,,
27388159,2024-08-16,,
27388436,2024-08-16,,
27389328,2024-08-16,,
27390116,2024-08-16,,
27398233,2024-08-16,,
27401344,2024-08-16,,
27402860,2024-08-16,,
27402964,2024-08-16,,
27403142,2024-08-16,,
27405508,2024-08-16,,
27405537,2024-08-16,,
27406157,2024-08-16,,
27409971,2024-08-16,,
27411063,2024-08-16,,
27414053,2024-08-17,,
27415119,2024-08-17,,
27415523,2024-08-17,,
27416276,2024-08-17,,
27428131,2024-08-17,,
27428978,2024-08-17,,
27430142,2024-08-17,,
27430730,2024-08-17,,
27430744,2024-08-17,,
27431081,2024-08-17,,
27432054,2024-08-17,,
27433165,2024-08-17,,
27433819,2024-08-17,,
27434203,2024-08-17,,
27434766,2024-08-17,,
27435151,2024-08-18,,
27435498,2024-08-18,,
27435818,2024-08-18,,
27436502,2024-08-18,,
27436725,2024-08-18,,
27437436,2024-08-18,,
27438114,2024-08-18,,
27441523,2024-08-18,,
27441826,2024-08-18,,
27443337,2024-08-18,,
27443776,2024-08-18,,
27447026,2024-08-18,,
27447682,2024-08-18,,
27448097,2024-08-18,,
27448286,2024-08-18,,
27449028,2024-08-18,,
27449097,2024-08-18,,
27449191,2024-08-18,,
27450010,2024-08-19,,
27451720,2024-08-19,,
27452051,2024-08-19,,
27452483,2024-08-19,,
27455099,2024-08-19,,
27462094,2024-08-19,,
27464765,2024-08-19,,
27465314,2024-08-19,,
27465555,2024-08-19,,
27466777,2024-08-19,,
27467174,2024-08-19,,
27467267,2024-08-19,,
27467891,2024-08-19,,
27470431,2024-08-19,,
27471906,2024-08-19,,
27475023,2024-08-20,,
27475353,2024-08-20,,
27476002,2024-08-20,,
27476306,2024-08-20,,
27477908,2024-08-20,,
27484581,2024-08-20,,
27489503,2024-08-20,,
27493457,2024-08-20,,
27494624,2024-08-20,,
27494788,2024-08-20,,
27496295,2024-08-20,,
27496700,2024-08-20,,
27500283,2024-08-20,,
27500756,2024-08-20,,
27501968,2024-08-20,,
27502106,2024-08-20,,
27502119,2024-08-20,,
27502227,2024-08-20,,
27502421,2024-08-20,,
27502889,2024-08-20,,
27502993,2024-08-20,,
27504670,2024-08-21,,
27504738,2024-08-21,,
27505231,2024-08-21,,
27505487,2024-08-21,,
27505722,2024-08-21,,
27505879,2024-08-21,,
27506024,2024-08-21,,
27506186,2024-08-21,,
27508434,2024-08-21,,
27525248,2024-08-21,,
27526105,2024-08-21,,
27526123,2024-08-21,,
27526306,2024-08-21,,
27527330,2024-08-21,,
27528341,2024-08-21,,
27528600,2024-08-21,,
27528619,2024-08-21,,
27528654,2024-08-21,,
27528918,2024-08-21,,
27530645,2024-08-21,,
27531605,2024-08-21,,
27531976,2024-08-21,,
27532780,2024-08-21,,
27532818,2024-08-21,,
27532926,2024-08-21,,
27534200,2024-08-22,,
27534215,2024-08-22,,
27534380,2024-08-22,,
27534612,2024-08-22,,
27534897,2024-08-22,,
27535188,2024-08-22,,
27535197,2024-08-22,,
27535545,2024-08-22,,
27536135,2024-08-22,,
27536776,2024-08-22,,
27537565,2024-08-22,,
27542676,2024-08-22,,
27545399,2024-08-22,,
27556304,2024-08-22,,
27559301,2024-08-22,,
27560097,2024-08-22,,
27561120,2024-08-22,,
27561271,2024-08-22,,
27562028,2024-08-22,,
27562314,2024-08-22,,
27562911,2024-08-22,,
27563248,2024-08-22,,
27564136,2024-08-22,,
27564207,2024-08-22,,
27564468,2024-08-22,,
27565018,2024-08-22,,
27565149,2024-08-22,,
27565504,2024-08-23,,
27565808,2024-08-23,,
27565905,2024-08-23,,
27567175,2024-08-23,,
27567263,2024-08-23,,
27567597,2024-08-23,,
27567651,2024-08-23,,
27568050,2024-08-23,,
27571984,2024-08-23,,
27572335,2024-08-23,,
27575788,2024-08-23,,
27577079,2024-08-23,,
27579794,2024-08-23,,
27581478,2024-08-23,,
27582155,2024-08-23,,
27583946,2024-08-23,,
27585644,2024-08-23,,
27586066,2024-08-23,,
27586682,2024-08-23,,
27586879,2024-08-23,,
27587069,2024-08-23,,
27588575,2024-08-23,,
27589581,2024-08-23,,
27590110,2024-08-23,,
27591829,2024-08-23,,
27593748,2024-08-24,,
27593768,2024-08-24,,
27594117,2024-08-24,,
27594465,2024-08-24,,
27595275,2024-08-24,,
27595982,2024-08-24,,
27596179,2024-08-24,,
27596214,2024-08-24,,
27600689,2024-08-24,,
27601845,2024-08-24,,
27606538,2024-08-24,,
27606785,2024-08-24,,
27607444,2024-08-24,,
27607554,2024-08-24,,
27608173,2024-08-24,,
27609523,2024-08-24,,
27609614,2024-08-24,,
27609631,2024-08-24,,
27610175,2024-08-24,,
27610291,2024-08-24,,
27610546,2024-08-24,,
27610602,2024-08-24,,
27612070,2024-08-24,,
27612991,2024-08-24,,
27613192,2024-08-24,,
27613780,2024-08-24,,
27615096,2024-08-24,,
27615191,2024-08-24,,
27615312,2024-08-24,,
27615634,2024-08-25,,
27616091,2024-08-25,,
27616213,2024-08-25,,
27616444,2024-08-25,,
27616693,2024-08-25,,
27616788,2024-08-25,,
27616806,2024-08-25,,
27616935,2024-08-25,,
27617176,2024-08-25,,
27618922,2024-08-25,,
27619542,2024-08-25,,
27619698,2024-08-25,,
27619746,2024-08-25,,
27622251,2024-08-25,,
27624954,2024-08-25,,
27625391,2024-08-25,,
27625544,2024-08-25,,
27626490,2024-08-25,,
27627498,2024-08-25,,
27628743,2024-08-25,,
27629515,2024-08-25,,
27629620,2024-08-25,,
27629663,2024-08-25,,
27630107,2024-08-25,,
27630264,2024-08-25,,
27630404,2024-08-25,,
27630412,2024-08-25,,
27630758,2024-08-25,,
27630995,2024-08-25,,
27631209,2024-08-25,,
27631295,2024-08-25,,
27631547,2024-08-25,,
27631879,2024-08-26,,
27632055,2024-08-26,,
27632268,2024-08-26,,
27632324,2024-08-26,,
27632381,2024-08-26,,
27632394,2024-08-26,,
27632888,2024-08-26,,
27633022,2024-08-26,,
27633400,2024-08-26,,
27633732,2024-08-26,,
27633749,2024-08-26,,
27634335,2024-08-26,,
27635026,2024-08-26,,
27636786,2024-08-26,,
27643552,2024-08-26,,
27643717,2024-08-26,,
27648117,2024-08-26,,
27649478,2024-08-26,,
27651115,2024-08-26,,
27654139,2024-08-26,,
27655305,2024-08-26,,
27655978,2024-08-26,,
27656930,2024-08-26,,
27659773,2024-08-26,,
27660818,2024-08-26,,
27666520,2024-08-27,,
27683619,2024-08-27,,
27687559,2024-08-27,,
27688649,2024-08-27,,
27690725,2024-08-27,,
27691520,2024-08-27,,
27691682,2024-08-27,,
27692293,2024-08-28,,
27692887,2024-08-28,,
27693165,2024-08-28,,
27694050,2024-08-28,,
27696622,2024-08-28,,
27696940,2024-08-28,,
27714547,2024-08-28,,
27715414,2024-08-28,,
27716245,2024-08-28,,
27717690,2024-08-28,,
27717727,2024-08-28,,
27717744,2024-08-28,,
27720460,2024-08-28,,
27720741,2024-08-28,,
27721099,2024-08-28,,
27723171,2024-08-29,,
27723506,2024-08-29,,
27723765,2024-08-29,,
27724287,2024-08-29,,
27724392,2024-08-29,,
27725591,2024-08-29,,
27730673,2024-08-29,,
27733426,2024-08-29,,
27742330,2024-08-29,,
27744029,2024-08-29,,
27745722,2024-08-29,,
27746279,2024-08-29,,
27747704,2024-08-29,,
27748250,2024-08-29,,
27749215,2024-08-29,,
27749522,2024-08-29,,
27750426,2024-08-29,,
27750942,2024-08-29,,
27752406,2024-08-30,,
27753008,2024-08-30,,
27758340,2024-08-30,,
27768733,2024-08-30,,
27769451,2024-08-30,,
27770721,2024-08-30,,
27775049,2024-08-30,,
27775214,2024-08-30,,
27775355,2024-08-30,,
27777088,2024-08-30,,
27779263,2024-08-31,,
27780352,2024-08-31,,
27783653,2024-08-31,,
27795266,2024-08-31,,
27798016,2024-08-31,,
27799336,2024-09-01,,
27799711,2024-09-01,,
27801209,2024-09-01,,
27802104,2024-09-01,,
27807158,2024-09-01,,
27809926,2024-09-01,,
27810024,2024-09-01,,
27810099,2024-09-01,,
27811843,2024-09-01,,
27812026,2024-09-01,,
27813588,2024-09-01,,
27817494,2024-09-02,,
27824080,2024-09-02,,
27835631,2024-09-02,,
27836115,2024-09-02,,
27839693,2024-09-02,,
27839903,2024-09-02,,
27840050,2024-09-02,,
27841018,2024-09-02,,
27841074,2024-09-02,,
27842061,2024-09-02,,
27850210,2024-09-03,,
27860786,2024-09-03,,
27861261,2024-09-03,,
27863394,2024-09-03,,
27863408,2024-09-03,,
27863658,2024-09-03,,
27863814,2024-09-03,,
27865075,2024-09-03,,
27866136,2024-09-03,,
27866428,2024-09-03,,
27866678,2024-09-03,,
27867029,2024-09-03,,
27870469,2024-09-03,,
27870532,2024-09-03,,
27871404,2024-09-03,,
27874633,2024-09-04,,
27874812,2024-09-04,,
27876921,2024-09-04,,
27889763,2024-09-04,,
27890772,2024-09-04,,
27895831,2024-09-04,,
27895971,2024-09-04,,
27897308,2024-09-04,,
27897351,2024-09-04,,
27898272,2024-09-04,,
27900109,2024-09-04,,
27900276,2024-09-04,,
27900831,2024-09-04,,
27901260,2024-09-04,,
27901883,2024-09-04,,
27902260,2024-09-04,,
27902293,2024-09-04,,
27902430,2024-09-04,,
27902731,2024-09-05,,
27902925,2024-09-05,,
27903756,2024-09-05,,
27903866,2024-09-05,,
27904228,2024-09-05,,
27904247,2024-09-05,,
27904791,2024-09-05,,
27904947,2024-09-05,,
27904988,2024-09-05,,
27905377,2024-09-05,,
27906019,2024-09-05,,
27906421,2024-09-05,,
27931520,2024-09-06,,
27951267,2024-09-06,,
27956537,2024-09-06,,
27957150,2024-09-06,,
27957432,2024-09-06,,
27958343,2024-09-06,,
27960566,2024-09-07,,
27975975,2024-09-07,,
27978298,2024-09-08,,
27978453,2024-09-08,,
27983686,2024-09-08,,
27988881,2024-09-08,,
27989663,2024-09-08,,
27990209,2024-09-08,,
27991962,2024-09-08,,
27993516,2024-09-09,,
27993565,2024-09-09,,
28018976,2024-09-09,,
28019966,2024-09-09,,
28028305,2024-09-10,,
28028372,2024-09-10,,
28032131,2024-09-10,,
28041670,2024-09-10,,
28044925,2024-09-10,,
28052487,2024-09-10,,
28052897,2024-09-10,,
28054150,2024-09-10,,
28058509,2024-09-10,,
28060224,2024-09-11,,
28062448,2024-09-11,,
28062759,2024-09-11,,
28087115,2024-09-11,,
28090211,2024-09-11,,
28090600,2024-09-11,,
28091838,2024-09-12,,
28099798,2024-09-12,,
28100379,2024-09-12,,
28111894,2024-09-12,,
28116595,2024-09-12,,
28117155,2024-09-12,,
28120456,2024-09-12,,
28138103,2024-09-13,,
28146405,2024-09-13,,
28148050,2024-09-13,,
28149170,2024-09-13,,
28151534,2024-09-13,,
28153470,2024-09-14,,
28157902,2024-09-14,,
28167859,2024-09-14,,
28171315,2024-09-14,,
28171673,2024-09-14,,
28174174,2024-09-15,,
28175990,2024-09-15,,
28176336,2024-09-15,,
28178535,2024-09-15,,
28181586,2024-09-15,,
28182689,2024-09-15,,
28183436,2024-09-15,,
28183540,2024-09-15,,
28185704,2024-09-15,,
28186554,2024-09-15,,
28187463,2024-09-15,,
28189971,2024-09-15,,
28190827,2024-09-16,,
28196767,2024-09-16,,
28211200,2024-09-16,,
28213067,2024-09-16,,
28217124,2024-09-16,,
28217406,2024-09-16,,
28218186,2024-09-16,,
28220787,2024-09-17,,
28220972,2024-09-17,,
28239144,2024-09-17,,
28245302,2024-09-17,,
28246941,2024-09-17,,
28247093,2024-09-17,,
28247356,2024-09-18,,
28249088,2024-09-18,,
28261399,2024-09-18,,
28270468,2024-09-18,,
28271047,2024-09-18,,
28272396,2024-09-18,,
28272665,2024-09-18,,
28272772,2024-09-18,,
28278618,2024-09-19,,
28279106,2024-09-19,,
28279354,2024-09-19,,
28279458,2024-09-19,,
28279623,2024-09-19,,
28281197,2024-09-19,,
28281485,2024-09-19,,
28299038,2024-09-19,,
28299958,2024-09-19,,
28300460,2024-09-19,,
28302932,2024-09-19,,
28303823,2024-09-19,,
28304351,2024-09-19,,
28304786,2024-09-19,,
28305243,2024-09-19,,
28305638,2024-09-19,,
28307069,2024-09-19,,
28307147,2024-09-19,,
28307295,2024-09-19,,
28308110,2024-09-20,,
28315049,2024-09-20,,
28322885,2024-09-20,,
28323717,2024-09-20,,
28328171,2024-09-20,,
28329581,2024-09-20,,
28330358,2024-09-20,,
28330513,2024-09-20,,
28330762,2024-09-20,,
28332082,2024-09-20,,
28332304,2024-09-20,,
28333222,2024-09-20,,
28334040,2024-09-20,,
28334156,2024-09-20,,
28334309,2024-09-21,,
28334327,2024-09-21,,
28335043,2024-09-21,,
28335140,2024-09-21,,
28335421,2024-09-21,,
28335742,2024-09-21,,
28338559,2024-09-21,,
28348223,2024-09-21,,
28348957,2024-09-21,,
28349748,2024-09-21,,
28350827,2024-09-21,,
28350993,2024-09-21,,
28351530,2024-09-21,,
28352417,2024-09-21,,
28352512,2024-09-21,,
28353287,2024-09-21,,
28354300,2024-09-21,,
28355046,2024-09-22,,
28355090,2024-09-22,,
28355246,2024-09-22,,
28355473,2024-09-22,,
28355564,2024-09-22,,
28355668,2024-09-22,,
28355900,2024-09-22,,
28355996,2024-09-22,,
28359405,2024-09-22,,
28362623,2024-09-22,,
28363484,2024-09-22,,
28363693,2024-09-22,,
28365648,2024-09-22,,
28365757,2024-09-22,,
28366258,2024-09-22,,
28368875,2024-09-22,,
28369003,2024-09-22,,
28369494,2024-09-22,,
28369933,2024-09-22,,
28370634,2024-09-23,,
28370731,2024-09-23,,
28370753,2024-09-23,,
28371042,2024-09-23,,
28371188,2024-09-23,,
28372826,2024-09-23,,
28373056,2024-09-23,,
28373448,2024-09-23,,
28376699,2024-09-23,,
28385594,2024-09-23,,
28389439,2024-09-23,,
28389932,2024-09-23,,
28391371,2024-09-23,,
28391632,2024-09-23,,
28393062,2024-09-23,,
28393103,2024-09-23,,
28394674,2024-09-23,,
28395125,2024-09-23,,
28395199,2024-09-23,,
28395791,2024-09-23,,
28396102,2024-09-23,,
28398048,2024-09-23,,
28398396,2024-09-23,,
28399814,2024-09-23,,
28400305,2024-09-23,,
28400374,2024-09-23,,
28400857,2024-09-23,,
28400881,2024-09-23,,
28402001,2024-09-23,,
28402063,2024-09-23,,
28403092,2024-09-24,,
28403610,2024-09-24,,
28403611,2024-09-24,,
28404123,2024-09-24,,
28404355,2024-09-24,,
28404398,2024-09-24,,
28404497,2024-09-24,,
28404573,2024-09-24,,
28404669,2024-09-24,,
28405897,2024-09-24,,
28406214,2024-09-24,,
28408254,2024-09-24,,
28421910,2024-09-24,,
28426414,2024-09-24,,
28426805,2024-09-24,,
28426935,2024-09-24,,
28427343,2024-09-24,,
28428542,2024-09-24,,
28429082,2024-09-24,,
28429155,2024-09-24,,
28429166,2024-09-24,,
28429207,2024-09-24,,
28429418,2024-09-24,,
28429879,2024-09-24,,
28432041,2024-09-24,,
28433063,2024-09-24,,
28433096,2024-09-24,,
28434214,2024-09-24,,
28434439,2024-09-24,,
28434619,2024-09-24,,
28435002,2024-09-24,,
28435163,2024-09-24,,
28435250,2024-09-24,,
28435452,2024-09-24,,
28435939,2024-09-24,,
28436326,2024-09-24,,
28436597,2024-09-24,,
28437866,2024-09-25,,
28437963,2024-09-25,,
28438066,2024-09-25,,
28438418,2024-09-25,,
28438640,2024-09-25,,
28438695,2024-09-25,,
28438774,2024-09-25,,
28438842,2024-09-25,,
28439053,2024-09-25,,
28439535,2024-09-25,,
28439775,2024-09-25,,
28439928,2024-09-25,,
28440393,2024-09-25,,
28441399,2024-09-25,,
28445037,2024-09-25,,
28445355,2024-09-25,,
28445503,2024-09-25,,
28455555,2024-09-25,,
28456078,2024-09-25,,
28459208,2024-09-25,,
28459848,2024-09-25,,
28461256,2024-09-25,,
28461612,2024-09-25,,
28462052,2024-09-25,,
28462255,2024-09-25,,
28462433,2024-09-25,,
28462487,2024-09-25,,
28463145,2024-09-25,,
28463357,2024-09-25,,
28465568,2024-09-25,,
28465596,2024-09-25,,
28465935,2024-09-25,,
28466053,2024-09-25,,
28466341,2024-09-25,,
28466421,2024-09-25,,
28466563,2024-09-25,,
28466699,2024-09-25,,
28466936,2024-09-25,,
28467186,2024-09-25,,
28467276,2024-09-25,,
28467631,2024-09-25,,
28467885,2024-09-25,,
28468208,2024-09-25,,
28468353,2024-09-25,,
28468892,2024-09-25,,
28469115,2024-09-25,,
28469125,2024-09-25,,
28469149,2024-09-25,,
28469312,2024-09-25,,
28469525,2024-09-25,,
28470404,2024-09-26,,
28470613,2024-09-26,,
28470617,2024-09-26,,
28470782,2024-09-26,,
28471057,2024-09-26,,
28471627,2024-09-26,,
28471829,2024-09-26,,
28471894,2024-09-26,,
28472267,2024-09-26,,
28472330,2024-09-26,,
28472796,2024-09-26,,
28472828,2024-09-26,,
28472860,2024-09-26,,
28473254,2024-09-26,,
28473739,2024-09-26,,
28473878,2024-09-26,,
28473981,2024-09-26,,
28474592,2024-09-26,,
28475118,2024-09-26,,
28475871,2024-09-26,,
28480491,2024-09-26,,
28485312,2024-09-26,,
28487621,2024-09-26,,
28489204,2024-09-26,,
28494093,2024-09-26,,
28494410,2024-09-26,,
28497594,2024-09-26,,
28498388,2024-09-26,,
28498481,2024-09-26,,
28498610,2024-09-26,,
28500129,2024-09-26,,
28500913,2024-09-26,,
28501696,2024-09-26,,
28508051,2024-09-26,,
28511278,2024-09-27,,
28511948,2024-09-27,,
28512495,2024-09-27,,
28515560,2024-09-27,,
28529275,2024-09-27,,
28532981,2024-09-27,,
28533120,2024-09-27,,
28534606,2024-09-27,,
28542217,2024-09-28,,
28556477,2024-09-28,,
28556612,2024-09-28,,
28557624,2024-09-29,,
28557955,2024-09-29,,
28558195,2024-09-29,,
28560289,2024-09-29,,
28570318,2024-09-29,,
28589592,2024-09-30,,
28593444,2024-09-30,,
28597738,2024-09-30,,
28600324,2024-09-30,,
28600619,2024-09-30,,
28603373,2024-10-01,,
28604101,2024-10-01,,
28604445,2024-10-01,,
28604486,2024-10-01,,
28605166,2024-10-01,,
28605562,2024-10-01,,
28605570,2024-10-01,,
28609372,2024-10-01,,
28622339,2024-10-01,,
28623510,2024-10-01,,
28624714,2024-10-01,,
28625619,2024-10-01,,
28628015,2024-10-01,,
28628171,2024-10-01,,
28628758,2024-10-01,,
28633113,2024-10-02,,
28647365,2024-10-02,,
28647425,2024-10-02,,
28652903,2024-10-02,,
28653520,2024-10-02,,
28654736,2024-10-02,,
28654752,2024-10-02,,
28656362,2024-10-02,,
28656775,2024-10-02,,
28657022,2024-10-02,,
28657129,2024-10-02,,
28657175,2024-10-02,,
28660076,2024-10-03,,
28660133,2024-10-03,,
28664869,2024-10-03,,
28677230,2024-10-03,,
28680466,2024-10-03,,
28681652,2024-10-03,,
28682928,2024-10-03,,
28687059,2024-10-03,,
28687898,2024-10-03,,
28688658,2024-10-03,,
28688754,2024-10-03,,
28688917,2024-10-03,,
28689333,2024-10-03,,
28689410,2024-10-03,,
28689569,2024-10-04,,
28691018,2024-10-04,,
28691263,2024-10-04,,
28692788,2024-10-04,,
28696457,2024-10-04,,
28702057,2024-10-04,,
28708837,2024-10-04,,
28710688,2024-10-04,,
28712251,2024-10-04,,
28714102,2024-10-04,,
28714808,2024-10-04,,
28714917,2024-10-04,,
28715713,2024-10-04,,
28717603,2024-10-05,,
28717658,2024-10-05,,
28718159,2024-10-05,,
28718177,2024-10-05,,
28735427,2024-10-05,,
28737883,2024-10-06,,
28744576,2024-10-06,,
28748035,2024-10-06,,
28750376,2024-10-06,,
28752140,2024-10-06,,
28766222,2024-10-07,,
28766957,2024-10-07,,
28767973,2024-10-07,,
28781757,2024-10-07,,
28782072,2024-10-08,,
28783843,2024-10-08,,
28799702,2024-10-08,,
28813989,2024-10-09,,
28814746,2024-10-09,,
28815430,2024-10-09,,
28838183,2024-10-09,,
28842323,2024-10-09,,
28842578,2024-10-09,,
28845631,2024-10-10,,
28847113,2024-10-10,,
28859351,2024-10-10,,
28866468,2024-10-10,,
28869065,2024-10-10,,
28870336,2024-10-10,,
28870558,2024-10-10,,
28872483,2024-10-10,,
28873438,2024-10-10,,
28873574,2024-10-10,,
28873978,2024-10-10,,
28875463,2024-10-11,,
28875521,2024-10-11,,
28875540,2024-10-11,,
28876638,2024-10-11,,
28876971,2024-10-11,,
28888380,2024-10-11,,
28892382,2024-10-11,,
28892408,2024-10-11,,
28893732,2024-10-11,,
28894477,2024-10-11,,
28895024,2024-10-11,,
28895150,2024-10-11,,
28896006,2024-10-11,,
28898478,2024-10-11,,
28899219,2024-10-11,,
28900640,2024-10-12,,
28900895,2024-10-12,,
28912412,2024-10-12,,
28914421,2024-10-12,,
28915134,2024-10-12,,
28916672,2024-10-13,,
28917445,2024-10-13,,
28925741,2024-10-13,,
28927354,2024-10-13,,
28929820,2024-10-13,,
28930621,2024-10-14,,
28930683,2024-10-14,,
28931791,2024-10-14,,
28934370,2024-10-14,,
28938667,2024-10-14,,
28948243,2024-10-14,,
28949790,2024-10-14,,
28954222,2024-10-14,,
28956048,2024-10-14,,
28956667,2024-10-14,,
28957343,2024-10-14,,
28960396,2024-10-15,,
28961511,2024-10-15,,
28977313,2024-10-15,,
28977742,2024-10-15,,
28978146,2024-10-15,,
28979206,2024-10-15,,
28981042,2024-10-15,,
28982810,2024-10-15,,
28983735,2024-10-15,,
28988141,2024-10-15,,
28988981,2024-10-15,,
28990531,2024-10-16,,
28990642,2024-10-16,,
28991532,2024-10-16,,
29012062,2024-10-16,,
29012493,2024-10-16,,
29012533,2024-10-16,,
29013799,2024-10-16,,
29015647,2024-10-16,,
29015966,2024-10-16,,
29019265,2024-10-17,,
29030950,2024-10-17,,
29036235,2024-10-17,,
29042094,2024-10-17,,
29044034,2024-10-17,,
29044133,2024-10-17,,
29044587,2024-10-17,,
29045830,2024-10-17,,
29048752,2024-10-18,,
29069988,2024-10-18,,
29072222,2024-10-18,,
29072469,2024-10-18,,
29073306,2024-10-18,,
29091768,2024-10-19,,
29092180,2024-10-19,,
29093842,2024-10-19,,
29094729,2024-10-19,,
29095077,2024-10-19,,
29095759,2024-10-20,,
29102217,2024-10-20,,
29105859,2024-10-20,,
29106207,2024-10-20,,
29131977,2024-10-20,,
29136436,2024-10-20,,
29139764,2024-10-21,,
29140654,2024-10-21,,
29141052,2024-10-21,,
29149648,2024-10-21,,
29149950,2024-10-21,,
29155746,2024-10-21,,
29164381,2024-10-21,,
29164691,2024-10-21,,
29165067,2024-10-21,,
29165192,2024-10-21,,
29167303,2024-10-21,,
29172687,2024-10-21,,
29178568,2024-10-21,,
29180968,2024-10-21,,
29181592,2024-10-21,,
29199869,2024-10-22,,
29202529,2024-10-22,,
29202867,2024-10-22,,
29205094,2024-10-22,,
29208945,2024-10-22,,
29210818,2024-10-22,,
29217315,2024-10-22,,
29229691,2024-10-22,,
29231711,2024-10-22,,
29232730,2024-10-22,,
29233014,2024-10-22,,
29235226,2024-10-22,,
29237284,2024-10-22,,
29240316,2024-10-22,,
29240365,2024-10-22,,
29241450,2024-10-22,,
29241666,2024-10-22,,
29245149,2024-10-22,,
29252107,2024-10-23,,
29261343,2024-10-23,,
29270533,2024-10-23,,
29273107,2024-10-23,,
29273853,2024-10-23,,
29293285,2024-10-23,,
29295033,2024-10-24,,
29298981,2024-10-24,,
29299466,2024-10-24,,
29299510,2024-10-24,,
29302345,2024-10-24,,
29313313,2024-10-24,,
29318206,2024-10-24,,
29320075,2024-10-24,,
29321721,2024-10-24,,
29329230,2024-10-24,,
29329540,2024-10-24,,
29331359,2024-10-24,,
29336331,2024-10-24,,
29336696,2024-10-24,,
29336852,2024-10-24,,
29337431,2024-10-25,,
29338788,2024-10-25,,
29340604,2024-10-25,,
29341903,2024-10-25,,
29342114,2024-10-25,,
29342673,2024-10-25,,
29344328,2024-10-25,,
29344408,2024-10-25,,
29344601,2024-10-25,,
29344610,2024-10-25,,
29348204,2024-10-25,,
29351418,2024-10-25,,
29352402,2024-10-25,,
29361558,2024-10-25,,
29363513,2024-10-25,,
29363559,2024-10-25,,
29364751,2024-10-25,,
29366905,2024-10-25,,
29367167,2024-10-25,,
29367754,2024-10-25,,
29369261,2024-10-25,,
29370449,2024-10-25,,
29370688,2024-10-25,,
29370721,2024-10-25,,
29373904,2024-10-25,,
29374211,2024-10-26,,
29374368,2024-10-26,,
29375015,2024-10-26,,
29375617,2024-10-26,,
29376088,2024-10-26,,
29376097,2024-10-26,,
29376442,2024-10-26,,
29377005,2024-10-26,,
29377032,2024-10-26,,
29377520,2024-10-26,,
29380004,2024-10-26,,
29384303,2024-10-26,,
29386501,2024-10-26,,
29390283,2024-10-26,,
29391718,2024-10-26,,
29393360,2024-10-26,,
29396960,2024-10-26,,
29397563,2024-10-26,,
29397985,2024-10-26,,
29398906,2024-10-26,,
29400513,2024-10-27,,
29401587,2024-10-27,,
29408127,2024-10-27,,
29412630,2024-10-27,,
29412650,2024-10-27,,
29412811,2024-10-27,,
29416414,2024-10-27,,
29416869,2024-10-27,,
29422688,2024-10-27,,
29424357,2024-10-27,,
29426829,2024-10-28,,
29427847,2024-10-28,,
29431448,2024-10-28,,
29441737,2024-10-28,,
29453090,2024-10-28,,
29453323,2024-10-28,,
29457342,2024-10-28,,
29459785,2024-10-28,,
29460748,2024-10-28,,
29461372,2024-10-28,,
29466082,2024-10-28,,
29466917,2024-10-28,,
29469089,2024-10-29,,
29477546,2024-10-29,,
29479014,2024-10-29,,
29486483,2024-10-29,,
29488120,2024-10-29,,
29489990,2024-10-29,,
29491834,2024-10-29,,
29492807,2024-10-29,,
29496223,2024-10-29,,
29502529,2024-10-29,,
29505026,2024-10-29,,
29512747,2024-10-30,,
29514455,2024-10-30,,
29515040,2024-10-30,,
29530352,2024-10-30,,
29532227,2024-10-30,,
29532769,2024-10-30,,
29534184,2024-10-30,,
29534432,2024-10-30,,
29535280,2024-10-30,,
29535334,2024-10-30,,
29537087,2024-10-30,,
29537280,2024-10-30,,
29538953,2024-10-30,,
29540808,2024-10-30,,
29541727,2024-10-30,,
29541842,2024-10-30,,
29543080,2024-10-30,,
29543371,2024-10-30,,
29547021,2024-10-31,,
29547272,2024-10-31,,
29548688,2024-10-31,,
29551316,2024-10-31,,
29553363,2024-10-31,,
29561476,2024-10-31,,
29564968,2024-10-31,,
29565750,2024-10-31,,
29565910,2024-10-31,,
29567689,2024-10-31,,
29568114,2024-10-31,,
29569469,2024-11-01,,
29569487,2024-11-01,,
29573808,2024-11-01,,
29578367,2024-11-01,,
29579289,2024-11-01,,
29588563,2024-11-01,,
29598149,2024-11-01,,
29600099,2024-11-02,,
29600964,2024-11-02,,
29601108,2024-11-02,,
29601442,2024-11-02,,
29604628,2024-11-02,,
29605708,2024-11-02,,
29606931,2024-11-02,,
29609849,2024-11-02,,
29611052,2024-11-02,,
29611996,2024-11-02,,
29612900,2024-11-02,,
29614660,2024-11-02,,
29614929,2024-11-02,,
29615190,2024-11-02,,
29615838,2024-11-02,,
29616437,2024-11-02,,
29616691,2024-11-02,,
29616964,2024-11-02,,
29617263,2024-11-02,,
29617450,2024-11-02,,
29620873,2024-11-03,,
29624425,2024-11-03,,
29630331,2024-11-03,,
29630339,2024-11-03,,
29631964,2024-11-03,,
29633236,2024-11-03,,
29633780,2024-11-04,,
29634030,2024-11-04,,
29634182,2024-11-04,,
29635250,2024-11-04,,
29640067,2024-11-04,,
29645758,2024-11-04,,
29654279,2024-11-04,,
29654776,2024-11-04,,
29655630,2024-11-04,,
29656267,2024-11-04,,
29656429,2024-11-04,,
29657079,2024-11-04,,
29658035,2024-11-04,,
29659798,2024-11-04,,
29660106,2024-11-04,,
29660477,2024-11-04,,
29661167,2024-11-04,,
29661601,2024-11-04,,
29662402,2024-11-04,,
29663307,2024-11-05,,
29663570,2024-11-05,,
29663870,2024-11-05,,
29663968,2024-11-05,,
29664616,2024-11-05,,
29665312,2024-11-05,,
29666711,2024-11-05,,
29667253,2024-11-05,,
29675250,2024-11-05,,
29686574,2024-11-05,,
29693626,2024-11-06,,
29696402,2024-11-06,,
29709742,2024-11-06,,
29710923,2024-11-06,,
29713462,2024-11-06,,
29716782,2024-11-06,,
29717349,2024-11-06,,
29719429,2024-11-06,,
29722939,2024-11-07,,
29737869,2024-11-07,,
29743142,2024-11-07,,
29743204,2024-11-07,,
29746123,2024-11-07,,
29746376,2024-11-07,,
29747581,2024-11-07,,
29749533,2024-11-07,,
29750033,2024-11-07,,
29752547,2024-11-08,,
29753059,2024-11-08,,
29756214,2024-11-08,,
29776087,2024-11-08,,
29776622,2024-11-08,,
29776750,2024-11-08,,
29782797,2024-11-09,,
29783476,2024-11-09,,
29786561,2024-11-09,,
29790761,2024-11-09,,
29791557,2024-11-09,,
29793650,2024-11-09,,
29794465,2024-11-09,,
29794906,2024-11-09,,
29797254,2024-11-09,,
29797899,2024-11-09,,
29798973,2024-11-09,,
29807945,2024-11-10,,
29812272,2024-11-10,,
29812423,2024-11-10,,
29812827,2024-11-10,,
29813255,2024-11-10,,
29813343,2024-11-10,,
29813375,2024-11-10,,
29814010,2024-11-10,,
29814769,2024-11-11,,
29815465,2024-11-11,,
29823630,2024-11-11,,
29831894,2024-11-11,,
29835493,2024-11-11,,
29835528,2024-11-11,,
29837594,2024-11-11,,
29839598,2024-11-11,,
29840643,2024-11-11,,
29841671,2024-11-11,,
29843555,2024-11-11,,
29843916,2024-11-12,,
29844178,2024-11-12,,
29844540,2024-11-12,,
29855653,2024-11-12,,
29857959,2024-11-12,,
29860928,2024-11-12,,
29866841,2024-11-12,,
29869857,2024-11-12,,
29871057,2024-11-12,,
29871160,2024-11-12,,
29871682,2024-11-12,,
29873816,2024-11-13,,
29874201,2024-11-13,,
29875541,2024-11-13,,
29878478,2024-11-13,,
29892428,2024-11-13,,
29893846,2024-11-13,,
29894625,2024-11-13,,
29894913,2024-11-13,,
29896214,2024-11-13,,
29897733,2024-11-13,,
29898246,2024-11-13,,
29899028,2024-11-13,,
29899256,2024-11-13,,
29900374,2024-11-13,,
29901153,2024-11-13,,
29901813,2024-11-14,,
29902436,2024-11-14,,
29902870,2024-11-14,,
29902980,2024-11-14,,
29904246,2024-11-14,,
29904473,2024-11-14,,
29905295,2024-11-14,,
29911134,2024-11-14,,
29917033,2024-11-14,,
29922632,2024-11-14,,
29927694,2024-11-14,,
29929341,2024-11-14,,
29929587,2024-11-14,,
29930328,2024-11-14,,
29930440,2024-11-15,,
29931445,2024-11-15,,
29946430,2024-11-15,,
29949817,2024-11-15,,
29949914,2024-11-15,,
29950287,2024-11-15,,
29951854,2024-11-15,,
29952705,2024-11-15,,
29952777,2024-11-15,,
29953272,2024-11-15,,
29954685,2024-11-15,,
29955610,2024-11-16,,
29955775,2024-11-16,,
29956429,2024-11-16,,
29956519,2024-11-16,,
29957712,2024-11-16,,
29958563,2024-11-16,,
29970447,2024-11-16,,
29972902,2024-11-16,,
29979092,2024-11-17,,
29982439,2024-11-17,,
29987670,2024-11-17,,
29988583,2024-11-17,,
29989055,2024-11-17,,
29989191,2024-11-17,,
29989488,2024-11-17,,
29993276,2024-11-18,,
30010931,2024-11-18,,
30011922,2024-11-18,,
30012962,2024-11-18,,
30015108,2024-11-18,,
30015283,2024-11-18,,
30017768,2024-11-19,,
30021514,2024-11-19,,
30026559,2024-11-19,,
30043682,2024-11-19,,
30043948,2024-11-19,,
30046184,2024-11-19,,
30047820,2024-11-20,,
30048322,2024-11-20,,
30048369,2024-11-20,,
30066226,2024-11-20,,
30066904,2024-11-20,,
30067534,2024-11-20,,
30069230,2024-11-20,,
30071250,2024-11-20,,
30072045,2024-11-20,,
30075567,2024-11-20,,
30076128,2024-11-21,,
30076143,2024-11-21,,
30077826,2024-11-21,,
30077912,2024-11-21,,
30078137,2024-11-21,,
30078334,2024-11-21,,
30080616,2024-11-21,,
30084039,2024-11-21,,
30084198,2024-11-21,,
30088247,2024-11-21,,
30092225,2024-11-21,,
30094567,2024-11-21,,
30094904,2024-11-21,,
30095943,2024-11-21,,
30096992,2024-11-21,,
30098885,2024-11-21,,
30103103,2024-11-21,,
30103115,2024-11-21,,
30103129,2024-11-21,,
30104006,2024-11-21,,
30104214,2024-11-21,,
30104862,2024-11-22,,
30105855,2024-11-22,,
30120615,2024-11-22,,
30122693,2024-11-22,,
30126509,2024-11-22,,
30127236,2024-11-22,,
30127672,2024-11-22,,
30127745,2024-11-22,,
30128820,2024-11-22,,
30128877,2024-11-22,,
30129723,2024-11-22,,
30129882,2024-11-23,,
30130538,2024-11-23,,
30131470,2024-11-23,,
30131913,2024-11-23,,
30131970,2024-11-23,,
30135987,2024-11-23,,
30140500,2024-11-23,,
30141041,2024-11-23,,
30143761,2024-11-23,,
30144294,2024-11-23,,
30144972,2024-11-23,,
30145567,2024-11-23,,
30145836,2024-11-23,,
30146024,2024-11-23,,
30146311,2024-11-23,,
30147304,2024-11-23,,
30148085,2024-11-23,,
30148092,2024-11-23,,
30148273,2024-11-23,,
30148298,2024-11-23,,
30148790,2024-11-23,,
30149042,2024-11-24,,
30149169,2024-11-24,,
30149977,2024-11-24,,
30152407,2024-11-24,,
30153343,2024-11-24,,
30157809,2024-11-24,,
30160056,2024-11-24,,
30160592,2024-11-24,,
30160662,2024-11-24,,
30161606,2024-11-24,,
30162076,2024-11-24,,
30162147,2024-11-24,,
30163945,2024-11-24,,
30164191,2024-11-24,,
30164607,2024-11-24,,
30164807,2024-11-25,,
30165036,2024-11-25,,
30165252,2024-11-25,,
30165469,2024-11-25,,
30165597,2024-11-25,,
30165610,2024-11-25,,
30165661,2024-11-25,,
30165797,2024-11-25,,
30165877,2024-11-25,,
30166278,2024-11-25,,
30167820,2024-11-25,,
30168182,2024-11-25,,
30171985,2024-11-25,,
30173995,2024-11-25,,
30176446,2024-11-25,,
30182351,2024-11-25,,
30182915,2024-11-25,,
30184949,2024-11-25,,
30185619,2024-11-25,,
30189222,2024-11-25,,
30189326,2024-11-25,,
30189935,2024-11-25,,
30191221,2024-11-25,,
30192404,2024-11-25,,
30192700,2024-11-25,,
30193268,2024-11-25,,
30193419,2024-11-25,,
30193994,2024-11-26,,
30194130,2024-11-26,,
30195233,2024-11-26,,
30195437,2024-11-26,,
30196907,2024-11-26,,
30197148,2024-11-26,,
30197275,2024-11-26,,
30197572,2024-11-26,,
30200636,2024-11-26,,
30208190,2024-11-26,,
30215025,2024-11-26,,
30215122,2024-11-26,,
30219347,2024-11-26,,
30219991,2024-11-26,,
30221172,2024-11-26,,
30223084,2024-11-27,,
30223342,2024-11-27,,
30223619,2024-11-27,,
30223776,2024-11-27,,
30224775,2024-11-27,,
30225764,2024-11-27,,
30230638,2024-11-27,,
30232741,2024-11-27,,
30242884,2024-11-27,,
30243145,2024-11-27,,
30245488,2024-11-27,,
30248311,2024-11-27,,
30252685,2024-11-28,,
30273771,2024-11-28,,
30273794,2024-11-28,,
30275202,2024-11-29,,
30298011,2024-11-29,,
30298663,2024-11-29,,
30299045,2024-11-30,,
30299825,2024-11-30,,
30300526,2024-11-30,,
30309079,2024-11-30,,
30309935,2024-11-30,,
30315738,2024-11-30,,
30316734,2024-11-30,,
30317603,2024-11-30,,
30319889,2024-12-01,,
30320642,2024-12-01,,
30322108,2024-12-01,,
30325256,2024-12-01,,
30328950,2024-12-01,,
30331880,2024-12-01,,
30336377,2024-12-02,,
30337245,2024-12-02,,
30338365,2024-12-02,,
30338508,2024-12-02,,
30339971,2024-12-02,,
30346004,2024-12-02,,
30351516,2024-12-02,,
30352509,2024-12-02,,
30356588,2024-12-02,,
30363506,2024-12-02,,
30365807,2024-12-02,,
30368985,2024-12-03,,
30369959,2024-12-03,,
30374964,2024-12-03,,
30381121,2024-12-03,,
30383308,2024-12-03,,
30389114,2024-12-03,,
30389363,2024-12-03,,
30389897,2024-12-03,,
30390087,2024-12-03,,
30390153,2024-12-03,,
30394252,2024-12-03,,
30394533,2024-12-03,,
30395190,2024-12-03,,
30395737,2024-12-03,,
30396023,2024-12-03,,
30398377,2024-12-04,,
30399026,2024-12-04,,
30399536,2024-12-04,,
30399884,2024-12-04,,
30401339,2024-12-04,,
30405569,2024-12-04,,
30407909,2024-12-04,,
30415075,2024-12-04,,
30417789,2024-12-04,,
30420409,2024-12-04,,
30422051,2024-12-04,,
30422083,2024-12-04,,
30423046,2024-12-04,,
30423360,2024-12-04,,
30425000,2024-12-04,,
30425050,2024-12-04,,
30425141,2024-12-04,,
30425276,2024-12-04,,
30425800,2024-12-05,,
30426572,2024-12-05,,
30426581,2024-12-05,,
30426721,2024-12-05,,
30426738,2024-12-05,,
30427497,2024-12-05,,
30427678,2024-12-05,,
30428430,2024-12-05,,
30429353,2024-12-05,,
30430812,2024-12-05,,
30432824,2024-12-05,,
30447853,2024-12-05,,
30448365,2024-12-05,,
30449614,2024-12-05,,
30450990,2024-12-05,,
30451346,2024-12-05,,
30458881,2024-12-06,,
30461307,2024-12-06,,
30462194,2024-12-06,,
30463322,2024-12-06,,
30470803,2024-12-06,,
30477696,2024-12-06,,
30478983,2024-12-06,,
30481714,2024-12-07,,
30490486,2024-12-07,,
30494100,2024-12-07,,
30494243,2024-12-07,,
30497119,2024-12-07,,
30498063,2024-12-07,,
30503454,2024-12-08,,
30507855,2024-12-08,,
30509062,2024-12-08,,
30513662,2024-12-08,,
30515214,2024-12-09,,
30515767,2024-12-09,,
30515837,2024-12-09,,
30521776,2024-12-09,,
30534371,2024-12-09,,
30535994,2024-12-09,,
30537760,2024-12-09,,
30541266,2024-12-09,,
30541982,2024-12-09,,
30542335,2024-12-10,,
30563204,2024-12-10,,
30569847,2024-12-10,,
30570003,2024-12-10,,
30570856,2024-12-10,,
30571514,2024-12-10,,
30571938,2024-12-10,,
30573013,2024-12-11,,
30584279,2024-12-11,,
30589773,2024-12-11,,
30594890,2024-12-11,,
30594936,2024-12-11,,
30596613,2024-12-11,,
30598830,2024-12-11,,
30599554,2024-12-11,,
30600560,2024-12-12,,
30601944,2024-12-12,,
30602097,2024-12-12,,
30605048,2024-12-12,,
30612457,2024-12-12,,
30619805,2024-12-12,,
30620261,2024-12-12,,
30623074,2024-12-12,,
30624721,2024-12-12,,
30628576,2024-12-12,,
30628799,2024-12-12,,
30628800,2024-12-12,,
30629449,2024-12-12,,
30629456,2024-12-13,,
30631675,2024-12-13,,
30632717,2024-12-13,,
30636350,2024-12-13,,
30637761,2024-12-13,,
30645094,2024-12-13,,
30652323,2024-12-13,,
30653233,2024-12-13,,
30653376,2024-12-13,,
30653531,2024-12-13,,
30654791,2024-12-13,,
30655635,2024-12-14,,
30655658,2024-12-14,,
30655760,2024-12-14,,
30655850,2024-12-14,,
30656404,2024-12-14,,
30657452,2024-12-14,,
30658935,2024-12-14,,
30669382,2024-12-14,,
30671256,2024-12-14,,
30673240,2024-12-14,,
30673906,2024-12-15,,
30674144,2024-12-15,,
30674916,2024-12-15,,
30675549,2024-12-15,,
30678199,2024-12-15,,
30680444,2024-12-15,,
30685311,2024-12-15,,
30687224,2024-12-15,,
30687621,2024-12-15,,
30687956,2024-12-16,,
30688423,2024-12-16,,
30688852,2024-12-16,,
30689157,2024-12-16,,
30689180,2024-12-16,,
30690407,2024-12-16,,
30697536,2024-12-16,,
30698762,2024-12-16,,
30709666,2024-12-16,,
30714409,2024-12-16,,
30714881,2024-12-16,,
30731508,2024-12-17,,
30737970,2024-12-17,,
30739651,2024-12-17,,
30743145,2024-12-17,,
30743220,2024-12-18,,
30743715,2024-12-18,,
30751225,2024-12-18,,
30753177,2024-12-18,,
30754688,2024-12-18,,
30761812,2024-12-18,,
30762085,2024-12-18,,
30762664,2024-12-18,,
30764956,2024-12-18,,
30769313,2024-12-18,,
30770310,2024-12-18,,
30791668,2024-12-19,,
30794697,2024-12-19,,
30795284,2024-12-19,,
30797824,2024-12-19,,
30798519,2024-12-19,,
30798705,2024-12-19,,
30798828,2024-12-19,,
30799140,2024-12-20,,
30800217,2024-12-20,,
30805907,2024-12-20,,
30811647,2024-12-20,,
30816920,2024-12-20,,
30820875,2024-12-20,,
30820876,2024-12-20,,
30820882,2024-12-20,,
30822087,2024-12-20,,
30822251,2024-12-20,,
30822417,2024-12-20,,
30823595,2024-12-20,,
30824614,2024-12-21,,
30824681,2024-12-21,,
30825148,2024-12-21,,
30826148,2024-12-21,,
30826519,2024-12-21,,
30836158,2024-12-21,,
30838912,2024-12-21,,
30839194,2024-12-21,,
30839483,2024-12-21,,
30839826,2024-12-21,,
30839929,2024-12-21,,
30842230,2024-12-21,,
30843290,2024-12-21,,
30844487,2024-12-22,,
30845018,2024-12-22,,
30845633,2024-12-22,,
30845645,2024-12-22,,
30845854,2024-12-22,,
30845884,2024-12-22,,
30853107,2024-12-22,,
30854151,2024-12-22,,
30854748,2024-12-22,,
30854873,2024-12-22,,
30856589,2024-12-22,,
30856729,2024-12-22,,
30857206,2024-12-22,,
30857347,2024-12-22,,
30857719,2024-12-22,,
30858211,2024-12-22,,
30858713,2024-12-22,,
30859537,2024-12-23,,
30859825,2024-12-23,,
30860036,2024-12-23,,
30860132,2024-12-23,,
30860947,2024-12-23,,
30861895,2024-12-23,,
30862998,2024-12-23,,
30863621,2024-12-23,,
30864637,2024-12-23,,
30867565,2024-12-23,,
30870645,2024-12-23,,
30875612,2024-12-23,,
30876974,2024-12-23,,
30877430,2024-12-23,,
30877557,2024-12-23,,
30877593,2024-12-23,,
30879046,2024-12-23,,
30880037,2024-12-23,,
30880238,2024-12-23,,
30880661,2024-12-23,,
30881099,2024-12-23,,
30881264,2024-12-23,,
30882090,2024-12-23,,
30882094,2024-12-23,,
30882225,2024-12-23,,
30882423,2024-12-23,,
30885026,2024-12-23,,
30885065,2024-12-23,,
30885111,2024-12-24,,
30885335,2024-12-24,,
30885785,2024-12-24,,
30886024,2024-12-24,,
30886054,2024-12-24,,
30886605,2024-12-24,,
30886890,2024-12-24,,
30887380,2024-12-24,,
30889237,2024-12-24,,
30889625,2024-12-24,,
30891039,2024-12-24,,
30892752,2024-12-24,,
30901857,2024-12-24,,
30903369,2024-12-24,,
30903952,2024-12-24,,
30904068,2024-12-24,,
30904450,2024-12-24,,
30904759,2024-12-24,,
30905900,2024-12-24,,
30907212,2024-12-24,,
30907240,2024-12-24,,
30907389,2024-12-24,,
30907534,2024-12-24,,
30907558,2024-12-24,,
30908110,2024-12-24,,
30909329,2024-12-24,,
30909659,2024-12-25,,
30909698,2024-12-25,,
30909802,2024-12-25,,
30909928,2024-12-25,,
30909940,2024-12-25,,
30910100,2024-12-25,,
30910227,2024-12-25,,
30910449,2024-12-25,,
30910959,2024-12-25,,
30911064,2024-12-25,,
30911246,2024-12-25,,
30911343,2024-12-25,,
30911417,2024-12-25,,
30911978,2024-12-25,,
30912456,2024-12-25,,
30914507,2024-12-25,,
30914969,2024-12-25,,
30915099,2024-12-25,,
30915302,2024-12-25,,
30915312,2024-12-25,,
30917031,2024-12-25,,
30917374,2024-12-25,,
30918768,2024-12-25,,
30920806,2024-12-25,,
30920875,2024-12-25,,
30921357,2024-12-25,,
30921497,2024-12-25,,
30922009,2024-12-25,,
30923248,2024-12-25,,
30923461,2024-12-25,,
30924185,2024-12-25,,
30924285,2024-12-25,,
30924757,2024-12-25,,
30924890,2024-12-25,,
30925314,2024-12-25,,
30925856,2024-12-25,,
30926605,2024-12-25,,
30926636,2024-12-25,,
30926816,2024-12-25,,
30926978,2024-12-25,,
30927191,2024-12-25,,
30927246,2024-12-25,,
30927360,2024-12-25,,
30927452,2024-12-26,,
30927503,2024-12-26,,
30927738,2024-12-26,,
30927836,2024-12-26,,
30927852,2024-12-26,,
30927947,2024-12-26,,
30928000,2024-12-26,,
30928063,2024-12-26,,
30928115,2024-12-26,,
30928664,2024-12-26,,
30928887,2024-12-26,,
30928997,2024-12-26,,
30929080,2024-12-26,,
30929111,2024-12-26,,
30929153,2024-12-26,,
30929230,2024-12-26,,
30929250,2024-12-26,,
30929255,2024-12-26,,
30929624,2024-12-26,,
30929809,2024-12-26,,
30929876,2024-12-26,,
30929892,2024-12-26,,
30929933,2024-12-26,,
30930082,2024-12-26,,
30930106,2024-12-26,,
30930401,2024-12-26,,
30931016,2024-12-26,,
30931255,2024-12-26,,
30931373,2024-12-26,,
30932721,2024-12-26,,
30933335,2024-12-26,,
30934666,2024-12-26,,
30936822,2024-12-26,,
30939321,2024-12-26,,
30940559,2024-12-26,,
30941367,2024-12-26,,
30944313,2024-12-26,,
30946495,2024-12-26,,
30946856,2024-12-26,,
30948184,2024-12-26,,
30949444,2024-12-26,,
30950512,2024-12-26,,
30950732,2024-12-26,,
30950759,2024-12-26,,
30951505,2024-12-26,,
30952239,2024-12-26,,
30953057,2024-12-26,,
30953141,2024-12-26,,
30954980,2024-12-27,,
30956232,2024-12-27,,
30956308,2024-12-27,,
30961677,2024-12-27,,
30961772,2024-12-27,,
30965024,2024-12-27,,
30970931,2024-12-27,,
30975609,2024-12-27,,
30976912,2024-12-27,,
30980917,2024-12-28,,
30984591,2024-12-28,,
30992280,2024-12-28,,
30992642,2024-12-28,,
30994194,2024-12-28,,
30995104,2024-12-28,,
30997508,2024-12-28,,
30997574,2024-12-28,,
30998717,2024-12-28,,
30998945,2024-12-28,,
31000221,2024-12-29,,
31001056,2024-12-29,,
31001543,2024-12-29,,
31002808,2024-12-29,,
31008751,2024-12-29,,
31012322,2024-12-29,,
31013000,2024-12-29,,
31014078,2024-12-29,,
31017290,2024-12-30,,
31018796,2024-12-30,,
31019627,2024-12-30,,
31020356,2024-12-30,,
31021100,2024-12-30,,
31031745,2024-12-30,,
31038591,2024-12-30,,
31040694,2024-12-30,,
31042125,2024-12-30,,
31044225,2024-12-30,,
31044430,2024-12-30,,
31045114,2024-12-30,,
31046574,2024-12-31,,
31046867,2024-12-31,,
31046910,2024-12-31,,
31047024,2024-12-31,,
31047837,2024-12-31,,
31048839,2024-12-31,,
31051349,2024-12-31,,
31063996,2024-12-31,,
31064659,2024-12-31,,
31066077,2024-12-31,,
31070590,2024-12-31,,
31071034,2024-12-31,,
31071985,2024-12-31,,
31072504,2024-12-31,,
31074834,2025-01-01,,
31075612,2025-01-01,,
31086367,2025-01-01,,
31094127,2025-01-01,,
31095252,2025-01-01,,
31096450,2025-01-01,,
31096615,2025-01-01,,
31101825,2025-01-02,,
31121249,2025-01-02,,
31124095,2025-01-02,,
31126208,2025-01-02,,
31130141,2025-01-02,,
31130662,2025-01-02,,
31131191,2025-01-03,,
31132734,2025-01-03,,
31134040,2025-01-03,,
31151965,2025-01-03,,
31152309,2025-01-03,,
31152667,2025-01-03,,
31152789,2025-01-03,,
31154904,2025-01-03,,
31156338,2025-01-03,,
31160694,2025-01-04,,
31179842,2025-01-04,,
31180991,2025-01-04,,
31181276,2025-01-04,,
31181670,2025-01-04,,
31182510,2025-01-04,,
31182937,2025-01-04,,
31183692,2025-01-05,,
31183696,2025-01-05,,
31183735,2025-01-05,,
31184292,2025-01-05,,
31184711,2025-01-05,,
31184782,2025-01-05,,
31185174,2025-01-05,,
31185334,2025-01-05,,
31185376,2025-01-05,,
31194894,2025-01-05,,
31198428,2025-01-05,,
31215331,2025-01-06,,
31219023,2025-01-06,,
31225273,2025-01-06,,
31227388,2025-01-06,,
31232338,2025-01-06,,
31233590,2025-01-06,,
31235319,2025-01-06,,
31239686,2025-01-07,,
31261011,2025-01-07,,
31264805,2025-01-07,,
31266400,2025-01-07,,
31266417,2025-01-07,,
31267109,2025-01-07,,
31267531,2025-01-07,,
31270496,2025-01-07,,
31271201,2025-01-08,,
31274324,2025-01-08,,
31280787,2025-01-08,,
31281566,2025-01-08,,
31286226,2025-01-08,,
31297911,2025-01-08,,
31299092,2025-01-08,,
31299532,2025-01-08,,
31300144,2025-01-08,,
31303310,2025-01-08,,
31306010,2025-01-09,,
31306220,2025-01-09,,
31308100,2025-01-09,,
31308981,2025-01-09,,
31315489,2025-01-09,,
31327568,2025-01-09,,
31331126,2025-01-09,,
31331612,2025-01-09,,
31334489,2025-01-09,,
31336175,2025-01-09,,
31337854,2025-01-10,,
31365456,2025-01-10,,
31366047,2025-01-10,,
31367654,2025-01-11,,
31380594,2025-01-11,,
31402487,2025-01-12,,
31405416,2025-01-12,,
31405426,2025-01-12,,
31405998,2025-01-12,,
31407805,2025-01-12,,
31408567,2025-01-12,,
31408675,2025-01-12,,
31411362,2025-01-13,,
31419178,2025-01-13,,
31428282,2025-01-13,,
31432384,2025-01-13,,
31436844,2025-01-13,,
31439275,2025-01-13,,
31439440,2025-01-13,,
31440212,2025-01-13,,
31440582,2025-01-13,,
31441174,2025-01-13,,
31443321,2025-01-14,,
31443538,2025-01-14,,
31448025,2025-01-14,,
31458511,2025-01-14,,
31462145,2025-01-14,,
31465733,2025-01-14,,
31468604,2025-01-14,,
31470333,2025-01-14,,
31472954,2025-01-14,,
31473636,2025-01-14,,
31474655,2025-01-14,,
31475908,2025-01-15,,
31479389,2025-01-15,,
31480486,2025-01-15,,
31493293,2025-01-15,,
31496523,2025-01-15,,
31502335,2025-01-15,,
31503343,2025-01-15,,
31504540,2025-01-15,,
31506441,2025-01-15,,
31507564,2025-01-16,,
31507791,2025-01-16,,
31507808,2025-01-16,,
31508975,2025-01-16,,
31512016,2025-01-16,,
31512823,2025-01-16,,
31528071,2025-01-16,,
31531576,2025-01-16,,
31533695,2025-01-16,,
31535255,2025-01-16,,
31537091,2025-01-16,,
31537706,2025-01-16,,
31537951,2025-01-16,,
31538414,2025-01-16,,
31538465,2025-01-16,,
31539276,2025-01-16,,
31544411,2025-01-17,,
31562015,2025-01-17,,
31568145,2025-01-17,,
31568600,2025-01-17,,
31569699,2025-01-17,,
31569958,2025-01-17,,
31571481,2025-01-18,,
31571649,2025-01-18,,
31571895,2025-01-18,,
31573142,2025-01-18,,
31574786,2025-01-18,,
31581098,2025-01-18,,
31588098,2025-01-18,,
31590122,2025-01-18,,
31590896,2025-01-18,,
31592890,2025-01-18,,
31594579,2025-01-18,,
31595106,2025-01-18,,
31597503,2025-01-19,,
31599637,2025-01-19,,
31601255,2025-01-19,,
31607597,2025-01-19,,
31609272,2025-01-19,,
31610750,2025-01-19,,
31610756,2025-01-19,,
31611630,2025-01-19,,
31612619,2025-01-19,,
31614456,2025-01-19,,
31614492,2025-01-19,,
31614959,2025-01-19,,
31615338,2025-01-20,,
31615358,2025-01-20,,
31616124,2025-01-20,,
31616471,2025-01-20,,
31618010,2025-01-20,,
31618211,2025-01-20,,
31619699,2025-01-20,,
31621583,2025-01-20,,
31629311,2025-01-20,,
31636711,2025-01-20,,
31638941,2025-01-20,,
31641159,2025-01-20,,
31641205,2025-01-20,,
31641827,2025-01-20,,
31644156,2025-01-20,,
31644559,2025-01-20,,
31644821,2025-01-20,,
31646247,2025-01-20,,
31649122,2025-01-21,,
31649400,2025-01-21,,
31649730,2025-01-21,,
31650345,2025-01-21,,
31652098,2025-01-21,,
31653034,2025-01-21,,
31654880,2025-01-21,,
31658372,2025-01-21,,
31663015,2025-01-21,,
31666148,2025-01-21,,
31666387,2025-01-21,,
31667949,2025-01-21,,
31668051,2025-01-21,,
31668920,2025-01-21,,
31669009,2025-01-21,,
31669016,2025-01-21,,
31669332,2025-01-21,,
31669853,2025-01-21,,
31669869,2025-01-21,,
31671008,2025-01-21,,
31671035,2025-01-21,,
31671267,2025-01-21,,
31671391,2025-01-21,,
31671437,2025-01-21,,
31671477,2025-01-21,,
31671968,2025-01-21,,
31672043,2025-01-21,,
31672061,2025-01-21,,
31672155,2025-01-21,,
31672589,2025-01-21,,
31674049,2025-01-21,,
31674178,2025-01-21,,
31674878,2025-01-21,,
31675056,2025-01-21,,
31675400,2025-01-21,,
31675739,2025-01-21,,
31676405,2025-01-21,,
31676521,2025-01-21,,
31676593,2025-01-21,,
31676620,2025-01-21,,
31676665,2025-01-21,,
31676734,2025-01-21,,
31677256,2025-01-21,,
31677319,2025-01-21,,
31677892,2025-01-21,,
31678044,2025-01-21,,
31678356,2025-01-21,,
31678608,2025-01-21,,
31678742,2025-01-21,,
31680368,2025-01-21,,
31680462,2025-01-21,,
31680954,2025-01-21,,
31680999,2025-01-21,,
31681029,2025-01-21,,
31681140,2025-01-21,,
31681346,2025-01-21,,
31681355,2025-01-21,,
31681787,2025-01-21,,
31682114,2025-01-21,,
31682656,2025-01-21,,
31683191,2025-01-21,,
31684378,2025-01-21,,
31684828,2025-01-21,,
31685278,2025-01-21,,
31685564,2025-01-22,,
31685572,2025-01-22,,
31686091,2025-01-22,,
31686313,2025-01-22,,
31686323,2025-01-22,,
31686673,2025-01-22,,
31686752,2025-01-22,,
31686781,2025-01-22,,
31686995,2025-01-22,,
31687003,2025-01-22,,
31687141,2025-01-22,,
31687513,2025-01-22,,
31687545,2025-01-22,,
31687789,2025-01-22,,
31687881,2025-01-22,,
31687972,2025-01-22,,
31689067,2025-01-22,,
31689548,2025-01-22,,
31690206,2025-01-22,,
31690842,2025-01-22,,
31690849,2025-01-22,,
31691014,2025-01-22,,
31691295,2025-01-22,,
31694560,2025-01-22,,
31697897,2025-01-22,,
31700803,2025-01-22,,
31701657,2025-01-22,,
31702011,2025-01-22,,
31707398,2025-01-22,,
31708098,2025-01-22,,
31708484,2025-01-22,,
31708669,2025-01-22,,
31709198,2025-01-22,,
31709999,2025-01-22,,
31710095,2025-01-22,,
31710220,2025-01-22,,
31710399,2025-01-22,,
31710641,2025-01-22,,
31710680,2025-01-22,,
31711755,2025-01-22,,
31711920,2025-01-22,,
31712004,2025-01-22,,
31713724,2025-01-22,,
31713911,2025-01-22,,
31714161,2025-01-22,,
31714235,2025-01-22,,
31714489,2025-01-22,,
31715072,2025-01-22,,
31715138,2025-01-22,,
31715371,2025-01-22,,
31715551,2025-01-22,,
31715552,2025-01-22,,
31716281,2025-01-22,,
31716305,2025-01-22,,
31716752,2025-01-22,,
31717164,2025-01-22,,
31717399,2025-01-22,,
31717754,2025-01-22,,
31717834,2025-01-22,,
31717911,2025-01-22,,
31717939,2025-01-22,,
31718202,2025-01-22,,
31718415,2025-01-22,,
31718418,2025-01-22,,
31718472,2025-01-22,,
31718525,2025-01-22,,
31718530,2025-01-22,,
31718624,2025-01-22,,
31718749,2025-01-22,,
31718814,2025-01-22,,
31719099,2025-01-22,,
31719269,2025-01-22,,
31719364,2025-01-22,,
31719413,2025-01-22,,
31720084,2025-01-22,,
31720093,2025-01-22,,
31720278,2025-01-22,,
31720342,2025-01-22,,
31720439,2025-01-22,,
31720490,2025-01-22,,
31720649,2025-01-23,,
31720684,2025-01-23,,
31720927,2025-01-23,,
31720977,2025-01-23,,
31721057,2025-01-23,,
31721228,2025-01-23,,
31721425,2025-01-23,,
31721448,2025-01-23,,
31721632,2025-01-23,,
31722499,2025-01-23,,
31723402,2025-01-23,,
31723447,2025-01-23,,
31724746,2025-01-23,,
31725053,2025-01-23,,
31725232,2025-01-23,,
31725313,2025-01-23,,
31726159,2025-01-23,,
31726311,2025-01-23,,
31727340,2025-01-23,,
31727942,2025-01-23,,
31729071,2025-01-23,,
31729229,2025-01-23,,
31732930,2025-01-23,,
31735731,2025-01-23,,
31737260,2025-01-23,,
31739036,2025-01-23,,
31739471,2025-01-23,,
31741712,2025-01-23,,
31741903,2025-01-23,,
31742043,2025-01-23,,
31742560,2025-01-23,,
31742918,2025-01-23,,
31742974,2025-01-23,,
31743075,2025-01-23,,
31743322,2025-01-23,,
31743729,2025-01-23,,
31743820,2025-01-23,,
31743994,2025-01-23,,
31744069,2025-01-23,,
31744078,2025-01-23,,
31744568,2025-01-23,,
31745514,2025-01-23,,
31745828,2025-01-23,,
31746366,2025-01-23,,
31746438,2025-01-23,,
31746632,2025-01-23,,
31746746,2025-01-23,,
31746902,2025-01-23,,
31747066,2025-01-23,,
31747410,2025-01-23,,
31747525,2025-01-23,,
31747526,2025-01-23,,
31747621,2025-01-23,,
31747943,2025-01-23,,
31747966,2025-01-23,,
31748492,2025-01-23,,
31748938,2025-01-23,,
31748966,2025-01-23,,
31749196,2025-01-23,,
31749316,2025-01-23,,
31749587,2025-01-23,,
31749701,2025-01-23,,
31750057,2025-01-23,,
31750183,2025-01-23,,
31750469,2025-01-23,,
31750914,2025-01-23,,
31750919,2025-01-23,,
31751512,2025-01-23,,
31751715,2025-01-23,,
31752340,2025-01-23,,
31752657,2025-01-23,,
31752669,2025-01-23,,
31752823,2025-01-23,,
31752865,2025-01-23,,
31752926,2025-01-23,,
31753034,2025-01-23,,
31753566,2025-01-23,,
31753790,2025-01-24,,
31754231,2025-01-24,,
31754408,2025-01-24,,
31754754,2025-01-24,,
31754937,2025-01-24,,
31755601,2025-01-24,,
31755603,2025-01-24,,
31756037,2025-01-24,,
31756144,2025-01-24,,
31756189,2025-01-24,,
31756327,2025-01-24,,
31756410,2025-01-24,,
31757276,2025-01-24,,
31757415,2025-01-24,,
31757648,2025-01-24,,
31758276,2025-01-24,,
31758340,2025-01-24,,
31758618,2025-01-24,,
31758652,2025-01-24,,
31759039,2025-01-24,,
31759948,2025-01-24,,
31760639,2025-01-24,,
31762241,2025-01-24,,
31763232,2025-01-24,,
31763249,2025-01-24,,
31763264,2025-01-24,,
31763637,2025-01-24,,
31766518,2025-01-24,,
31766795,2025-01-24,,
31767745,2025-01-24,,
31768878,2025-01-24,,
31769343,2025-01-24,,
31769454,2025-01-24,,
31770727,2025-01-24,,
31770816,2025-01-24,,
31771066,2025-01-24,,
31771197,2025-01-24,,
31771294,2025-01-24,,
31772165,2025-01-24,,
31772362,2025-01-24,,
31772530,2025-01-24,,
31772586,2025-01-24,,
31773151,2025-01-24,,
31773179,2025-01-24,,
31773582,2025-01-24,,
31774052,2025-01-24,,
31774703,2025-01-24,,
31774833,2025-01-24,,
31774952,2025-01-24,,
31774960,2025-01-24,,
31774972,2025-01-24,,
31775409,2025-01-24,,
31775461,2025-01-24,,
31775594,2025-01-24,,
31775967,2025-01-24,,
31776225,2025-01-24,,
31776685,2025-01-24,,
31777584,2025-01-24,,
31778213,2025-01-24,,
31778253,2025-01-24,,
31778618,2025-01-24,,
31778712,2025-01-24,,
31778734,2025-01-24,,
31778765,2025-01-24,,
31778855,2025-01-24,,
31778948,2025-01-24,,
31779625,2025-01-24,,
31779871,2025-01-24,,
31779898,2025-01-24,,
31779918,2025-01-24,,
31780113,2025-01-24,,
31780146,2025-01-24,,
31780191,2025-01-24,,
31780254,2025-01-24,,
31780304,2025-01-24,,
31780785,2025-01-24,,
31780803,2025-01-24,,
31781517,2025-01-24,,
31781697,2025-01-24,,
31781767,2025-01-24,,
31781930,2025-01-24,,
31781999,2025-01-24,,
31782112,2025-01-24,,
31782723,2025-01-25,,
31782765,2025-01-25,,
31782807,2025-01-25,,
31782852,2025-01-25,,
31782870,2025-01-25,,
31782996,2025-01-25,,
31783051,2025-01-25,,
31783083,2025-01-25,,
31783176,2025-01-25,,
31783316,2025-01-25,,
31783336,2025-01-25,,
31783350,2025-01-25,,
31783420,2025-01-25,,
31783455,2025-01-25,,
31783457,2025-01-25,,
31783502,2025-01-25,,
31783530,2025-01-25,,
31783695,2025-01-25,,
31783796,2025-01-25,,
31783955,2025-01-25,,
31783985,2025-01-25,,
31784005,2025-01-25,,
31784070,2025-01-25,,
31784239,2025-01-25,,
31784270,2025-01-25,,
31784587,2025-01-25,,
31784734,2025-01-25,,
31784993,2025-01-25,,
31785091,2025-01-25,,
31785110,2025-01-25,,
31785140,2025-01-25,,
31785196,2025-01-25,,
31785722,2025-01-25,,
31786359,2025-01-25,,
31786459,2025-01-25,,
31786975,2025-01-25,,
31787600,2025-01-25,,
31788082,2025-01-25,,
31789813,2025-01-25,,
31790151,2025-01-25,,
31790852,2025-01-25,,
31793086,2025-01-25,,
31794454,2025-01-25,,
31794703,2025-01-25,,
31795517,2025-01-25,,
31796850,2025-01-25,,
31796941,2025-01-25,,
31797153,2025-01-25,,
31797173,2025-01-25,,
31797189,2025-01-25,,
31797410,2025-01-25,,
31797798,2025-01-25,,
31797905,2025-01-25,,
31798176,2025-01-25,,
31798379,2025-01-25,,
31798515,2025-01-25,,
31798551,2025-01-25,,
31798660,2025-01-25,,
31798711,2025-01-25,,
31798909,2025-01-25,,
31798916,2025-01-25,,
31799152,2025-01-25,,
31799167,2025-01-25,,
31800291,2025-01-25,,
31800342,2025-01-25,,
31800394,2025-01-25,,
31800560,2025-01-25,,
31800891,2025-01-25,,
31800914,2025-01-25,,
31801059,2025-01-25,,
31801197,2025-01-25,,
31801201,2025-01-25,,
31801204,2025-01-25,,
31801592,2025-01-25,,
31802213,2025-01-25,,
31802324,2025-01-25,,
31802445,2025-01-25,,
31802629,2025-01-25,,
31802637,2025-01-25,,
31802948,2025-01-25,,
31803093,2025-01-25,,
31803109,2025-01-25,,
31803471,2025-01-25,,
31803686,2025-01-25,,
31803700,2025-01-25,,
31803774,2025-01-25,,
31803917,2025-01-25,,
31803958,2025-01-25,,
31803968,2025-01-25,,
31804014,2025-01-25,,
31804313,2025-01-25,,
31804542,2025-01-25,,
31804625,2025-01-25,,
31804920,2025-01-25,,
31805040,2025-01-25,,
31805112,2025-01-25,,
31805159,2025-01-25,,
31805280,2025-01-25,,
31805329,2025-01-25,,
31805351,2025-01-25,,
31805396,2025-01-25,,
31805493,2025-01-25,,
31805545,2025-01-25,,
31805566,2025-01-25,,
31805654,2025-01-25,,
31805953,2025-01-26,,
31805954,2025-01-26,,
31806133,2025-01-26,,
31806167,2025-01-26,,
31806241,2025-01-26,,
31806362,2025-01-26,,
31806409,2025-01-26,,
31806416,2025-01-26,,
31806568,2025-01-26,,
31806587,2025-01-26,,
31806624,2025-01-26,,
31806708,2025-01-26,,
31806807,2025-01-26,,
31806879,2025-01-26,,
31806892,2025-01-26,,
31806933,2025-01-26,,
31806961,2025-01-26,,
31806973,2025-01-26,,
31807160,2025-01-26,,
31807190,2025-01-26,,
31807248,2025-01-26,,
31807331,2025-01-26,,
31807450,2025-01-26,,
31807574,2025-01-26,,
31807588,2025-01-26,,
31807606,2025-01-26,,
31807643,2025-01-26,,
31807660,2025-01-26,,
31807868,2025-01-26,,
31807936,2025-01-26,,
31808079,2025-01-26,,
31808240,2025-01-26,,
31808891,2025-01-26,,
31808931,2025-01-26,,
31808946,2025-01-26,,
31808995,2025-01-26,,
31809088,2025-01-26,,
31809173,2025-01-26,,
31809245,2025-01-26,,
31809296,2025-01-26,,
31809656,2025-01-26,,
31809883,2025-01-26,,
31810123,2025-01-26,,
31810484,2025-01-26,,
31811241,2025-01-26,,
31812428,2025-01-26,,
31813218,2025-01-26,,
31813563,2025-01-26,,
31815573,2025-01-26,,
31816019,2025-01-26,,
31816078,2025-01-26,,
31816160,2025-01-26,,
31817101,2025-01-26,,
31817662,2025-01-26,,
31817899,2025-01-26,,
31818038,2025-01-26,,
31818126,2025-01-26,,
31819039,2025-01-26,,
31819040,2025-01-26,,
31819226,2025-01-26,,
31819365,2025-01-26,,
31820253,2025-01-26,,
31820464,2025-01-26,,
31821091,2025-01-26,,
31821527,2025-01-26,,
31821577,2025-01-26,,
31821720,2025-01-26,,
31821761,2025-01-26,,
31821770,2025-01-26,,
31821831,2025-01-26,,
31822635,2025-01-26,,
31822975,2025-01-26,,
31823402,2025-01-27,,
31824095,2025-01-27,,
31824557,2025-01-27,,
31824818,2025-01-27,,
31824990,2025-01-27,,
31825317,2025-01-27,,
31825773,2025-01-27,,
31826241,2025-01-27,,
31827344,2025-01-27,,
31829465,2025-01-27,,
31832331,2025-01-27,,
31836711,2025-01-27,,
31842803,2025-01-27,,
31843539,2025-01-27,,
31845507,2025-01-27,,
31846882,2025-01-27,,
31849548,2025-01-27,,
31849971,2025-01-27,,
31849996,2025-01-27,,
31851184,2025-01-27,,
31852227,2025-01-27,,
31853534,2025-01-27,,
31854890,2025-01-27,,
31855435,2025-01-28,,
31856590,2025-01-28,,
31857695,2025-01-28,,
31859911,2025-01-28,,
31862407,2025-01-28,,
31873685,2025-01-28,,
31873811,2025-01-28,,
31876286,2025-01-28,,
31877964,2025-01-28,,
31878514,2025-01-28,,
31878919,2025-01-28,,
31882212,2025-01-28,,
31882734,2025-01-28,,
31883132,2025-01-28,,
31883405,2025-01-28,,
31883827,2025-01-28,,
31883948,2025-01-28,,
31892428,2025-01-29,,
31899569,2025-01-29,,
31906464,2025-01-29,,
31909757,2025-01-29,,
31910367,2025-01-29,,
31911130,2025-01-29,,
31911931,2025-01-29,,
31914503,2025-01-29,,
31915848,2025-01-29,,
31916978,2025-01-29,,
31917550,2025-01-29,,
31917862,2025-01-29,,
31919407,2025-01-29,,
31920047,2025-01-29,,
31920594,2025-01-29,,
31920653,2025-01-30,,
31921778,2025-01-30,,
31921845,2025-01-30,,
31922919,2025-01-30,,
31923908,2025-01-30,,
31925079,2025-01-30,,
31925105,2025-01-30,,
31925544,2025-01-30,,
31927565,2025-01-30,,
31927788,2025-01-30,,
31942784,2025-01-30,,
31943859,2025-01-30,,
31945439,2025-01-30,,
31945754,2025-01-30,,
31946300,2025-01-30,,
31949709,2025-01-30,,
31951258,2025-01-31,,
31951651,2025-01-31,,
31952348,2025-01-31,,
31953037,2025-01-31,,
31953589,2025-01-31,,
31958499,2025-01-31,,
31967782,2025-01-31,,
31968043,2025-01-31,,
31968055,2025-01-31,,
31970885,2025-01-31,,
31973074,2025-01-31,,
31974164,2025-01-31,,
31974200,2025-01-31,,
31978734,2025-02-01,,
31988482,2025-02-01,,
31991591,2025-02-01,,
31994690,2025-02-01,,
31996053,2025-02-02,,
31996744,2025-02-02,,
31997080,2025-02-02,,
31997982,2025-02-02,,
31999933,2025-02-02,,
32002236,2025-02-02,,
32005274,2025-02-02,,
32007919,2025-02-02,,
32008134,2025-02-02,,
32008200,2025-02-02,,
32009108,2025-02-02,,
32010936,2025-02-02,,
32011115,2025-02-03,,
32011661,2025-02-03,,
32015140,2025-02-03,,
32016708,2025-02-03,,
32024960,2025-02-03,,
32024969,2025-02-03,,
32031875,2025-02-03,,
32032923,2025-02-03,,
32033923,2025-02-03,,
32034221,2025-02-03,,
32034409,2025-02-03,,
32035229,2025-02-03,,
32035987,2025-02-03,,
32036282,2025-02-03,,
32037360,2025-02-04,,
32037643,2025-02-04,,
32039194,2025-02-04,,
32040121,2025-02-04,,
32040495,2025-02-04,,
32041069,2025-02-04,,
32041535,2025-02-04,,
32050215,2025-02-04,,
32051325,2025-02-04,,
32057416,2025-02-04,,
32057961,2025-02-04,,
32058066,2025-02-04,,
32060494,2025-02-04,,
32061074,2025-02-04,,
32061091,2025-02-04,,
32061642,2025-02-04,,
32061814,2025-02-04,,
32062189,2025-02-04,,
32062600,2025-02-04,,
32063138,2025-02-04,,
32063326,2025-02-04,,
32063387,2025-02-05,,
32064722,2025-02-05,,
32065217,2025-02-05,,
32065681,2025-02-05,,
32066859,2025-02-05,,
32069568,2025-02-05,,
32072774,2025-02-05,,
32074940,2025-02-05,,
32076953,2025-02-05,,
32077825,2025-02-05,,
32079536,2025-02-05,,
32081601,2025-02-05,,
32087350,2025-02-05,,
32091294,2025-02-06,,
32093954,2025-02-06,,
32104970,2025-02-06,,
32105699,2025-02-06,,
32105725,2025-02-06,,
32106584,2025-02-06,,
32109984,2025-02-06,,
32110137,2025-02-06,,
32110200,2025-02-06,,
32111705,2025-02-07,,
32113467,2025-02-07,,
32115621,2025-02-07,,
32119051,2025-02-07,,
32123678,2025-02-07,,
32123719,2025-02-07,,
32127519,2025-02-07,,
32127887,2025-02-07,,
32131176,2025-02-07,,
32131636,2025-02-07,,
32132567,2025-02-08,,
32139426,2025-02-08,,
32140881,2025-02-08,,
32143781,2025-02-08,,
32144360,2025-02-08,,
32146248,2025-02-08,,
32146707,2025-02-08,,
32147272,2025-02-08,,
32148920,2025-02-09,,
32149053,2025-02-09,,
32149232,2025-02-09,,
32149361,2025-02-09,,
32150048,2025-02-09,,
32154772,2025-02-09,,
32155754,2025-02-09,,
32156731,2025-02-09,,
32157775,2025-02-09,,
32157817,2025-02-09,,
32157846,2025-02-09,,
32158170,2025-02-09,,
32158993,2025-02-09,,
32160775,2025-02-10,,
32161649,2025-02-10,,
32162200,2025-02-10,,
32163031,2025-02-10,,
32172844,2025-02-10,,
32173575,2025-02-10,,
32174203,2025-02-10,,
32174272,2025-02-10,,
32174313,2025-02-10,,
32174682,2025-02-10,,
32174861,2025-02-10,,
32177110,2025-02-10,,
32178469,2025-02-10,,
32179332,2025-02-10,,
32180304,2025-02-10,,
32181415,2025-02-11,,
32184509,2025-02-11,,
32184721,2025-02-11,,
32200218,2025-02-11,,
32201858,2025-02-11,,
32202110,2025-02-11,,
32202237,2025-02-11,,
32202389,2025-02-11,,
32202529,2025-02-11,,
32203721,2025-02-12,,
32204506,2025-02-12,,
32206832,2025-02-12,,
32209646,2025-02-12,,
32218527,2025-02-12,,
32220956,2025-02-12,,
32221414,2025-02-12,,
32222822,2025-02-12,,
32223149,2025-02-12,,
32223838,2025-02-12,,
32223965,2025-02-12,,
32224541,2025-02-13,,
32226658,2025-02-13,,
32237962,2025-02-13,,
32238130,2025-02-13,,
32241465,2025-02-13,,
32243700,2025-02-13,,
32244572,2025-02-13,,
32249725,2025-02-14,,
32254516,2025-02-14,,
32256233,2025-02-14,,
32258745,2025-02-14,,
32260001,2025-02-14,,
32260742,2025-02-14,,
32261871,2025-02-14,,
32263404,2025-02-15,,
32263422,2025-02-15,,
32264384,2025-02-15,,
32264506,2025-02-15,,
32272732,2025-02-15,,
32273640,2025-02-15,,
32273790,2025-02-15,,
32274599,2025-02-15,,
32274870,2025-02-15,,
32275034,2025-02-15,,
32277851,2025-02-16,,
32277914,2025-02-16,,
32278082,2025-02-16,,
32280284,2025-02-16,,
32283210,2025-02-16,,
32284419,2025-02-16,,
32287260,2025-02-16,,
32288280,2025-02-16,,
32289835,2025-02-17,,
32292131,2025-02-17,,
32300617,2025-02-17,,
32305179,2025-02-17,,
32306173,2025-02-17,,
32309015,2025-02-17,,
32309370,2025-02-17,,
32311136,2025-02-17,,
32311421,2025-02-17,,
32312823,2025-02-18,,
32313164,2025-02-18,,
32315675,2025-02-18,,
32316443,2025-02-18,,
32324099,2025-02-18,,
32324178,2025-02-18,,
32327977,2025-02-18,,
32328982,2025-02-18,,
32329991,2025-02-18,,
32330858,2025-02-18,,
32333957,2025-02-19,,
32339189,2025-02-19,,
32346540,2025-02-19,,
32346994,2025-02-19,,
32347371,2025-02-19,,
32349719,2025-02-19,,
32351462,2025-02-19,,
32352476,2025-02-19,,
32356268,2025-02-20,,
32358324,2025-02-20,,
32361460,2025-02-20,,
32369100,2025-02-20,,
32370499,2025-02-20,,
32371184,2025-02-20,,
32371908,2025-02-20,,
32373114,2025-02-20,,
32373626,2025-02-20,,
32375234,2025-02-20,,
32375722,2025-02-20,,
32375754,2025-02-20,,
32376281,2025-02-20,,
32377092,2025-02-21,,
32378513,2025-02-21,,
32379284,2025-02-21,,
32379429,2025-02-21,,
32379546,2025-02-21,,
32379683,2025-02-21,,
32379772,2025-02-21,,
32383238,2025-02-21,,
32388084,2025-02-21,,
32389532,2025-02-21,,
32389673,2025-02-21,,
32390348,2025-02-21,,
32391499,2025-02-21,,
32392028,2025-02-21,,
32392312,2025-02-21,,
32392772,2025-02-21,,
32392914,2025-02-21,,
32393028,2025-02-21,,
32393295,2025-02-21,,
32393745,2025-02-21,,
32394047,2025-02-21,,
32394481,2025-02-21,,
32394831,2025-02-21,,
32395036,2025-02-22,,
32395274,2025-02-22,,
32395914,2025-02-22,,
32396241,2025-02-22,,
32396714,2025-02-22,,
32397057,2025-02-22,,
32397562,2025-02-22,,
32397990,2025-02-22,,
32398189,2025-02-22,,
32398524,2025-02-22,,
32399821,2025-02-22,,
32401227,2025-02-22,,
32401915,2025-02-22,,
32402231,2025-02-22,,
32402251,2025-02-22,,
32402468,2025-02-22,,
32402777,2025-02-22,,
32403110,2025-02-22,,
32403268,2025-02-22,,
32403769,2025-02-22,,
32404084,2025-02-22,,
32404134,2025-02-22,,
32404244,2025-02-22,,
32404620,2025-02-22,,
32405016,2025-02-22,,
32405138,2025-02-22,,
32405326,2025-02-22,,
32405810,2025-02-22,,
32406026,2025-02-22,,
32406768,2025-02-22,,
32407265,2025-02-22,,
32407638,2025-02-22,,
32407742,2025-02-22,,
32408103,2025-02-22,,
32408245,2025-02-22,,
32408622,2025-02-22,,
32408653,2025-02-22,,
32409078,2025-02-22,,
32409095,2025-02-22,,
32409111,2025-02-22,,
32409266,2025-02-23,,
32409815,2025-02-23,,
32410309,2025-02-23,,
32410719,2025-02-23,,
32411314,2025-02-23,,
32411553,2025-02-23,,
32411854,2025-02-23,,
32413029,2025-02-23,,
32413062,2025-02-23,,
32413639,2025-02-23,,
32414759,2025-02-23,,
32414782,2025-02-23,,
32415813,2025-02-23,,
32416005,2025-02-23,,
32416143,2025-02-23,,
32416223,2025-02-23,,
32416518,2025-02-23,,
32416565,2025-02-23,,
32416765,2025-02-23,,
32417717,2025-02-23,,
32418023,2025-02-23,,
32418769,2025-02-23,,
32418782,2025-02-23,,
32418794,2025-02-23,,
32418883,2025-02-23,,
32419693,2025-02-23,,
32420218,2025-02-23,,
32420291,2025-02-23,,
32420401,2025-02-23,,
32421355,2025-02-23,,
32421423,2025-02-23,,
32421545,2025-02-23,,
32421609,2025-02-23,,
32421733,2025-02-23,,
32421767,2025-02-23,,
32421800,2025-02-23,,
32422216,2025-02-23,,
32422449,2025-02-24,,
32422554,2025-02-24,,
32423236,2025-02-24,,
32423365,2025-02-24,,
32423444,2025-02-24,,
32423542,2025-02-24,,
32423595,2025-02-24,,
32423650,2025-02-24,,
32423799,2025-02-24,,
32424386,2025-02-24,,
32425357,2025-02-24,,
32425583,2025-02-24,,
32425616,2025-02-24,,
32425776,2025-02-24,,
32426405,2025-02-24,,
32426450,2025-02-24,,
32426973,2025-02-24,,
32428026,2025-02-24,,
32429175,2025-02-24,,
32430343,2025-02-24,,
32430410,2025-02-24,,
32431416,2025-02-24,,
32431558,2025-02-24,,
32431610,2025-02-24,,
32432273,2025-02-24,,
32433357,2025-02-24,,
32433720,2025-02-24,,
32434062,2025-02-24,,
32434244,2025-02-24,,
32434545,2025-02-24,,
32434860,2025-02-24,,
32435428,2025-02-24,,
32435661,2025-02-24,,
32436022,2025-02-24,,
32436034,2025-02-24,,
32436494,2025-02-24,,
32436554,2025-02-24,,
32437072,2025-02-24,,
32437198,2025-02-24,,
32437231,2025-02-24,,
32437290,2025-02-24,,
32437451,2025-02-24,,
32437569,2025-02-24,,
32437609,2025-02-24,,
32438995,2025-02-24,,
32439003,2025-02-24,,
32439088,2025-02-24,,
32439451,2025-02-24,,
32439571,2025-02-24,,
32439676,2025-02-24,,
32440123,2025-02-24,,
32440577,2025-02-24,,
32440918,2025-02-24,,
32441078,2025-02-24,,
32441431,2025-02-24,,
32441496,2025-02-24,,
32441797,2025-02-24,,
32441801,2025-02-24,,
32442573,2025-02-24,,
32442621,2025-02-24,,
32442777,2025-02-24,,
32442815,2025-02-24,,
32443318,2025-02-24,,
32443322,2025-02-24,,
32443362,2025-02-24,,
32443428,2025-02-24,,
32443722,2025-02-24,,
32443768,2025-02-24,,
32444026,2025-02-24,,
32444149,2025-02-24,,
32444295,2025-02-24,,
32444391,2025-02-25,,
32444488,2025-02-25,,
32445028,2025-02-25,,
32445265,2025-02-25,,
32445552,2025-02-25,,
32445673,2025-02-25,,
32445863,2025-02-25,,
32445905,2025-02-25,,
32445929,2025-02-25,,
32445956,2025-02-25,,
32445982,2025-02-25,,
32446563,2025-02-25,,
32446606,2025-02-25,,
32446614,2025-02-25,,
32446825,2025-02-25,,
32447113,2025-02-25,,
32447295,2025-02-25,,
32447857,2025-02-25,,
32447902,2025-02-25,,
32447996,2025-02-25,,
32448211,2025-02-25,,
32448282,2025-02-25,,
32448665,2025-02-25,,
32450142,2025-02-25,,
32450422,2025-02-25,,
32451332,2025-02-25,,
32451407,2025-02-25,,
32451809,2025-02-25,,
32452301,2025-02-25,,
32452906,2025-02-25,,
32453060,2025-02-25,,
32454420,2025-02-25,,
32454764,2025-02-25,,
32454820,2025-02-25,,
32454923,2025-02-25,,
32455597,2025-02-25,,
32455971,2025-02-25,,
32456364,2025-02-25,,
32456456,2025-02-25,,
32456650,2025-02-25,,
32456762,2025-02-25,,
32456865,2025-02-25,,
32457007,2025-02-25,,
32457183,2025-02-25,,
32457728,2025-02-25,,
32457874,2025-02-25,,
32458264,2025-02-25,,
32458410,2025-02-25,,
32458558,2025-02-25,,
32459066,2025-02-25,,
32459131,2025-02-25,,
32459209,2025-02-25,,
32459225,2025-02-25,,
32459293,2025-02-25,,
32459370,2025-02-25,,
32459489,2025-02-25,,
32459728,2025-02-25,,
32459900,2025-02-25,,
32460037,2025-02-25,,
32460421,2025-02-25,,
32460471,2025-02-25,,
32460589,2025-02-25,,
32461465,2025-02-25,,
32461593,2025-02-25,,
32461612,2025-02-25,,
32461936,2025-02-25,,
32462215,2025-02-25,,
32462695,2025-02-25,,
32463204,2025-02-25,,
32463344,2025-02-25,,
32463372,2025-02-25,,
32463794,2025-02-25,,
32463976,2025-02-25,,
32464140,2025-02-25,,
32464164,2025-02-25,,
32464238,2025-02-25,,
32464352,2025-02-25,,
32464776,2025-02-25,,
32465114,2025-02-25,,
32465140,2025-02-25,,
32465436,2025-02-25,,
32465467,2025-02-25,,
32465814,2025-02-25,,
32465846,2025-02-25,,
32465955,2025-02-25,,
32466049,2025-02-25,,
32466272,2025-02-25,,
32466657,2025-02-26,,
32466884,2025-02-26,,
32466903,2025-02-26,,
32467036,2025-02-26,,
32467040,2025-02-26,,
32467053,2025-02-26,,
32467077,2025-02-26,,
32467227,2025-02-26,,
32467315,2025-02-26,,
32467387,2025-02-26,,
32467479,2025-02-26,,
32467542,2025-02-26,,
32467557,2025-02-26,,
32467611,2025-02-26,,
32467672,2025-02-26,,
32467797,2025-02-26,,
32467853,2025-02-26,,
32467895,2025-02-26,,
32467926,2025-02-26,,
32467928,2025-02-26,,
32468033,2025-02-26,,
32468038,2025-02-26,,
32468163,2025-02-26,,
32468170,2025-02-26,,
32468267,2025-02-26,,
32468532,2025-02-26,,
32468638,2025-02-26,,
32468656,2025-02-26,,
32468728,2025-02-26,,
32468946,2025-02-26,,
32468948,2025-02-26,,
32469030,2025-02-26,,
32469055,2025-02-26,,
32469162,2025-02-26,,
32469287,2025-02-26,,
32469353,2025-02-26,,
32469658,2025-02-26,,
32469689,2025-02-26,,
32469733,2025-02-26,,
32469923,2025-02-26,,
32470130,2025-02-26,,
32470161,2025-02-26,,
32470215,2025-02-26,,
32470278,2025-02-26,,
32470362,2025-02-26,,
32470535,2025-02-26,,
32470564,2025-02-26,,
32470858,2025-02-26,,
32470915,2025-02-26,,
32470933,2025-02-26,,
32471147,2025-02-26,,
32471159,2025-02-26,,
32471233,2025-02-26,,
32471590,2025-02-26,,
32472117,2025-02-26,,
32472235,2025-02-26,,
32472495,2025-02-26,,
32472547,2025-02-26,,
32472577,2025-02-26,,
32472687,2025-02-26,,
32472770,2025-02-26,,
32472841,2025-02-26,,
32472870,2025-02-26,,
32472925,2025-02-26,,
32473485,2025-02-26,,
32476027,2025-02-26,,
32477198,2025-02-26,,
32477325,2025-02-26,,
32477744,2025-02-26,,
32478305,2025-02-26,,
32479235,2025-02-26,,
32479773,2025-02-26,,
32480296,2025-02-26,,
32482523,2025-02-26,,
32482754,2025-02-26,,
32482786,2025-02-26,,
32483441,2025-02-26,,
32483687,2025-02-26,,
32483991,2025-02-26,,
32484468,2025-02-26,,
32484628,2025-02-26,,
32484732,2025-02-26,,
32485257,2025-02-26,,
32485339,2025-02-26,,
32485529,2025-02-26,,
32485755,2025-02-26,,
32486717,2025-02-26,,
32487692,2025-02-27,,
32487923,2025-02-27,,
32488660,2025-02-27,,
32489046,2025-02-27,,
32490063,2025-02-27,,
32490208,2025-02-27,,
32493272,2025-02-27,,
32494591,2025-02-27,,
32498189,2025-02-27,,
32498399,2025-02-27,,
32498503,2025-02-27,,
32499736,2025-02-27,,
32500435,2025-02-27,,
32501102,2025-02-27,,
32501245,2025-02-27,,
32503401,2025-02-27,,
32504332,2025-02-27,,
32506005,2025-02-27,,
32507594,2025-02-27,,
32507683,2025-02-27,,
32508338,2025-02-27,,
32509026,2025-02-27,,
32509727,2025-02-28,,
32509848,2025-02-28,,
32510183,2025-02-28,,
32511603,2025-02-28,,
32512018,2025-02-28,,
32512356,2025-02-28,,
32512612,2025-02-28,,
32514498,2025-02-28,,
32514596,2025-02-28,,
32514708,2025-02-28,,
32516952,2025-02-28,,
32521394,2025-02-28,,
32521763,2025-02-28,,
32522308,2025-02-28,,
32522508,2025-02-28,,
32523388,2025-02-28,,
32524131,2025-02-28,,
32524897,2025-02-28,,
32524993,2025-02-28,,
32526517,2025-02-28,,
32527071,2025-02-28,,
32527208,2025-02-28,,
32527520,2025-02-28,,
32528382,2025-02-28,,
32528790,2025-02-28,,
32529764,2025-02-28,,
32529919,2025-02-28,,
32530346,2025-02-28,,
32530534,2025-02-28,,
32531146,2025-03-01,,
32531187,2025-03-01,,
32531553,2025-03-01,,
32531736,2025-03-01,,
32531816,2025-03-01,,
32531833,2025-03-01,,
32531865,2025-03-01,,
32532163,2025-03-01,,
32533144,2025-03-01,,
32533271,2025-03-01,,
32536595,2025-03-01,,
32537221,2025-03-01,,
32539180,2025-03-01,,
32541127,2025-03-01,,
32542353,2025-03-01,,
32543277,2025-03-01,,
32544014,2025-03-01,,
32544795,2025-03-01,,
32544835,2025-03-01,,
32544849,2025-03-01,,
32545170,2025-03-02,,
32546071,2025-03-02,,
32546845,2025-03-02,,
32547657,2025-03-02,,
32550493,2025-03-02,,
32550505,2025-03-02,,
32551075,2025-03-02,,
32553141,2025-03-02,,
32555452,2025-03-02,,
32555487,2025-03-02,,
32555769,2025-03-02,,
32556472,2025-03-02,,
32556614,2025-03-02,,
32556766,2025-03-02,,
32557395,2025-03-03,,
32557432,2025-03-03,,
32558019,2025-03-03,,
32558689,2025-03-03,,
32568432,2025-03-03,,
32568919,2025-03-03,,
32571940,2025-03-03,,
32573244,2025-03-03,,
32573695,2025-03-03,,
32573698,2025-03-03,,
32573770,2025-03-03,,
32574169,2025-03-03,,
32575367,2025-03-03,,
32575636,2025-03-03,,
32575784,2025-03-03,,
32578366,2025-03-04,,
32580722,2025-03-04,,
32588102,2025-03-04,,
32589995,2025-03-04,,
32592830,2025-03-04,,
32593315,2025-03-04,,
32593494,2025-03-04,,
32596167,2025-03-04,,
32596389,2025-03-04,,
32599230,2025-03-04,,
32602123,2025-03-05,,
32602409,2025-03-05,,
32603032,2025-03-05,,
32603206,2025-03-05,,
32603847,2025-03-05,,
32608381,2025-03-05,,
32614449,2025-03-05,,
32618211,2025-03-05,,
32619092,2025-03-05,,
32621556,2025-03-06,,
32623849,2025-03-06,,
32625227,2025-03-06,,
32627663,2025-03-06,,
32633031,2025-03-06,,
32637042,2025-03-06,,
32639055,2025-03-06,,
32639916,2025-03-06,,
32652793,2025-03-07,,
32656940,2025-03-07,,
32659440,2025-03-07,,
32660771,2025-03-08,,
32661424,2025-03-08,,
32669495,2025-03-08,,
32670752,2025-03-08,,
32671624,2025-03-08,,
32673719,2025-03-08,,
32674724,2025-03-08,,
32676389,2025-03-09,,
32676984,2025-03-09,,
32677081,2025-03-09,,
32679415,2025-03-09,,
32681763,2025-03-09,,
32683368,2025-03-09,,
32684640,2025-03-09,,
32697192,2025-03-10,,
32705297,2025-03-10,,
32705355,2025-03-10,,
32705699,2025-03-10,,
32706360,2025-03-10,,
32706719,2025-03-10,,
32706783,2025-03-10,,
32706884,2025-03-10,,
32707566,2025-03-10,,
32709660,2025-03-11,,
32710871,2025-03-11,,
32710921,2025-03-11,,
32718333,2025-03-11,,
32720270,2025-03-11,,
32720283,2025-03-11,,
32721713,2025-03-11,,
32722315,2025-03-11,,
32722383,2025-03-11,,
32723610,2025-03-11,,
32726176,2025-03-11,,
32727202,2025-03-11,,
32727579,2025-03-11,,
32728417,2025-03-12,,
32730510,2025-03-12,,
32737238,2025-03-12,,
32743342,2025-03-12,,
32746271,2025-03-12,,
32749954,2025-03-13,,
32750453,2025-03-13,,
32750822,2025-03-13,,
32760117,2025-03-13,,
32760307,2025-03-13,,
32760506,2025-03-13,,
32760932,2025-03-13,,
32761196,2025-03-13,,
32762006,2025-03-13,,
32762642,2025-03-13,,
32762701,2025-03-13,,
32762902,2025-03-13,,
32765696,2025-03-13,,
32765809,2025-03-13,,
32767282,2025-03-14,,
32767692,2025-03-14,,
32767994,2025-03-14,,
32769874,2025-03-14,,
32774949,2025-03-14,,
32775967,2025-03-14,,
32776983,2025-03-14,,
32777135,2025-03-14,,
32778302,2025-03-14,,
32778619,2025-03-14,,
32779700,2025-03-14,,
32781324,2025-03-14,,
32781491,2025-03-14,,
32782534,2025-03-14,,
32784222,2025-03-15,,
32785914,2025-03-15,,
32791349,2025-03-15,,
32791767,2025-03-15,,
32795397,2025-03-15,,
32795547,2025-03-16,,
32796593,2025-03-16,,
32796764,2025-03-16,,
32801510,2025-03-16,,
32801660,2025-03-16,,
32802429,2025-03-16,,
32804850,2025-03-16,,
32805732,2025-03-16,,
32807322,2025-03-17,,
32807347,2025-03-17,,
32808621,2025-03-17,,
32810272,2025-03-17,,
32818434,2025-03-17,,
32819338,2025-03-17,,
32820331,2025-03-17,,
32821518,2025-03-17,,
32822185,2025-03-17,,
32823208,2025-03-17,,
32824032,2025-03-17,,
32828944,2025-03-18,,
32829999,2025-03-18,,
32830117,2025-03-18,,
32830195,2025-03-18,,
32835823,2025-03-18,,
32837729,2025-03-18,,
32840164,2025-03-18,,
32842514,2025-03-18,,
32843692,2025-03-18,,
32861141,2025-03-19,,
32861961,2025-03-19,,
32862534,2025-03-19,,
32863580,2025-03-19,,
32863882,2025-03-19,,
32864480,2025-03-19,,
32865496,2025-03-19,,
32865731,2025-03-19,,
32866738,2025-03-20,,
32867199,2025-03-20,,
32869868,2025-03-20,,
32875139,2025-03-20,,
32877083,2025-03-20,,
32879089,2025-03-20,,
32882874,2025-03-20,,
32883533,2025-03-20,,
32883806,2025-03-20,,
32886528,2025-03-21,,
32887125,2025-03-21,,
32888346,2025-03-21,,
32889186,2025-03-21,,
32893988,2025-03-21,,
32893997,2025-03-21,,
32894131,2025-03-21,,
32894733,2025-03-21,,
32898263,2025-03-21,,
32898531,2025-03-21,,
32898941,2025-03-21,,
32899278,2025-03-21,,
32899333,2025-03-21,,
32899593,2025-03-21,,
32899921,2025-03-21,,
32901034,2025-03-21,,
32901059,2025-03-21,,
32901458,2025-03-21,,
32902468,2025-03-21,,
32902622,2025-03-22,,
32903097,2025-03-22,,
32903915,2025-03-22,,
32908754,2025-03-22,,
32909644,2025-03-22,,
32910007,2025-03-22,,
32910117,2025-03-22,,
32910133,2025-03-22,,
32910288,2025-03-22,,
32910548,2025-03-22,,
32911313,2025-03-22,,
32911651,2025-03-22,,
32912736,2025-03-22,,
32913509,2025-03-22,,
32913814,2025-03-22,,
32914097,2025-03-22,,
32914149,2025-03-22,,
32914222,2025-03-22,,
32914328,2025-03-22,,
32914363,2025-03-22,,
32914491,2025-03-22,,
32914727,2025-03-22,,
32914890,2025-03-22,,
32914947,2025-03-22,,
32915128,2025-03-22,,
32915169,2025-03-22,,
32915174,2025-03-22,,
32915358,2025-03-22,,
32915418,2025-03-22,,
32915807,2025-03-22,,
32915968,2025-03-22,,
32916125,2025-03-22,,
32916172,2025-03-22,,
32916196,2025-03-22,,
32916362,2025-03-22,,
32916538,2025-03-23,,
32916676,2025-03-23,,
32916721,2025-03-23,,
32916776,2025-03-23,,
32916879,2025-03-23,,
32916883,2025-03-23,,
32917116,2025-03-23,,
32917305,2025-03-23,,
32917642,2025-03-23,,
32917685,2025-03-23,,
32917912,2025-03-23,,
32918229,2025-03-23,,
32918663,2025-03-23,,
32918677,2025-03-23,,
32918815,2025-03-23,,
32920033,2025-03-23,,
32920592,2025-03-23,,
32920851,2025-03-23,,
32921700,2025-03-23,,
32921803,2025-03-23,,
32921860,2025-03-23,,
32922400,2025-03-23,,
32922833,2025-03-23,,
32923105,2025-03-23,,
32923507,2025-03-23,,
32923772,2025-03-23,,
32924021,2025-03-23,,
32924207,2025-03-23,,
32924340,2025-03-23,,
32924440,2025-03-23,,
32924563,2025-03-23,,
32924944,2025-03-23,,
32924953,2025-03-23,,
32925077,2025-03-23,,
32925428,2025-03-23,,
32925725,2025-03-23,,
32925776,2025-03-23,,
32926189,2025-03-23,,
32926357,2025-03-23,,
32926754,2025-03-23,,
32926980,2025-03-23,,
32927184,2025-03-23,,
32927394,2025-03-23,,
32927630,2025-03-24,,
32927774,2025-03-24,,
32928084,2025-03-24,,
32928138,2025-03-24,,
32928634,2025-03-24,,
32928981,2025-03-24,,
32929313,2025-03-24,,
32929377,2025-03-24,,
32930481,2025-03-24,,
32930935,2025-03-24,,
32931768,2025-03-24,,
32932742,2025-03-24,,
32932770,2025-03-24,,
32933306,2025-03-24,,
32939092,2025-03-24,,
32940328,2025-03-24,,
32940766,2025-03-24,,
32940786,2025-03-24,,
32940953,2025-03-24,,
32941069,2025-03-24,,
32941243,2025-03-24,,
32941806,2025-03-24,,
32942030,2025-03-24,,
32942593,2025-03-24,,
32942709,2025-03-24,,
32942972,2025-03-24,,
32943596,2025-03-24,,
32944059,2025-03-24,,
32944387,2025-03-24,,
32944483,2025-03-24,,
32944699,2025-03-24,,
32944805,2025-03-24,,
32944953,2025-03-24,,
32945123,2025-03-24,,
32945237,2025-03-24,,
32945414,2025-03-24,,
32945521,2025-03-24,,
32945581,2025-03-24,,
32945911,2025-03-24,,
32946189,2025-03-24,,
32946453,2025-03-24,,
32946751,2025-03-24,,
32946962,2025-03-24,,
32947195,2025-03-24,,
32947411,2025-03-24,,
32947535,2025-03-24,,
32947619,2025-03-24,,
32948347,2025-03-25,,
32948535,2025-03-25,,
32948801,2025-03-25,,
32948944,2025-03-25,,
32948996,2025-03-25,,
32949011,2025-03-25,,
32949029,2025-03-25,,
32949044,2025-03-25,,
32949061,2025-03-25,,
32949603,2025-03-25,,
32949936,2025-03-25,,
32949970,2025-03-25,,
32950210,2025-03-25,,
32950414,2025-03-25,,
32950425,2025-03-25,,
32950444,2025-03-25,,
32950487,2025-03-25,,
32950618,2025-03-25,,
32951080,2025-03-25,,
32951800,2025-03-25,,
32953024,2025-03-25,,
32953071,2025-03-25,,
32953073,2025-03-25,,
32953341,2025-03-25,,
32953432,2025-03-25,,
32953635,2025-03-25,,
32953655,2025-03-25,,
32954074,2025-03-25,,
32954996,2025-03-25,,
32957451,2025-03-25,,
32958763,2025-03-25,,
32959015,2025-03-25,,
32959055,2025-03-25,,
32959100,2025-03-25,,
32959229,2025-03-25,,
32959289,2025-03-25,,
32959446,2025-03-25,,
32959612,2025-03-25,,
32959768,2025-03-25,,
32959989,2025-03-25,,
32960078,2025-03-25,,
32960158,2025-03-25,,
32960294,2025-03-25,,
32961615,2025-03-25,,
32961819,2025-03-25,,
32962012,2025-03-25,,
32962167,2025-03-25,,
32962397,2025-03-25,,
32962513,2025-03-25,,
32962711,2025-03-25,,
32962720,2025-03-25,,
32962950,2025-03-25,,
32963205,2025-03-25,,
32963211,2025-03-25,,
32963216,2025-03-25,,
32963236,2025-03-25,,
32963285,2025-03-25,,
32963539,2025-03-25,,
32963900,2025-03-25,,
32963958,2025-03-25,,
32964006,2025-03-25,,
32964382,2025-03-25,,
32964480,2025-03-25,,
32965146,2025-03-25,,
32965670,2025-03-25,,
32965824,2025-03-25,,
32966158,2025-03-25,,
32966236,2025-03-25,,
32966267,2025-03-25,,
32966300,2025-03-25,,
32966362,2025-03-25,,
32966400,2025-03-25,,
32966468,2025-03-25,,
32966500,2025-03-25,,
32966540,2025-03-25,,
32966657,2025-03-25,,
32966669,2025-03-25,,
32967225,2025-03-25,,
32967258,2025-03-25,,
32967327,2025-03-26,,
32967351,2025-03-26,,
32967429,2025-03-26,,
32967620,2025-03-26,,
32967887,2025-03-26,,
32968170,2025-03-26,,
32968234,2025-03-26,,
32968250,2025-03-26,,
32968254,2025-03-26,,
32968300,2025-03-26,,
32968348,2025-03-26,,
32968397,2025-03-26,,
32968720,2025-03-26,,
32968742,2025-03-26,,
32968780,2025-03-26,,
32968868,2025-03-26,,
32968970,2025-03-26,,
32969004,2025-03-26,,
32969012,2025-03-26,,
32969098,2025-03-26,,
32969121,2025-03-26,,
32969176,2025-03-26,,
32969183,2025-03-26,,
32969228,2025-03-26,,
32969385,2025-03-26,,
32969436,2025-03-26,,
32969523,2025-03-26,,
32969719,2025-03-26,,
32969915,2025-03-26,,
32970305,2025-03-26,,
32970442,2025-03-26,,
32970778,2025-03-26,,
32972274,2025-03-26,,
32975102,2025-03-26,,
32975969,2025-03-26,,
32976875,2025-03-26,,
32977001,2025-03-26,,
32977549,2025-03-26,,
32977763,2025-03-26,,
32978006,2025-03-26,,
32978268,2025-03-26,,
32978467,2025-03-26,,
32978633,2025-03-26,,
32978928,2025-03-26,,
32979226,2025-03-26,,
32979759,2025-03-26,,
32980174,2025-03-26,,
32981218,2025-03-26,,
32982372,2025-03-26,,
32982611,2025-03-26,,
32983254,2025-03-26,,
32983384,2025-03-26,,
32983812,2025-03-26,,
32984378,2025-03-26,,
32984431,2025-03-26,,
32984991,2025-03-26,,
32985394,2025-03-26,,
32985640,2025-03-26,,
32985857,2025-03-27,,
32985894,2025-03-27,,
32986040,2025-03-27,,
32986449,2025-03-27,,
32988028,2025-03-27,,
32988151,2025-03-27,,
32988699,2025-03-27,,
32988769,2025-03-27,,
32988860,2025-03-27,,
32988921,2025-03-27,,
32994449,2025-03-27,,
32996791,2025-03-27,,
32998059,2025-03-27,,
32999524,2025-03-27,,
33001316,2025-03-27,,
33001608,2025-03-27,,
33002667,2025-03-27,,
33003974,2025-03-28,,
33004310,2025-03-28,,
33005518,2025-03-28,,
33006280,2025-03-28,,
33006600,2025-03-28,,
33009667,2025-03-28,,
33011164,2025-03-28,,
33014279,2025-03-28,,
33014396,2025-03-28,,
33014573,2025-03-28,,
33016925,2025-03-28,,
33017218,2025-03-28,,
33021050,2025-03-29,,
33021202,2025-03-29,,
33021752,2025-03-29,,
33023953,2025-03-29,,
33026796,2025-03-29,,
33028433,2025-03-29,,
33031130,2025-03-29,,
33031628,2025-03-29,,
33033151,2025-03-29,,
33033287,2025-03-29,,
33034305,2025-03-30,,
33034475,2025-03-30,,
33036090,2025-03-30,,
33038928,2025-03-30,,
33039004,2025-03-30,,
33040603,2025-03-30,,
33041085,2025-03-30,,
33041545,2025-03-30,,
33042232,2025-03-30,,
33042563,2025-03-30,,
33043599,2025-03-30,,
33045745,2025-03-31,,
33045996,2025-03-31,,
33047027,2025-03-31,,
33053705,2025-03-31,,
33057858,2025-03-31,,
33060015,2025-03-31,,
33060793,2025-04-01,,
33060997,2025-04-01,,
33061463,2025-04-01,,
33064025,2025-04-01,,
33064833,2025-04-01,,
33073164,2025-04-01,,
33074426,2025-04-01,,
33075758,2025-04-01,,
33076749,2025-04-01,,
33085556,2025-04-02,,
33090325,2025-04-02,,
33096073,2025-04-02,,
33097765,2025-04-02,,
33098124,2025-04-02,,
33103101,2025-04-03,,
33108402,2025-04-03,,
33108654,2025-04-03,,
33109469,2025-04-03,,
33112877,2025-04-03,,
33113661,2025-04-03,,
33116193,2025-04-03,,
33118644,2025-04-04,,
33122861,2025-04-04,,
33131156,2025-04-04,,
33132171,2025-04-04,,
33132408,2025-04-04,,
33134438,2025-04-05,,
33135026,2025-04-05,,
33135222,2025-04-05,,
33135405,2025-04-05,,
33135426,2025-04-05,,
33135439,2025-04-05,,
33135441,2025-04-05,,
33135534,2025-04-05,,
33135569,2025-04-05,,
33136088,2025-04-05,,
33142475,2025-04-05,,
33143945,2025-04-05,,
33148124,2025-04-06,,
33148278,2025-04-06,,
33153099,2025-04-06,,
33154255,2025-04-06,,
33156079,2025-04-06,,
33157085,2025-04-06,,
33157669,2025-04-06,,
33171281,2025-04-07,,
33173043,2025-04-07,,
33187599,2025-04-08,,
33192399,2025-04-08,,
33192578,2025-04-08,,
33195177,2025-04-08,,
33195776,2025-04-09,,
33195983,2025-04-09,,
33198700,2025-04-09,,
33209740,2025-04-09,,
33216936,2025-04-10,,
33224494,2025-04-10,,
33224745,2025-04-10,,
33230219,2025-04-10,,
33232881,2025-04-11,,
33234097,2025-04-11,,
33242009,2025-04-11,,
33244084,2025-04-11,,
33246260,2025-04-11,,
33248486,2025-04-12,,
33250826,2025-04-12,,
33254458,2025-04-12,,
33254864,2025-04-12,,
33256382,2025-04-12,,
33258882,2025-04-12,,
33259831,2025-04-12,,
33265004,2025-04-13,,
33267876,2025-04-13,,
33268482,2025-04-13,,
33273218,2025-04-14,,
33274036,2025-04-14,,
33277118,2025-04-14,,
33287694,2025-04-14,,
33289899,2025-04-14,,
33290146,2025-04-14,,
33291222,2025-04-15,,
33291903,2025-04-15,,
33292629,2025-04-15,,
33296071,2025-04-15,,
33304102,2025-04-15,,
33309932,2025-04-15,,
33311551,2025-04-16,,
33312298,2025-04-16,,
33312430,2025-04-16,,
33321618,2025-04-16,,
33325825,2025-04-16,,
33326302,2025-04-16,,
33327064,2025-04-16,,
33327309,2025-04-16,,
33328263,2025-04-16,,
33329238,2025-04-16,,
33330701,2025-04-17,,
33331885,2025-04-17,,
33332247,2025-04-17,,
33339919,2025-04-17,,
33341190,2025-04-17,,
33343448,2025-04-17,,
33346771,2025-04-17,,
33348316,2025-04-18,,
33348804,2025-04-18,,
33349729,2025-04-18,,
33355567,2025-04-18,,
33360908,2025-04-18,,
33362078,2025-04-18,,
33368358,2025-04-19,,
33369958,2025-04-19,,
33370574,2025-04-19,,
33373744,2025-04-19,,
33379763,2025-04-20,,
33383312,2025-04-20,,
33383571,2025-04-20,,
33383747,2025-04-20,,
33385150,2025-04-21,,
33385235,2025-04-21,,
33388233,2025-04-21,,
33390866,2025-04-21,,
33391261,2025-04-21,,
33391498,2025-04-21,,
33392488,2025-04-21,,
33395618,2025-04-21,,
33396275,2025-04-21,,
33400455,2025-04-21,,
33400552,2025-04-21,,
33400794,2025-04-21,,
33400987,2025-04-21,,
33402123,2025-04-22,,
33402534,2025-04-22,,
33402732,2025-04-22,,
33402750,2025-04-22,,
33403677,2025-04-22,,
33407426,2025-04-22,,
33412679,2025-04-22,,
33414057,2025-04-22,,
33414138,2025-04-22,,
33414162,2025-04-22,,
33415262,2025-04-22,,
33415645,2025-04-22,,
33418569,2025-04-22,,
33418759,2025-04-22,,
33419302,2025-04-22,,
33419430,2025-04-22,,
33419553,2025-04-22,,
33420063,2025-04-22,,
33420945,2025-04-23,,
33423848,2025-04-23,,
33423900,2025-04-23,,
33424519,2025-04-23,,
33427710,2025-04-23,,
33428080,2025-04-23,,
33430896,2025-04-23,,
33432776,2025-04-23,,
33433193,2025-04-23,,
33433551,2025-04-23,,
33436282,2025-04-23,,
33439402,2025-04-23,,
33439423,2025-04-23,,
33439626,2025-04-23,,
33439819,2025-04-23,,
33439937,2025-04-23,,
33440571,2025-04-23,,
33441015,2025-04-24,,
33441160,2025-04-24,,
33442079,2025-04-24,,
33442164,2025-04-24,,
33443086,2025-04-24,,
33443088,2025-04-24,,
33444592,2025-04-24,,
33446600,2025-04-24,,
33450532,2025-04-24,,
33452609,2025-04-24,,
33452710,2025-04-24,,
33452993,2025-04-24,,
33455338,2025-04-24,,
33455369,2025-04-24,,
33456204,2025-04-24,,
33456684,2025-04-24,,
33457609,2025-04-24,,
33458211,2025-04-24,,
33458884,2025-04-24,,
33459026,2025-04-24,,
33459786,2025-04-24,,
33459832,2025-04-24,,
33459928,2025-04-24,,
33460661,2025-04-24,,
33461192,2025-04-25,,
33461470,2025-04-25,,
33461683,2025-04-25,,
33461790,2025-04-25,,
33461982,2025-04-25,,
33462496,2025-04-25,,
33463510,2025-04-25,,
33464201,2025-04-25,,
33465034,2025-04-25,,
33465662,2025-04-25,,
33467062,2025-04-25,,
33468404,2025-04-25,,
33468674,2025-04-25,,
33470963,2025-04-25,,
33472015,2025-04-25,,
33472434,2025-04-25,,
33473782,2025-04-25,,
33473870,2025-04-25,,
33473876,2025-04-25,,
33474005,2025-04-25,,
33474164,2025-04-25,,
33474513,2025-04-25,,
33475259,2025-04-25,,
33476682,2025-04-25,,
33476961,2025-04-25,,
33477169,2025-04-25,,
33477689,2025-04-25,,
33479318,2025-04-25,,
33479380,2025-04-26,,
33479462,2025-04-26,,
33479572,2025-04-26,,
33479577,2025-04-26,,
33479592,2025-04-26,,
33480186,2025-04-26,,
33480353,2025-04-26,,
33480361,2025-04-26,,
33480395,2025-04-26,,
33480490,2025-04-26,,
33480661,2025-04-26,,
33480723,2025-04-26,,
33480934,2025-04-26,,
33481030,2025-04-26,,
33481108,2025-04-26,,
33481237,2025-04-26,,
33481387,2025-04-26,,
33481584,2025-04-26,,
33481655,2025-04-26,,
33486682,2025-04-26,,
33488070,2025-04-26,,
33490053,2025-04-26,,
33491121,2025-04-26,,
33491217,2025-04-26,,
33493245,2025-04-27,,
33493539,2025-04-27,,
33497735,2025-04-27,,
33503199,2025-04-27,,
33503260,2025-04-27,,
33503493,2025-04-27,,
33504312,2025-04-28,,
33507131,2025-04-28,,
33513444,2025-04-28,,
33517591,2025-04-28,,
33517853,2025-04-28,,
33520855,2025-04-28,,
33521525,2025-04-28,,
33522333,2025-04-29,,
33523137,2025-04-29,,
33532144,2025-04-29,,
33533304,2025-04-29,,
33534392,2025-04-29,,
33535813,2025-04-29,,
33536022,2025-04-29,,
33539459,2025-04-29,,
33539492,2025-04-29,,
33540935,2025-04-29,,
33542131,2025-04-30,,
33542584,2025-04-30,,
33542821,2025-04-30,,
33543744,2025-04-30,,
33547263,2025-04-30,,
33548049,2025-04-30,,
33552146,2025-04-30,,
33554359,2025-04-30,,
33555691,2025-04-30,,
33556017,2025-04-30,,
33557742,2025-04-30,,
33560157,2025-05-01,,
33562964,2025-05-01,,
33565019,2025-05-01,,
33567166,2025-05-01,,
33568697,2025-05-01,,
33569220,2025-05-01,,
33571647,2025-05-01,,
33572001,2025-05-01,,
33579277,2025-05-02,,
33585255,2025-05-02,,
33587672,2025-05-02,,
33591905,2025-05-02,,
33593579,2025-05-03,,
33598956,2025-05-03,,
33601766,2025-05-03,,
33603704,2025-05-03,,
33603967,2025-05-03,,
33604029,2025-05-03,,
33605218,2025-05-03,,
33606006,2025-05-04,,
33606171,2025-05-04,,
33606288,2025-05-04,,
33606476,2025-05-04,,
33612369,2025-05-04,,
33613237,2025-05-04,,
33617501,2025-05-05,,
33617596,2025-05-05,,
33618438,2025-05-05,,
33619563,2025-05-05,,
33630328,2025-05-05,,
33630453,2025-05-05,,
33631356,2025-05-05,,
33633129,2025-05-05,,
33633838,2025-05-05,,
33639321,2025-05-06,,
33639652,2025-05-06,,
33654621,2025-05-06,,
33656239,2025-05-06,,
33665894,2025-05-07,,
33669068,2025-05-07,,
33674758,2025-05-07,,
33676130,2025-05-08,,
33684485,2025-05-08,,
33689092,2025-05-08,,
33692335,2025-05-08,,
33702906,2025-05-09,,
33704784,2025-05-09,,
33705015,2025-05-09,,
33707325,2025-05-09,,
33708151,2025-05-09,,
33708920,2025-05-09,,
33709695,2025-05-09,,
33710807,2025-05-10,,
33710961,2025-05-10,,
33711497,2025-05-10,,
33720008,2025-05-10,,
33721474,2025-05-10,,
33721655,2025-05-10,,
33722386,2025-05-11,,
33722640,2025-05-11,,
33728492,2025-05-11,,
33729347,2025-05-11,,
33730366,2025-05-11,,
33731891,2025-05-12,,
33735087,2025-05-12,,
33735191,2025-05-12,,
33738701,2025-05-12,,
33739581,2025-05-12,,
33750667,2025-05-12,,
33754680,2025-05-13,,
33761711,2025-05-13,,
33763618,2025-05-13,,
33765339,2025-05-13,,
33765541,2025-05-13,,
33766875,2025-05-13,,
33767653,2025-05-13,,
33767867,2025-05-13,,
33768507,2025-05-13,,
33769315,2025-05-13,,
33769643,2025-05-13,,
33770000,2025-05-13,,
33783087,2025-05-14,,
33785011,2025-05-14,,
33790989,2025-05-15,,
33792266,2025-05-15,,
33803519,2025-05-15,,
33805230,2025-05-15,,
33805389,2025-05-15,,
33805919,2025-05-15,,
33805928,2025-05-15,,
33810375,2025-05-16,,
33834500,2025-05-17,,
33835314,2025-05-17,,
33837196,2025-05-17,,
33839043,2025-05-18,,
33839544,2025-05-18,,
33845833,2025-05-18,,
33847151,2025-05-18,,
33848619,2025-05-18,,
33848768,2025-05-19,,
33854275,2025-05-19,,
33865365,2025-05-19,,
33865948,2025-05-19,,
33867213,2025-05-19,,
33868300,2025-05-19,,
33880222,2025-05-20,,
33881069,2025-05-20,,
33887051,2025-05-20,,
33888448,2025-05-20,,
33889772,2025-05-21,,
33889949,2025-05-21,,
33890190,2025-05-21,,
33891198,2025-05-21,,
33891328,2025-05-21,,
33895027,2025-05-21,,
33898140,2025-05-21,,
33899301,2025-05-21,,
33899358,2025-05-21,,
33899492,2025-05-21,,
33901198,2025-05-21,,
33901288,2025-05-21,,
33902207,2025-05-21,,
33902573,2025-05-21,,
33904718,2025-05-21,,
33906075,2025-05-21,,
33906828,2025-05-21,,
33907180,2025-05-21,,
33907757,2025-05-21,,
33907843,2025-05-21,,
33908264,2025-05-21,,
33910205,2025-05-22,,
33910504,2025-05-22,,
33910789,2025-05-22,,
33911197,2025-05-22,,
33913149,2025-05-22,,
33913268,2025-05-22,,
33922102,2025-05-22,,
33922945,2025-05-22,,
33923403,2025-05-22,,
33923494,2025-05-22,,
33923758,2025-05-22,,
33925166,2025-05-22,,
33925923,2025-05-22,,
33927000,2025-05-22,,
33928531,2025-05-22,,
33930570,2025-05-23,,
33930957,2025-05-23,,
33932340,2025-05-23,,
33936601,2025-05-23,,
33938039,2025-05-23,,
33940789,2025-05-23,,
33942300,2025-05-23,,
33942561,2025-05-23,,
33943071,2025-05-23,,
33943618,2025-05-23,,
33943814,2025-05-23,,
33943933,2025-05-23,,
33944380,2025-05-23,,
33944524,2025-05-23,,
33944769,2025-05-23,,
33944788,2025-05-23,,
33949037,2025-05-24,,
33951821,2025-05-24,,
33953154,2025-05-24,,
33955554,2025-05-24,,
33955555,2025-05-24,,
33955681,2025-05-24,,
33956206,2025-05-24,,
33956630,2025-05-24,,
33956663,2025-05-24,,
33956798,2025-05-24,,
33956814,2025-05-24,,
33956962,2025-05-24,,
33957266,2025-05-25,,
33957338,2025-05-25,,
33957467,2025-05-25,,
33957725,2025-05-25,,
33958018,2025-05-25,,
33958301,2025-05-25,,
33958431,2025-05-25,,
33958581,2025-05-25,,
33958895,2025-05-25,,
33959119,2025-05-25,,
33959576,2025-05-25,,
33961309,2025-05-25,,
33962212,2025-05-25,,
33963072,2025-05-25,,
33963354,2025-05-25,,
33963572,2025-05-25,,
33963621,2025-05-25,,
33964158,2025-05-25,,
33964425,2025-05-25,,
33964747,2025-05-25,,
33964817,2025-05-25,,
33965376,2025-05-25,,
33966244,2025-05-25,,
33966541,2025-05-25,,
33967181,2025-05-25,,
33967704,2025-05-26,,
33967836,2025-05-26,,
33968199,2025-05-26,,
33968309,2025-05-26,,
33968314,2025-05-26,,
33968339,2025-05-26,,
33968510,2025-05-26,,
33968703,2025-05-26,,
33968957,2025-05-26,,
33969061,2025-05-26,,
33969174,2025-05-26,,
33969458,2025-05-26,,
33969939,2025-05-26,,
33970026,2025-05-26,,
33970381,2025-05-26,,
33978016,2025-05-26,,
33979119,2025-05-26,,
33982165,2025-05-26,,
33982314,2025-05-26,,
33982730,2025-05-26,,
33983278,2025-05-26,,
33983630,2025-05-26,,
33984952,2025-05-27,,
33984971,2025-05-27,,
33996686,2025-05-27,,
33997656,2025-05-27,,
33999675,2025-05-27,,
34003571,2025-05-27,,
34004503,2025-05-27,,
34004533,2025-05-27,,
34005415,2025-05-28,,
34006386,2025-05-28,,
34008277,2025-05-28,,
34011044,2025-05-28,,
34012551,2025-05-28,,
34013540,2025-05-28,,
34014023,2025-05-28,,
34016841,2025-05-28,,
34017285,2025-05-28,,
34023787,2025-05-28,,
34036947,2025-05-29,,
34038962,2025-05-29,,
34040472,2025-05-29,,
34041800,2025-05-29,,
34041885,2025-05-29,,
34044552,2025-05-29,,
34044709,2025-05-29,,
34045507,2025-05-29,,
34046115,2025-05-29,,
34060081,2025-05-30,,
34066284,2025-05-30,,
34067391,2025-05-31,,
34077279,2025-05-31,,
34077825,2025-05-31,,
34080360,2025-05-31,,
34081968,2025-06-01,,
34088049,2025-06-01,,
34096423,2025-06-02,,
34099731,2025-06-02,,
34112451,2025-06-02,,
34112711,2025-06-02,,
34113565,2025-06-03,,
34117557,2025-06-03,,
34121555,2025-06-03,,
34126601,2025-06-03,,
34127100,2025-06-03,,
34128511,2025-06-03,,
34129313,2025-06-03,,
34130112,2025-06-03,,
34132040,2025-06-03,,
34132255,2025-06-03,,
34134067,2025-06-03,,
34134393,2025-06-03,,
34135289,2025-06-04,,
34141721,2025-06-04,,
34148484,2025-06-04,,
34148942,2025-06-04,,
34149612,2025-06-04,,
34149741,2025-06-04,,
34149786,2025-06-04,,
34152150,2025-06-04,,
34152303,2025-06-04,,
34153693,2025-06-04,,
34158124,2025-06-05,,
34163936,2025-06-05,,
34166443,2025-06-05,,
34168127,2025-06-05,,
34170802,2025-06-05,,
34172913,2025-06-05,,
34173145,2025-06-05,,
34173498,2025-06-05,,
34188196,2025-06-06,,
34191190,2025-06-07,,
34200908,2025-06-07,,
34204282,2025-06-08,,
34206789,2025-06-08,,
34207503,2025-06-08,,
34209931,2025-06-08,,
34220391,2025-06-09,,
34222322,2025-06-09,,
34240865,2025-06-10,,
34248224,2025-06-11,,
34262303,2025-06-11,,
34262405,2025-06-11,,
34264203,2025-06-11,,
34268791,2025-06-12,,
34273838,2025-06-12,,
34274741,2025-06-12,,
34285748,2025-06-12,,
34286769,2025-06-13,,
34293308,2025-06-13,,
34298530,2025-06-13,,
34300164,2025-06-13,,
34306705,2025-06-13,,
34309940,2025-06-14,,
34319398,2025-06-14,,
34321068,2025-06-14,,
34321712,2025-06-14,,
34322111,2025-06-14,,
34323285,2025-06-15,,
34323352,2025-06-15,,
34325334,2025-06-15,,
34328292,2025-06-15,,
34332324,2025-06-15,,
34336733,2025-06-16,,
34353839,2025-06-16,,
34362035,2025-06-16,,
34363769,2025-06-16,,
34363981,2025-06-16,,
34364232,2025-06-16,,
34384866,2025-06-17,,
34385908,2025-06-17,,
34388304,2025-06-17,,
34391751,2025-06-18,,
34409064,2025-06-18,,
34414083,2025-06-19,,
34414736,2025-06-19,,
34414980,2025-06-19,,
34423983,2025-06-19,,
34428328,2025-06-19,,
34430211,2025-06-19,,
34430310,2025-06-19,,
34431932,2025-06-19,,
34432652,2025-06-19,,
34432929,2025-06-19,,
34433475,2025-06-20,,
34436060,2025-06-20,,
34436275,2025-06-20,,
34436655,2025-06-20,,
34440853,2025-06-20,,
34441164,2025-06-20,,
34441630,2025-06-20,,
34443005,2025-06-20,,
34443210,2025-06-20,,
34447613,2025-06-20,,
34447826,2025-06-20,,
34449118,2025-06-21,,
34449554,2025-06-21,,
34449728,2025-06-21,,
34453414,2025-06-21,,
34453541,2025-06-21,,
34455317,2025-06-21,,
34457592,2025-06-21,,
34458253,2025-06-21,,
34458464,2025-06-21,,
34459275,2025-06-21,,
34460379,2025-06-21,,
34461182,2025-06-21,,
34461234,2025-06-21,,
34462609,2025-06-22,,
34464991,2025-06-22,,
34465078,2025-06-22,,
34466774,2025-06-22,,
34467335,2025-06-22,,
34467416,2025-06-22,,
34468011,2025-06-22,,
34471397,2025-06-22,,
34472268,2025-06-23,,
34483204,2025-06-23,,
34484134,2025-06-23,,
34486637,2025-06-23,,
34487655,2025-06-23,,
34488014,2025-06-23,,
34488998,2025-06-23,,
34490060,2025-06-23,,
34491523,2025-06-24,,
34491889,2025-06-24,,
34492323,2025-06-24,,
34492646,2025-06-24,,
34493901,2025-06-24,,
34497865,2025-06-24,,
34499481,2025-06-24,,
34501710,2025-06-24,,
34502372,2025-06-24,,
34503285,2025-06-24,,
34503936,2025-06-24,,
34505240,2025-06-24,,
34505691,2025-06-24,,
34505893,2025-06-24,,
34506246,2025-06-24,,
34506318,2025-06-24,,
34506986,2025-06-24,,
34508360,2025-06-24,,
34508846,2025-06-24,,
34508910,2025-06-24,,
34509009,2025-06-24,,
34509011,2025-06-24,,
34512204,2025-06-25,,
34512346,2025-06-25,,
34512994,2025-06-25,,
34514882,2025-06-25,,
34515997,2025-06-25,,
34516104,2025-06-25,,
34519044,2025-06-25,,
34520554,2025-06-25,,
34521139,2025-06-25,,
34521973,2025-06-25,,
34523354,2025-06-25,,
34525791,2025-06-25,,
34526004,2025-06-25,,
34526603,2025-06-25,,
34526921,2025-06-25,,
34527712,2025-06-25,,
34527784,2025-06-25,,
34527944,2025-06-25,,
34527996,2025-06-25,,
34528705,2025-06-25,,
34528724,2025-06-25,,
34528749,2025-06-25,,
34528928,2025-06-25,,
34529005,2025-06-25,,
34531184,2025-06-26,,
34531200,2025-06-26,,
34531650,2025-06-26,,
34531763,2025-06-26,,
34533021,2025-06-26,,
34534373,2025-06-26,,
34534407,2025-06-26,,
34538765,2025-06-26,,
34544598,2025-06-26,,
34544891,2025-06-26,,
34544998,2025-06-26,,
34546778,2025-06-26,,
34549701,2025-06-27,,
34550364,2025-06-27,,
34550956,2025-06-27,,
34553371,2025-06-27,,
34557123,2025-06-27,,
34557469,2025-06-27,,
34558717,2025-06-27,,
34560215,2025-06-27,,
34562870,2025-06-27,,
34562890,2025-06-27,,
34565264,2025-06-28,,
34567740,2025-06-28,,
34569964,2025-06-28,,
34571959,2025-06-28,,
34575162,2025-06-28,,
34576995,2025-06-28,,
34577197,2025-06-28,,
34577946,2025-06-29,,
34581554,2025-06-29,,
34581680,2025-06-29,,
34582057,2025-06-29,,
34582250,2025-06-29,,
34582621,2025-06-29,,
34582794,2025-06-29,,
34583591,2025-06-29,,
34583626,2025-06-29,,
34585074,2025-06-29,,
34585318,2025-06-29,,
34585413,2025-06-29,,
34586226,2025-06-29,,
34586733,2025-06-29,,
34588250,2025-06-30,,
34590717,2025-06-30,,
34592641,2025-06-30,,
34594650,2025-06-30,,
34595164,2025-06-30,,
34598654,2025-06-30,,
34600233,2025-06-30,,
34600763,2025-06-30,,
34600970,2025-06-30,,
34601173,2025-06-30,,
34601892,2025-06-30,,
34602283,2025-06-30,,
34603249,2025-06-30,,
34604544,2025-06-30,,
34607887,2025-07-01,,
34617541,2025-07-01,,
34622824,2025-07-01,,
34623075,2025-07-01,,
34623799,2025-07-01,,
34624079,2025-07-01,,
34624684,2025-07-02,,
34630041,2025-07-02,,
34635601,2025-07-02,,
34636861,2025-07-02,,
34639678,2025-07-02,,
34641262,2025-07-02,,
34649615,2025-07-03,,
34651806,2025-07-03,,
34655640,2025-07-03,,
34656191,2025-07-03,,
34656350,2025-07-03,,
34656360,2025-07-03,,
34658570,2025-07-03,,
34660659,2025-07-04,,
34672293,2025-07-04,,
34672690,2025-07-04,,
34673062,2025-07-04,,
34678480,2025-07-05,,
34678762,2025-07-05,,
34681081,2025-07-05,,
34682639,2025-07-05,,
34683051,2025-07-05,,
34683816,2025-07-05,,
34684206,2025-07-05,,
34684329,2025-07-05,,
34685029,2025-07-05,,
34685962,2025-07-06,,
34686440,2025-07-06,,
34691879,2025-07-06,,
34691902,2025-07-06,,
34692460,2025-07-06,,
34695082,2025-07-06,,
34695415,2025-07-06,,
34697413,2025-07-07,,
34703995,2025-07-07,,
34707984,2025-07-07,,
34708521,2025-07-07,,
34710043,2025-07-07,,
34710993,2025-07-07,,
34712756,2025-07-07,,
34713037,2025-07-07,,
34714650,2025-07-08,,
34715678,2025-07-08,,
34716168,2025-07-08,,
34716228,2025-07-08,,
34716920,2025-07-08,,
34721835,2025-07-08,,
34721905,2025-07-08,,
34727263,2025-07-08,,
34729524,2025-07-08,,
34731907,2025-07-08,,
34733610,2025-07-08,,
34734391,2025-07-08,,
34735853,2025-07-09,,
34736187,2025-07-09,,
34736237,2025-07-09,,
34736759,2025-07-09,,
34736924,2025-07-09,,
34746848,2025-07-09,,
34746948,2025-07-09,,
34750018,2025-07-09,,
34750824,2025-07-09,,
34752218,2025-07-09,,
34752626,2025-07-09,,
34753430,2025-07-09,,
34768992,2025-07-10,,
34770042,2025-07-10,,
34771870,2025-07-10,,
34772667,2025-07-10,,
34772815,2025-07-10,,
34773399,2025-07-11,,
34779963,2025-07-11,,
34789243,2025-07-11,,
34790292,2025-07-12,,
34796224,2025-07-12,,
34797951,2025-07-12,,
34801067,2025-07-12,,
34801408,2025-07-12,,
34803785,2025-07-13,,
34804017,2025-07-13,,
34804244,2025-07-13,,
34809039,2025-07-13,,
34811459,2025-07-13,,
34812563,2025-07-13,,
34812916,2025-07-13,,
34814054,2025-07-13,,
34819195,2025-07-14,,
34823208,2025-07-14,,
34825818,2025-07-14,,
34833406,2025-07-15,,
34835222,2025-07-15,,
34835810,2025-07-15,,
34839362,2025-07-15,,
34844948,2025-07-15,,
34845962,2025-07-15,,
34847882,2025-07-15,,
34848590,2025-07-15,,
34852156,2025-07-15,,
34852388,2025-07-15,,
34852404,2025-07-15,,
34854674,2025-07-16,,
34858042,2025-07-16,,
34860556,2025-07-16,,
34870647,2025-07-16,,
34872545,2025-07-16,,
34873118,2025-07-16,,
34873464,2025-07-16,,
34874245,2025-07-17,,
34874644,2025-07-17,,
34876225,2025-07-17,,
34876412,2025-07-17,,
34883900,2025-07-17,,
34884633,2025-07-17,,
34891190,2025-07-17,,
34893229,2025-07-17,,
34895693,2025-07-17,,
34896315,2025-07-17,,
34897025,2025-07-18,,
34898231,2025-07-18,,
34904262,2025-07-18,,
34907513,2025-07-18,,
34908912,2025-07-18,,
34910187,2025-07-18,,
34912350,2025-07-18,,
34912734,2025-07-18,,
34912907,2025-07-18,,
34913376,2025-07-18,,
34914133,2025-07-18,,
34915586,2025-07-19,,
34915885,2025-07-19,,
34917644,2025-07-19,,
34924798,2025-07-19,,
34927136,2025-07-19,,
34927640,2025-07-19,,
34927689,2025-07-19,,
34929728,2025-07-20,,
34932701,2025-07-20,,
34933858,2025-07-20,,
34934802,2025-07-20,,
34935475,2025-07-20,,
34937022,2025-07-20,,
34937187,2025-07-20,,
34939573,2025-07-20,,
34941040,2025-07-21,,
34942383,2025-07-21,,
34945149,2025-07-21,,
34949207,2025-07-21,,
34954130,2025-07-21,,
34955355,2025-07-21,,
34955488,2025-07-21,,
34957077,2025-07-21,,
34957346,2025-07-21,,
34958074,2025-07-21,,
34958977,2025-07-21,,
34959235,2025-07-21,,
34959544,2025-07-21,,
34959742,2025-07-21,,
34959818,2025-07-21,,
34959946,2025-07-21,,
34960238,2025-07-21,,
34960674,2025-07-21,,
34960825,2025-07-21,,
34961291,2025-07-22,,
34963059,2025-07-22,,
34963337,2025-07-22,,
34965648,2025-07-22,,
34966097,2025-07-22,,
34969679,2025-07-22,,
34972571,2025-07-22,,
34975331,2025-07-22,,
34975884,2025-07-22,,
34976585,2025-07-22,,
34977420,2025-07-22,,
34978095,2025-07-22,,
34978347,2025-07-22,,
34979074,2025-07-22,,
34979099,2025-07-22,,
34979562,2025-07-22,,
34980217,2025-07-22,,
34980841,2025-07-22,,
34981324,2025-07-22,,
34982214,2025-07-23,,
34982246,2025-07-23,,
34986211,2025-07-23,,
34991143,2025-07-23,,
34994876,2025-07-23,,
34996497,2025-07-23,,
34996575,2025-07-23,,
34996845,2025-07-23,,
34996857,2025-07-23,,
34997941,2025-07-23,,
35000030,2025-07-23,,
35000031,2025-07-23,,
35000195,2025-07-23,,
35000549,2025-07-23,,
35002246,2025-07-24,,
35002706,2025-07-24,,
35003009,2025-07-24,,
35004186,2025-07-24,,
35004378,2025-07-24,,
35005385,2025-07-24,,
35010896,2025-07-24,,
35013167,2025-07-24,,
35013175,2025-07-24,,
35013385,2025-07-24,,
35013881,2025-07-24,,
35014586,2025-07-24,,
35016576,2025-07-24,,
35018890,2025-07-24,,
35019113,2025-07-24,,
35021140,2025-07-24,,
35021819,2025-07-25,,
35021924,2025-07-25,,
35022030,2025-07-25,,
35022277,2025-07-25,,
35022877,2025-07-25,,
35023339,2025-07-25,,
35023501,2025-07-25,,
35023701,2025-07-25,,
35023958,2025-07-25,,
35029241,2025-07-25,,
35029412,2025-07-25,,
35030535,2025-07-25,,
35031582,2025-07-25,,
35031997,2025-07-25,,
35032581,2025-07-25,,
35033068,2025-07-25,,
35034188,2025-07-25,,
35034499,2025-07-25,,
35035572,2025-07-25,,
35035853,2025-07-25,,
35036407,2025-07-25,,
35037577,2025-07-25,,
35037768,2025-07-25,,
35037833,2025-07-25,,
35037848,2025-07-25,,
35038092,2025-07-25,,
35038523,2025-07-25,,
35038785,2025-07-25,,
35038949,2025-07-25,,
35039220,2025-07-26,,
35039278,2025-07-26,,
35039333,2025-07-26,,
35039904,2025-07-26,,
35040030,2025-07-26,,
35040540,2025-07-26,,
35040671,2025-07-26,,
35040774,2025-07-26,,
35041735,2025-07-26,,
35042873,2025-07-26,,
35045954,2025-07-26,,
35047001,2025-07-26,,
35047853,2025-07-26,,
35049343,2025-07-26,,
35049476,2025-07-26,,
35050275,2025-07-26,,
35050601,2025-07-26,,
35051347,2025-07-26,,
35051421,2025-07-26,,
35051459,2025-07-26,,
35051871,2025-07-26,,
35052657,2025-07-27,,
35053490,2025-07-27,,
35058021,2025-07-27,,
35058323,2025-07-27,,
35059705,2025-07-27,,
35060231,2025-07-27,,
35061013,2025-07-27,,
35061227,2025-07-27,,
35061393,2025-07-27,,
35061763,2025-07-27,,
35062357,2025-07-27,,
35063502,2025-07-27,,
35064188,2025-07-28,,
35067195,2025-07-28,,
35071055,2025-07-28,,
35075315,2025-07-28,,
35076831,2025-07-28,,
35077747,2025-07-28,,
35079754,2025-07-28,,
35080620,2025-07-28,,
35080727,2025-07-28,,
35081928,2025-07-28,,
35082089,2025-07-28,,
35083051,2025-07-29,,
35083988,2025-07-29,,
35084498,2025-07-29,,
35086031,2025-07-29,,
35086781,2025-07-29,,
35097619,2025-07-29,,
35097867,2025-07-29,,
35099338,2025-07-29,,
35099480,2025-07-29,,
35102035,2025-07-29,,
35102265,2025-07-29,,
35102804,2025-07-30,,
35104487,2025-07-30,,
35114545,2025-07-30,,
35115160,2025-07-30,,
35119539,2025-07-30,,
35120185,2025-07-30,,
35124355,2025-07-31,,
35124434,2025-07-31,,
35126684,2025-07-31,,
35132414,2025-07-31,,
35136682,2025-07-31,,
35138731,2025-07-31,,
35142295,2025-07-31,,
35143035,2025-07-31,,
35144059,2025-07-31,,
35144496,2025-07-31,,
35145062,2025-07-31,,
35148254,2025-08-01,,
35154429,2025-08-01,,
35157004,2025-08-01,,
35157368,2025-08-01,,
35160286,2025-08-01,,
35163966,2025-08-01,,
35164093,2025-08-01,,
35165918,2025-08-02,,
35173340,2025-08-02,,
35174544,2025-08-02,,
35176302,2025-08-02,,
35176706,2025-08-02,,
35176924,2025-08-02,,
35177479,2025-08-02,,
35178082,2025-08-02,,
35178782,2025-08-03,,
35179241,2025-08-03,,
35179735,2025-08-03,,
35182934,2025-08-03,,
35183617,2025-08-03,,
35184076,2025-08-03,,
35184835,2025-08-03,,
35187172,2025-08-03,,
35187580,2025-08-03,,
35190094,2025-08-04,,
35190343,2025-08-04,,
35194151,2025-08-04,,
35200708,2025-08-04,,
35201567,2025-08-04,,
35205376,2025-08-04,,
35206239,2025-08-04,,
35208197,2025-08-04,,
35208888,2025-08-04,,
35212069,2025-08-05,,
35212910,2025-08-05,,
35219886,2025-08-05,,
35224411,2025-08-05,,
35226074,2025-08-05,,
35226642,2025-08-05,,
35227147,2025-08-05,,
35227371,2025-08-05,,
35227486,2025-08-05,,
35227598,2025-08-05,,
35228919,2025-08-05,,
35234356,2025-08-06,,
35241375,2025-08-06,,
35242486,2025-08-06,,
35245710,2025-08-06,,
35247835,2025-08-06,,
35248190,2025-08-06,,
35248374,2025-08-06,,
35250129,2025-08-06,,
35250649,2025-08-07,,
35250831,2025-08-07,,
35256978,2025-08-07,,
35258860,2025-08-07,,
35261466,2025-08-07,,
35265096,2025-08-07,,
35266648,2025-08-07,,
35266768,2025-08-07,,
35268339,2025-08-07,,
35269030,2025-08-07,,
35269453,2025-08-07,,
35271410,2025-08-08,,
35271455,2025-08-08,,
35271869,2025-08-08,,
35278911,2025-08-08,,
35279518,2025-08-08,,
35283190,2025-08-08,,
35283312,2025-08-08,,
35287985,2025-08-09,,
35288520,2025-08-09,,
35288643,2025-08-09,,
35288851,2025-08-09,,
35296492,2025-08-09,,
35296777,2025-08-09,,
35296951,2025-08-09,,
35297157,2025-08-09,,
35297312,2025-08-09,,
35297512,2025-08-09,,
35297828,2025-08-09,,
35297943,2025-08-09,,
35298422,2025-08-09,,
35301000,2025-08-10,,
35301575,2025-08-10,,
35302018,2025-08-10,,
35308937,2025-08-10,,
35309771,2025-08-10,,
35311840,2025-08-10,,
35314119,2025-08-11,,
35323379,2025-08-11,,
35323867,2025-08-11,,
35324730,2025-08-11,,
35325439,2025-08-11,,
35325465,2025-08-11,,
35325985,2025-08-11,,
35329543,2025-08-11,,
35330896,2025-08-11,,
35331285,2025-08-11,,
35331323,2025-08-11,,
35332341,2025-08-11,,
35333100,2025-08-12,,
35334305,2025-08-12,,
35334416,2025-08-12,,
35334596,2025-08-12,,
35335080,2025-08-12,,
35337031,2025-08-12,,
35339906,2025-08-12,,
35348286,2025-08-12,,
35350538,2025-08-12,,
35351065,2025-08-12,,
35351161,2025-08-12,,
35351256,2025-08-12,,
35365010,2025-08-13,,
35366007,2025-08-13,,
35370645,2025-08-13,,
35371570,2025-08-13,,
35372127,2025-08-13,,
35373164,2025-08-14,,
35373433,2025-08-14,,
35373937,2025-08-14,,
35374655,2025-08-14,,
35379834,2025-08-14,,
35380451,2025-08-14,,
35381834,2025-08-14,,
35384555,2025-08-14,,
35386247,2025-08-14,,
35387457,2025-08-14,,
35388733,2025-08-14,,
35388853,2025-08-14,,
35388994,2025-08-15,,
35389610,2025-08-15,,
35390431,2025-08-15,,
35390484,2025-08-15,,
35391302,2025-08-15,,
35394907,2025-08-15,,
35395331,2025-08-15,,
35397322,2025-08-15,,
35397510,2025-08-15,,
35398492,2025-08-15,,
35400709,2025-08-15,,
35401970,2025-08-15,,
35402265,2025-08-16,,
35403314,2025-08-16,,
35403488,2025-08-16,,
35408374,2025-08-16,,
35408523,2025-08-16,,
35411049,2025-08-16,,
35412545,2025-08-16,,
35413876,2025-08-16,,
35414142,2025-08-16,,
35414406,2025-08-16,,
35419355,2025-08-17,,
35419569,2025-08-17,,
35421066,2025-08-17,,
35422073,2025-08-17,,
35422979,2025-08-17,,
35423426,2025-08-17,,
35423472,2025-08-17,,
35424510,2025-08-17,,
35424680,2025-08-18,,
35425658,2025-08-18,,
35434205,2025-08-18,,
35435529,2025-08-18,,
35435694,2025-08-18,,
35437071,2025-08-18,,
35437547,2025-08-18,,
35437603,2025-08-18,,
35438785,2025-08-18,,
35439058,2025-08-18,,
35439282,2025-08-18,,
35439336,2025-08-18,,
35440845,2025-08-18,,
35449663,2025-08-19,,
35451906,2025-08-19,,
35455013,2025-08-19,,
35458305,2025-08-19,,
35459345,2025-08-19,,
35459370,2025-08-19,,
35459908,2025-08-19,,
35460202,2025-08-19,,
35460742,2025-08-19,,
35460770,2025-08-20,,
35461840,2025-08-20,,
35462607,2025-08-20,,
35463544,2025-08-20,,
35466290,2025-08-20,,
35468867,2025-08-20,,
35471786,2025-08-20,,
35474089,2025-08-20,,
35475547,2025-08-20,,
35476597,2025-08-20,,
35477167,2025-08-20,,
35478212,2025-08-20,,
35478973,2025-08-20,,
35479062,2025-08-20,,
35479391,2025-08-21,,
35480665,2025-08-21,,
35480948,2025-08-21,,
35482031,2025-08-21,,
35486870,2025-08-21,,
35489437,2025-08-21,,
35491031,2025-08-21,,
35492732,2025-08-21,,
35493897,2025-08-21,,
35494374,2025-08-21,,
35494788,2025-08-21,,
35499179,2025-08-22,,
35499987,2025-08-22,,
35500355,2025-08-22,,
35504220,2025-08-22,,
35505796,2025-08-22,,
35508073,2025-08-22,,
35509130,2025-08-22,,
35509669,2025-08-22,,
35510886,2025-08-22,,
35511935,2025-08-22,,
35512252,2025-08-22,,
35513806,2025-08-23,,
35514040,2025-08-23,,
35514594,2025-08-23,,
35514884,2025-08-23,,
35517460,2025-08-23,,
35522744,2025-08-23,,
35523388,2025-08-23,,
35524821,2025-08-23,,
35524986,2025-08-23,,
35526315,2025-08-24,,
35526379,2025-08-24,,
35526385,2025-08-24,,
35527392,2025-08-24,,
35529004,2025-08-24,,
35529895,2025-08-24,,
35530929,2025-08-24,,
35533050,2025-08-24,,
35537222,2025-08-25,,
35537716,2025-08-25,,
35537718,2025-08-25,,
35537826,2025-08-25,,
35538030,2025-08-25,,
35538067,2025-08-25,,
35538102,2025-08-25,,
35538630,2025-08-25,,
35538904,2025-08-25,,
35539126,2025-08-25,,
35539170,2025-08-25,,
35540584,2025-08-25,,
35546949,2025-08-25,,
35547552,2025-08-25,,
35547837,2025-08-25,,
35549903,2025-08-25,,
35550831,2025-08-25,,
35552053,2025-08-25,,
35552252,2025-08-25,,
35553119,2025-08-25,,
35553648,2025-08-25,,
35553656,2025-08-25,,
35553662,2025-08-25,,
35553806,2025-08-25,,
35554723,2025-08-25,,
35554868,2025-08-25,,
35555002,2025-08-25,,
35555240,2025-08-25,,
35555443,2025-08-25,,
35555501,2025-08-25,,
35555557,2025-08-25,,
35555748,2025-08-25,,
35555898,2025-08-25,,
35556182,2025-08-26,,
35556499,2025-08-26,,
35556511,2025-08-26,,
35556529,2025-08-26,,
35556574,2025-08-26,,
35556618,2025-08-26,,
35556678,2025-08-26,,
35557081,2025-08-26,,
35557221,2025-08-26,,
35557383,2025-08-26,,
35557540,2025-08-26,,
35557859,2025-08-26,,
35557956,2025-08-26,,
35558315,2025-08-26,,
35558559,2025-08-26,,
35559315,2025-08-26,,
35559618,2025-08-26,,
35559949,2025-08-26,,
35562086,2025-08-26,,
35565897,2025-08-26,,
35566235,2025-08-26,,
35568472,2025-08-26,,
35568765,2025-08-26,,
35570716,2025-08-26,,
35571446,2025-08-26,,
35573024,2025-08-26,,
35574144,2025-08-26,,
35575194,2025-08-27,,
35575253,2025-08-27,,
35576135,2025-08-27,,
35576502,2025-08-27,,
35579405,2025-08-27,,
35580921,2025-08-27,,
35584650,2025-08-27,,
35585780,2025-08-27,,
35585859,2025-08-27,,
35586510,2025-08-27,,
35586624,2025-08-27,,
35587164,2025-08-27,,
35587415,2025-08-27,,
35588221,2025-08-27,,
35588568,2025-08-27,,
35588591,2025-08-27,,
35588708,2025-08-27,,
35588846,2025-08-27,,
35589285,2025-08-27,,
35589335,2025-08-27,,
35590200,2025-08-27,,
35591658,2025-08-27,,
35592776,2025-08-27,,
35593585,2025-08-28,,
35594134,2025-08-28,,
35594622,2025-08-28,,
35596165,2025-08-28,,
35601009,2025-08-28,,
35604833,2025-08-28,,
35607506,2025-08-28,,
35608302,2025-08-28,,
35608745,2025-08-28,,
35609024,2025-08-28,,
35609998,2025-08-28,,
35610186,2025-08-28,,
35610640,2025-08-28,,
35610986,2025-08-28,,
35612502,2025-08-29,,
35612576,2025-08-29,,
35613185,2025-08-29,,
35613328,2025-08-29,,
35613853,2025-08-29,,
35621812,2025-08-29,,
35622545,2025-08-29,,
35623184,2025-08-29,,
35626801,2025-08-29,,
35626915,2025-08-29,,
35627198,2025-08-29,,
35627668,2025-08-29,,
35637929,2025-08-30,,
35638998,2025-08-30,,
35639840,2025-08-30,,
35640204,2025-08-30,,
35640349,2025-08-30,,
35644279,2025-08-31,,
35645533,2025-08-31,,
35647585,2025-08-31,,
35647817,2025-08-31,,
35650230,2025-08-31,,
35650942,2025-08-31,,
35651490,2025-08-31,,
35651911,2025-09-01,,
35655879,2025-09-01,,
35656674,2025-09-01,,
35660351,2025-09-01,,
35661878,2025-09-01,,
35667080,2025-09-01,,
35667824,2025-09-01,,
35668189,2025-09-01,,
35670980,2025-09-02,,
35670987,2025-09-02,,
35681129,2025-09-02,,
35681250,2025-09-02,,
35683619,2025-09-02,,
35685235,2025-09-02,,
35686257,2025-09-02,,
35687557,2025-09-02,,
35687563,2025-09-02,,
35688077,2025-09-03,,
35689567,2025-09-03,,
35689958,2025-09-03,,
35692066,2025-09-03,,
35694166,2025-09-03,,
35697510,2025-09-03,,
35698631,2025-09-03,,
35702310,2025-09-03,,
35702859,2025-09-03,,
35703606,2025-09-03,,
35703666,2025-09-03,,
35704761,2025-09-03,,
35706724,2025-09-03,,
35707059,2025-09-03,,
35707309,2025-09-03,,
35707363,2025-09-03,,
35708136,2025-09-03,,
35708194,2025-09-03,,
35709388,2025-09-04,,
35716880,2025-09-04,,
35718744,2025-09-04,,
35719957,2025-09-04,,
35720065,2025-09-04,,
35721711,2025-09-04,,
35721990,2025-09-04,,
35722394,2025-09-04,,
35723513,2025-09-04,,
35724119,2025-09-04,,
35727448,2025-09-04,,
35728453,2025-09-05,,
35729246,2025-09-05,,
35730597,2025-09-05,,
35731079,2025-09-05,,
35737993,2025-09-05,,
35744789,2025-09-05,,
35745782,2025-09-06,,
35745912,2025-09-06,,
35746189,2025-09-06,,
35746486,2025-09-06,,
35749929,2025-09-06,,
35752868,2025-09-06,,
35755084,2025-09-06,,
35755913,2025-09-06,,
35758138,2025-09-07,,
35761179,2025-09-07,,
35763255,2025-09-07,,
35763579,2025-09-07,,
35766412,2025-09-07,,
35766794,2025-09-07,,
35771712,2025-09-08,,
35777323,2025-09-08,,
35777707,2025-09-08,,
35781819,2025-09-08,,
35786623,2025-09-08,,
35786772,2025-09-08,,
35787059,2025-09-08,,
35789576,2025-09-09,,
35793535,2025-09-09,,
35806002,2025-09-09,,
35810241,2025-09-09,,
35810532,2025-09-09,,
35812938,2025-09-09,,
35814998,2025-09-09,,
35815717,2025-09-10,,
35818242,2025-09-10,,
35829288,2025-09-10,,
35829746,2025-09-10,,
35833735,2025-09-10,,
35835175,2025-09-11,,
35835251,2025-09-11,,
35838604,2025-09-11,,
35848364,2025-09-11,,
35849564,2025-09-11,,
35849596,2025-09-11,,
35850145,2025-09-11,,
35851047,2025-09-11,,
35859564,2025-09-12,,
35862087,2025-09-12,,
35862661,2025-09-12,,
35862965,2025-09-12,,
35864414,2025-09-12,,
35865241,2025-09-12,,
35866380,2025-09-12,,
35877059,2025-09-13,,
35877071,2025-09-13,,
35879362,2025-09-13,,
35879904,2025-09-14,,
35880345,2025-09-14,,
35880463,2025-09-14,,
35886184,2025-09-14,,
35886568,2025-09-14,,
35887029,2025-09-14,,
35889675,2025-09-14,,
35890289,2025-09-15,,
35890356,2025-09-15,,
35894497,2025-09-15,,
35895131,2025-09-15,,
35899150,2025-09-15,,
35900056,2025-09-15,,
35901544,2025-09-15,,
35902149,2025-09-15,,
35902659,2025-09-15,,
35906210,2025-09-15,,
35906855,2025-09-15,,
35906865,2025-09-15,,
35907029,2025-09-15,,
35909381,2025-09-16,,
35909983,2025-09-16,,
35911057,2025-09-16,,
35912002,2025-09-16,,
35919584,2025-09-16,,
35924578,2025-09-16,,
35926618,2025-09-16,,
35929652,2025-09-17,,
35929776,2025-09-17,,
35929964,2025-09-17,,
35939307,2025-09-17,,
35942314,2025-09-17,,
35942649,2025-09-17,,
35944704,2025-09-17,,
35948806,2025-09-18,,
35949309,2025-09-18,,
35952557,2025-09-18,,
35954101,2025-09-18,,
35960272,2025-09-18,,
35960610,2025-09-18,,
35961670,2025-09-18,,
35961940,2025-09-18,,
35961985,2025-09-18,,
35963918,2025-09-18,,
35964099,2025-09-18,,
35964109,2025-09-18,,
35964766,2025-09-18,,
35964864,2025-09-18,,
35967120,2025-09-19,,
35972893,2025-09-19,,
35976418,2025-09-19,,
35976607,2025-09-19,,
35976890,2025-09-19,,
35980515,2025-09-20,,
35981034,2025-09-20,,
35991408,2025-09-20,,
35993816,2025-09-21,,
35998131,2025-09-21,,
35999589,2025-09-21,,
36000078,2025-09-21,,
36001469,2025-09-21,,
36003802,2025-09-22,,
36011226,2025-09-22,,
36011803,2025-09-22,,
36012572,2025-09-22,,
36017396,2025-09-22,,
36019282,2025-09-22,,
36019362,2025-09-22,,
36020675,2025-09-23,,
36021198,2025-09-23,,
36021335,2025-09-23,,
36021926,2025-09-23,,
36031363,2025-09-23,,
36032704,2025-09-23,,
36033053,2025-09-23,,
36034480,2025-09-23,,
36034651,2025-09-23,,
36034748,2025-09-23,,
36036932,2025-09-23,,
36037372,2025-09-23,,
36038157,2025-09-24,,
36038297,2025-09-24,,
36038619,2025-09-24,,
36039309,2025-09-24,,
36041981,2025-09-24,,
36043696,2025-09-24,,
36051627,2025-09-24,,
36051835,2025-09-24,,
36054285,2025-09-24,,
36054887,2025-09-24,,
36055044,2025-09-24,,
36055230,2025-09-24,,
36055752,2025-09-24,,
36055865,2025-09-24,,
36056860,2025-09-25,,
36058675,2025-09-25,,
36059256,2025-09-25,,
36069189,2025-09-25,,
36070297,2025-09-25,,
36070526,2025-09-25,,
36070882,2025-09-25,,
36070983,2025-09-25,,
36071322,2025-09-25,,
36072041,2025-09-25,,
36072397,2025-09-25,,
36073436,2025-09-25,,
36073690,2025-09-25,,
36074036,2025-09-25,,
36074680,2025-09-26,,
36075130,2025-09-26,,
36075333,2025-09-26,,
36075734,2025-09-26,,
36075784,2025-09-26,,
36075830,2025-09-26,,
36075871,2025-09-26,,
36075909,2025-09-26,,
36075995,2025-09-26,,
36076021,2025-09-26,,
36076084,2025-09-26,,
36077488,2025-09-26,,
36078402,2025-09-26,,
36079732,2025-09-26,,
36085139,2025-09-26,,
36086586,2025-09-26,,
36088836,2025-09-26,,
36092345,2025-09-27,,
36092369,2025-09-27,,
36096881,2025-09-27,,
36098811,2025-09-27,,
36099259,2025-09-27,,
36099454,2025-09-27,,
36099615,2025-09-27,,
36101904,2025-09-27,,
36102250,2025-09-27,,
36103069,2025-09-27,,
36103477,2025-09-28,,
36104227,2025-09-28,,
36113083,2025-09-28,,
36113263,2025-09-28,,
36114200,2025-09-29,,
36114250,2025-09-29,,
36115460,2025-09-29,,
36116089,2025-09-29,,
36118485,2025-09-29,,
36121117,2025-09-29,,
36130141,2025-09-29,,
36133259,2025-09-30,,
36134185,2025-09-30,,
36135565,2025-09-30,,
36135857,2025-09-30,,
36141315,2025-09-30,,
36151215,2025-09-30,,
36151523,2025-09-30,,
36153121,2025-10-01,,
36153140,2025-10-01,,
36153384,2025-10-01,,
36162404,2025-10-01,,
36162735,2025-10-01,,
36166290,2025-10-01,,
36166416,2025-10-01,,
36167555,2025-10-01,,
36167753,2025-10-01,,
36171038,2025-10-02,,
36173058,2025-10-02,,
36178117,2025-10-02,,
36178681,2025-10-02,,
36180919,2025-10-02,,
36186635,2025-10-03,,
36187335,2025-10-03,,
36187784,2025-10-03,,
36188949,2025-10-03,,
36194220,2025-10-03,,
36198274,2025-10-03,,
36207232,2025-10-03,,
36207714,2025-10-03,,
36207924,2025-10-03,,
36207947,2025-10-03,,
36222849,2025-10-04,,
36223928,2025-10-04,,
36227804,2025-10-05,,
36227835,2025-10-05,,
36228752,2025-10-05,,
36232392,2025-10-05,,
36232513,2025-10-05,,
36236192,2025-10-05,,
36238352,2025-10-06,,
36238821,2025-10-06,,
36248616,2025-10-06,,
36249588,2025-10-06,,
36249841,2025-10-06,,
36252942,2025-10-06,,
36254747,2025-10-06,,
36258473,2025-10-07,,
36258778,2025-10-07,,
36266754,2025-10-07,,
36269457,2025-10-07,,
36275270,2025-10-07,,
36275359,2025-10-07,,
36275692,2025-10-08,,
36275902,2025-10-08,,
36276152,2025-10-08,,
36276941,2025-10-08,,
36281713,2025-10-08,,
36282934,2025-10-08,,
36284987,2025-10-08,,
36287697,2025-10-08,,
36289969,2025-10-08,,
36291232,2025-10-08,,
36294330,2025-10-09,,
36295130,2025-10-09,,
36295960,2025-10-09,,
36298678,2025-10-09,,
36308735,2025-10-09,,
36311697,2025-10-10,,
36312420,2025-10-10,,
36313067,2025-10-10,,
36320025,2025-10-10,,
36335169,2025-10-11,,
36339438,2025-10-12,,
36344735,2025-10-12,,
36345562,2025-10-12,,
36347374,2025-10-12,,
36348546,2025-10-12,,
36348955,2025-10-12,,
36350147,2025-10-13,,
36350614,2025-10-13,,
36352180,2025-10-13,,
36361452,2025-10-13,,
36363583,2025-10-13,,
36363824,2025-10-13,,
36364391,2025-10-13,,
36364783,2025-10-13,,
36365549,2025-10-13,,
36367921,2025-10-13,,
36368117,2025-10-13,,
36368264,2025-10-13,,
36369344,2025-10-14,,
36369391,2025-10-14,,
36370121,2025-10-14,,
36370166,2025-10-14,,
36372524,2025-10-14,,
36373395,2025-10-14,,
36380862,2025-10-14,,
36380949,2025-10-14,,
36382142,2025-10-14,,
36382426,2025-10-14,,
36384178,2025-10-14,,
36384339,2025-10-14,,
36385663,2025-10-14,,
36386027,2025-10-14,,
36387068,2025-10-14,,
36388302,2025-10-15,,
36389224,2025-10-15,,
36389317,2025-10-15,,
36393744,2025-10-15,,
36395784,2025-10-15,,
36396695,2025-10-15,,
36398882,2025-10-15,,
36399737,2025-10-15,,
36400380,2025-10-15,,
36401970,2025-10-15,,
36403719,2025-10-15,,
36409013,2025-10-16,,
36414841,2025-10-16,,
36416791,2025-10-16,,
36417978,2025-10-16,,
36419682,2025-10-16,,
36420007,2025-10-16,,
36421662,2025-10-16,,
36421814,2025-10-16,,
36421874,2025-10-16,,
36423946,2025-10-16,,
36426310,2025-10-17,,
36436378,2025-10-17,,
36437775,2025-10-17,,
36438946,2025-10-17,,
36438960,2025-10-17,,
36439932,2025-10-17,,
36440367,2025-10-17,,
36441052,2025-10-17,,
36441191,2025-10-18,,
36441453,2025-10-18,,
36441484,2025-10-18,,
36442030,2025-10-18,,
36442250,2025-10-18,,
36442624,2025-10-18,,
36448897,2025-10-18,,
36450764,2025-10-18,,
36451753,2025-10-18,,
36452028,2025-10-18,,
36452030,2025-10-18,,
36452671,2025-10-18,,
36452812,2025-10-19,,
36452814,2025-10-19,,
36453573,2025-10-19,,
36453740,2025-10-19,,
36455244,2025-10-19,,
36456267,2025-10-19,,
36457892,2025-10-19,,
36459631,2025-10-19,,
36461320,2025-10-19,,
36461987,2025-10-19,,
36462002,2025-10-19,,
36462067,2025-10-19,,
36462660,2025-10-20,,
36463287,2025-10-20,,
36464727,2025-10-20,,
36464774,2025-10-20,,
36467145,2025-10-20,,
36469774,2025-10-20,,
36470748,2025-10-20,,
36471256,2025-10-20,,
36471284,2025-10-20,,
36471600,2025-10-20,,
36471897,2025-10-20,,
36472548,2025-10-20,,
36473594,2025-10-20,,
36473812,2025-10-20,,
36474707,2025-10-20,,
36475452,2025-10-20,,
36475792,2025-10-20,,
36475908,2025-10-20,,
36476708,2025-10-20,,
36477972,2025-10-21,,
36479349,2025-10-21,,
36482021,2025-10-21,,
36484695,2025-10-21,,
36486139,2025-10-21,,
36487529,2025-10-21,,
36488620,2025-10-21,,
36489364,2025-10-21,,
36489842,2025-10-21,,
36491849,2025-10-21,,
36493627,2025-10-21,,
36494077,2025-10-21,,
36494646,2025-10-21,,
36495004,2025-10-21,,
36496015,2025-10-22,,
36503741,2025-10-22,,
36503926,2025-10-22,,
36504425,2025-10-22,,
36504687,2025-10-22,,
36507303,2025-10-22,,
36508987,2025-10-22,,
36509668,2025-10-22,,
36510037,2025-10-22,,
36510383,2025-10-22,,
36511063,2025-10-22,,
36511673,2025-10-22,,
36511680,2025-10-22,,
36512087,2025-10-22,,
36512649,2025-10-23,,
36519337,2025-10-23,,
36520228,2025-10-23,,
36520295,2025-10-23,,
36522613,2025-10-23,,
36524991,2025-10-23,,
36525766,2025-10-23,,
36526452,2025-10-23,,
36527105,2025-10-23,,
36528441,2025-10-24,,
36529471,2025-10-24,,
36529807,2025-10-24,,
36532158,2025-10-24,,
36537312,2025-10-24,,
36539464,2025-10-24,,
36539992,2025-10-24,,
36540355,2025-10-24,,
36540601,2025-10-24,,
36541279,2025-10-24,,
36542806,2025-10-24,,
36544048,2025-10-25,,
36544778,2025-10-25,,
36547659,2025-10-25,,
36548738,2025-10-25,,
36549976,2025-10-25,,
36551680,2025-10-25,,
36552050,2025-10-25,,
36553087,2025-10-25,,
36553690,2025-10-25,,
36553852,2025-10-26,,
36555512,2025-10-26,,
36559267,2025-10-26,,
36559349,2025-10-26,,
36559990,2025-10-26,,
36562133,2025-10-26,,
36562363,2025-10-26,,
36563569,2025-10-26,,
36564039,2025-10-27,,
36564186,2025-10-27,,
36564244,2025-10-27,,
36564701,2025-10-27,,
36570593,2025-10-27,,
36571757,2025-10-27,,
36572362,2025-10-27,,
36572669,2025-10-27,,
36574527,2025-10-27,,
36576177,2025-10-27,,
36576248,2025-10-27,,
36576277,2025-10-27,,
36577149,2025-10-27,,
36577497,2025-10-27,,
36578359,2025-10-27,,
36579804,2025-10-27,,
36581377,2025-10-28,,
36582552,2025-10-28,,
36585670,2025-10-28,,
36589339,2025-10-28,,
36589575,2025-10-28,,
36590031,2025-10-28,,
36590376,2025-10-28,,
36594789,2025-10-28,,
36595632,2025-10-28,,
36596498,2025-10-28,,
36596709,2025-10-28,,
36597137,2025-10-28,,
36598260,2025-10-29,,
36598875,2025-10-29,,
36599266,2025-10-29,,
36599309,2025-10-29,,
36599552,2025-10-29,,
36601667,2025-10-29,,
36603071,2025-10-29,,
36604667,2025-10-29,,
36607957,2025-10-29,,
36609858,2025-10-29,,
36609947,2025-10-29,,
36610263,2025-10-29,,
36610520,2025-10-29,,
36610781,2025-10-29,,
36611348,2025-10-29,,
36612308,2025-10-29,,
36612443,2025-10-29,,
36612448,2025-10-29,,
36613453,2025-10-29,,
36614064,2025-10-29,,
36614812,2025-10-29,,
36615750,2025-10-30,,
36616291,2025-10-30,,
36616427,2025-10-30,,
36617014,2025-10-30,,
36620849,2025-10-30,,
36627515,2025-10-30,,
36627522,2025-10-30,,
36627823,2025-10-30,,
36628535,2025-10-30,,
36629122,2025-10-30,,
36629287,2025-10-30,,
36629358,2025-10-30,,
36629422,2025-10-30,,
36630871,2025-10-30,,
36631491,2025-10-30,,
36631652,2025-10-30,,
36632003,2025-10-31,,
36634701,2025-10-31,,
36638447,2025-10-31,,
36641476,2025-10-31,,
36643549,2025-10-31,,
36644119,2025-10-31,,
36644354,2025-10-31,,
36644830,2025-10-31,,
36644836,2025-10-31,,
36645304,2025-10-31,,
36645484,2025-10-31,,
36645849,2025-10-31,,
36646919,2025-11-01,,
36647140,2025-11-01,,
36648322,2025-11-01,,
36651572,2025-11-01,,
36652066,2025-11-01,,
36655360,2025-11-01,,
36655687,2025-11-01,,
36655977,2025-11-01,,
36656563,2025-11-01,,
36657281,2025-11-02,,
36657344,2025-11-02,,
36657676,2025-11-02,,
36657909,2025-11-02,,
36657968,2025-11-02,,
36658270,2025-11-02,,
36658709,2025-11-02,,
36661213,2025-11-02,,
36664519,2025-11-02,,
36664522,2025-11-02,,
36664650,2025-11-02,,
36664689,2025-11-02,,
36666635,2025-11-03,,
36666698,2025-11-03,,
36666709,2025-11-03,,
36667698,2025-11-03,,
36675169,2025-11-03,,
36675263,2025-11-03,,
36677298,2025-11-03,,
36679369,2025-11-03,,
36682921,2025-11-03,,
36683703,2025-11-03,,
36683784,2025-11-03,,
36683919,2025-11-03,,
36684542,2025-11-04,,
36684647,2025-11-04,,
36685717,2025-11-04,,
36686318,2025-11-04,,
36686353,2025-11-04,,
36688924,2025-11-04,,
36689577,2025-11-04,,
36692365,2025-11-04,,
36694877,2025-11-04,,
36694961,2025-11-04,,
36695286,2025-11-04,,
36698931,2025-11-04,,
36700293,2025-11-04,,
36700679,2025-11-04,,
36700730,2025-11-04,,
36701065,2025-11-04,,
36702553,2025-11-04,,
36702736,2025-11-05,,
36702842,2025-11-05,,
36703778,2025-11-05,,
36704371,2025-11-05,,
36710174,2025-11-05,,
36712275,2025-11-05,,
36712377,2025-11-05,,
36713115,2025-11-05,,
36714913,2025-11-05,,
36715912,2025-11-05,,
36716718,2025-11-05,,
36717929,2025-11-05,,
36718790,2025-11-05,,
36720227,2025-11-06,,
36721282,2025-11-06,,
36730809,2025-11-06,,
36732027,2025-11-06,,
36733615,2025-11-06,,
36736272,2025-11-06,,
36738583,2025-11-07,,
36745384,2025-11-07,,
36749214,2025-11-07,,
36749743,2025-11-07,,
36754727,2025-11-07,,
36755094,2025-11-07,,
36755660,2025-11-07,,
36758344,2025-11-08,,
36768610,2025-11-08,,
36773529,2025-11-09,,
36774570,2025-11-09,,
36775164,2025-11-09,,
36777422,2025-11-09,,
36777995,2025-11-09,,
36778693,2025-11-09,,
36778925,2025-11-09,,
36780188,2025-11-10,,
36782009,2025-11-10,,
36789278,2025-11-10,,
36789910,2025-11-10,,
36790780,2025-11-10,,
36791000,2025-11-10,,
36791418,2025-11-10,,
36791608,2025-11-10,,
36791645,2025-11-10,,
36794875,2025-11-10,,
36794948,2025-11-10,,
36795419,2025-11-10,,
36798420,2025-11-11,,
36806299,2025-11-11,,
36807255,2025-11-11,,
36810143,2025-11-11,,
36814248,2025-11-12,,
36816200,2025-11-12,,
36816281,2025-11-12,,
36818436,2025-11-12,,
36824240,2025-11-12,,
36826318,2025-11-12,,
36826534,2025-11-12,,
36826841,2025-11-12,,
36826882,2025-11-12,,
36827341,2025-11-12,,
36827854,2025-11-12,,
36828498,2025-11-12,,
36829687,2025-11-12,,
36829842,2025-11-12,,
36830394,2025-11-13,,
36830875,2025-11-13,,
36833406,2025-11-13,,
36840775,2025-11-13,,
36844690,2025-11-13,,
36847496,2025-11-14,,
36847941,2025-11-14,,
36856981,2025-11-14,,
36857021,2025-11-14,,
36857851,2025-11-14,,
36858456,2025-11-14,,
36858685,2025-11-14,,
36858927,2025-11-14,,
36860815,2025-11-14,,
36861062,2025-11-14,,
36861068,2025-11-14,,
36861793,2025-11-15,,
36861863,2025-11-15,,
36866846,2025-11-15,,
36868947,2025-11-15,,
36869627,2025-11-15,,
36870046,2025-11-15,,
36870313,2025-11-15,,
36871116,2025-11-15,,
36871151,2025-11-15,,
36877810,2025-11-16,,
36879345,2025-11-16,,
36880073,2025-11-16,,
36883429,2025-11-17,,
36885306,2025-11-17,,
36892066,2025-11-17,,
36894428,2025-11-17,,
36896841,2025-11-17,,
36897102,2025-11-17,,
36899571,2025-11-17,,
36900471,2025-11-18,,
36903696,2025-11-18,,
36910482,2025-11-18,,
36912130,2025-11-18,,
36912840,2025-11-18,,
36914332,2025-11-18,,
36915752,2025-11-18,,
36915768,2025-11-18,,
36919184,2025-11-19,,
36919738,2025-11-19,,
36927135,2025-11-19,,
36933549,2025-11-19,,
36934223,2025-11-20,,
36934633,2025-11-20,,
36934672,2025-11-20,,
36935217,2025-11-20,,
36938299,2025-11-20,,
36946527,2025-11-20,,
36948342,2025-11-20,,
36949074,2025-11-20,,
36949771,2025-11-21,,
36949939,2025-11-21,,
36950001,2025-11-21,,
36951527,2025-11-21,,
36957926,2025-11-21,,
36959575,2025-11-21,,
36961499,2025-11-21,,
36962256,2025-11-21,,
36963604,2025-11-21,,
36964570,2025-11-22,,
36964853,2025-11-22,,
36964861,2025-11-22,,
36973682,2025-11-22,,
36974266,2025-11-23,,
36975008,2025-11-23,,
36976028,2025-11-23,,
36979086,2025-11-23,,
36981249,2025-11-23,,
36981603,2025-11-23,,
36981655,2025-11-23,,
36984168,2025-11-24,,
36984673,2025-11-24,,
36986458,2025-11-24,,
36988038,2025-11-24,,
36991849,2025-11-24,,
36996477,2025-11-24,,
36999271,2025-11-25,,
36999736,2025-11-25,,
37008726,2025-11-25,,
37010676,2025-11-25,,
37011662,2025-11-25,,
37011966,2025-11-25,,
37014852,2025-11-25,,
37016894,2025-11-26,,
37017756,2025-11-26,,
37022719,2025-11-26,,
37023851,2025-11-26,,
37023855,2025-11-26,,
37023856,2025-11-26,,
37025669,2025-11-26,,
37026620,2025-11-26,,
37028046,2025-11-26,,
37028491,2025-11-26,,
37030441,2025-11-27,,
37030506,2025-11-27,,
37041953,2025-11-28,,
37042634,2025-11-28,,
37043387,2025-11-28,,
37044770,2025-11-28,,
37044901,2025-11-28,,
37047746,2025-11-28,,
37050227,2025-11-28,,
37051757,2025-11-28,,
37051818,2025-11-28,,
37052280,2025-11-28,,
37052569,2025-11-28,,
37052596,2025-11-28,,
37052635,2025-11-28,,
37052704,2025-11-28,,
37053418,2025-11-28,,
37053481,2025-11-28,,
37053999,2025-11-29,,
37054492,2025-11-29,,
37054591,2025-11-29,,
37054930,2025-11-29,,
37054979,2025-11-29,,
37055015,2025-11-29,,
37055123,2025-11-29,,
37055247,2025-11-29,,
37055297,2025-11-29,,
37055329,2025-11-29,,
37055494,2025-11-29,,
37056331,2025-11-29,,
37058643,2025-11-29,,
37059487,2025-11-29,,
37060356,2025-11-29,,
37061106,2025-11-29,,
37061250,2025-11-29,,
37061259,2025-11-29,,
37061368,2025-11-29,,
37061612,2025-11-29,,
37062914,2025-11-29,,
37062929,2025-11-29,,
37063117,2025-11-29,,
37063226,2025-11-29,,
37063263,2025-11-29,,
37063299,2025-11-29,,
37064080,2025-11-30,,
37064312,2025-11-30,,
37064519,2025-11-30,,
37064568,2025-11-30,,
37064649,2025-11-30,,
37064684,2025-11-30,,
37064893,2025-11-30,,
37064947,2025-11-30,,
37065251,2025-11-30,,
37065325,2025-11-30,,
37065340,2025-11-30,,
37065483,2025-11-30,,
37065986,2025-11-30,,
37066294,2025-11-30,,
37068671,2025-11-30,,
37069530,2025-11-30,,
37069653,2025-11-30,,
37069737,2025-11-30,,
37069956,2025-11-30,,
37069987,2025-11-30,,
37070147,2025-11-30,,
37070222,2025-11-30,,
37070513,2025-11-30,,
37070727,2025-11-30,,
37070772,2025-11-30,,
37070818,2025-11-30,,
37071051,2025-11-30,,
37071055,2025-11-30,,
37071186,2025-11-30,,
37071252,2025-11-30,,
37071382,2025-11-30,,
37071612,2025-11-30,,
37071827,2025-11-30,,
37071883,2025-11-30,,
37071954,2025-11-30,,
37071970,2025-11-30,,
37072036,2025-11-30,,
37072117,2025-11-30,,
37072254,2025-11-30,,
37072374,2025-11-30,,
37072433,2025-11-30,,
37072528,2025-11-30,,
37072585,2025-11-30,,
37072662,2025-11-30,,
37072738,2025-11-30,,
37073059,2025-11-30,,
37073071,2025-11-30,,
37073072,2025-11-30,,
37073134,2025-11-30,,
37073371,2025-11-30,,
37073520,2025-11-30,,
37073610,2025-11-30,,
37073630,2025-11-30,,
37073651,2025-11-30,,
37073975,2025-12-01,,
37074026,2025-12-01,,
37074047,2025-12-01,,
37074168,2025-12-01,,
37074246,2025-12-01,,
37074328,2025-12-01,,
37074631,2025-12-01,,
37074842,2025-12-01,,
37075198,2025-12-01,,
37075351,2025-12-01,,
37075391,2025-12-01,,
37075499,2025-12-01,,
37075545,2025-12-01,,
37075615,2025-12-01,,
37075799,2025-12-01,,
37076026,2025-12-01,,
37076172,2025-12-01,,
37076258,2025-12-01,,
37076299,2025-12-01,,
37076377,2025-12-01,,
37077201,2025-12-01,,
37077558,2025-12-01,,
37078772,2025-12-01,,
37080388,2025-12-01,,
37081145,2025-12-01,,
37081781,2025-12-01,,
37082005,2025-12-01,,
37082865,2025-12-01,,
37082873,2025-12-01,,
37082885,2025-12-01,,
37083007,2025-12-01,,
37084740,2025-12-01,,
37084761,2025-12-01,,
37085134,2025-12-01,,
37085517,2025-12-01,,
37085561,2025-12-01,,
37085717,2025-12-01,,
37085731,2025-12-01,,
37085800,2025-12-01,,
37086365,2025-12-01,,
37086444,2025-12-01,,
37086455,2025-12-01,,
37086665,2025-12-01,,
37087011,2025-12-01,,
37087070,2025-12-01,,
37087178,2025-12-01,,
37087398,2025-12-01,,
37087949,2025-12-01,,
37088307,2025-12-01,,
37088693,2025-12-01,,
37088729,2025-12-01,,
37089094,2025-12-01,,
37089506,2025-12-01,,
37089563,2025-12-01,,
37089578,2025-12-01,,
37089613,2025-12-01,,
37089667,2025-12-01,,
37090032,2025-12-01,,
37090038,2025-12-01,,
37090099,2025-12-01,,
37090150,2025-12-01,,
37090254,2025-12-01,,
37090333,2025-12-01,,
37090711,2025-12-01,,
37090731,2025-12-01,,
37090796,2025-12-01,,
37091228,2025-12-02,,
37091299,2025-12-02,,
37091327,2025-12-02,,
37091434,2025-12-02,,
37091603,2025-12-02,,
37091766,2025-12-02,,
37092240,2025-12-02,,
37092407,2025-12-02,,
37092435,2025-12-02,,
37092454,2025-12-02,,
37092537,2025-12-02,,
37092774,2025-12-02,,
37092783,2025-12-02,,
37092924,2025-12-02,,
37092958,2025-12-02,,
37093133,2025-12-02,,
37093137,2025-12-02,,
37093154,2025-12-02,,
37093275,2025-12-02,,
37093310,2025-12-02,,
37093484,2025-12-02,,
37093552,2025-12-02,,
37093560,2025-12-02,,
37093580,2025-12-02,,
37093629,2025-12-02,,
37093679,2025-12-02,,
37093693,2025-12-02,,
37093826,2025-12-02,,
37093913,2025-12-02,,
37093956,2025-12-02,,
37093973,2025-12-02,,
37094188,2025-12-02,,
37094537,2025-12-02,,
37094549,2025-12-02,,
37094806,2025-12-02,,
37094809,2025-12-02,,
37095646,2025-12-02,,
37095845,2025-12-02,,
37095895,2025-12-02,,
37096051,2025-12-02,,
37096067,2025-12-02,,
37099217,2025-12-02,,
37099630,2025-12-02,,
37100695,2025-12-02,,
37101430,2025-12-02,,
37101440,2025-12-02,,
37101902,2025-12-02,,
37102690,2025-12-02,,
37102696,2025-12-02,,
37103947,2025-12-02,,
37104094,2025-12-02,,
37104414,2025-12-02,,
37104446,2025-12-02,,
37104583,2025-12-02,,
37104837,2025-12-02,,
37104942,2025-12-02,,
37105352,2025-12-02,,
37105644,2025-12-02,,
37105830,2025-12-02,,
37106066,2025-12-02,,
37106508,2025-12-02,,
37107253,2025-12-02,,
37107518,2025-12-02,,
37107586,2025-12-02,,
37107929,2025-12-02,,
37108584,2025-12-03,,
37110362,2025-12-03,,
37111201,2025-12-03,,
37111312,2025-12-03,,
37112233,2025-12-03,,
37112581,2025-12-03,,
37112963,2025-12-03,,
37113123,2025-12-03,,
37113725,2025-12-03,,
37115175,2025-12-03,,
37116097,2025-12-03,,
37119937,2025-12-03,,
37121104,2025-12-03,,
37121273,2025-12-03,,
37121519,2025-12-03,,
37123305,2025-12-03,,
37125502,2025-12-03,,
37126396,2025-12-03,,
37126519,2025-12-03,,
37126980,2025-12-03,,
37127176,2025-12-03,,
37128762,2025-12-03,,
37129608,2025-12-04,,
37129895,2025-12-04,,
37130402,2025-12-04,,
37131040,2025-12-04,,
37131159,2025-12-04,,
37134187,2025-12-04,,
37135610,2025-12-04,,
37139135,2025-12-04,,
37139809,2025-12-04,,
37140511,2025-12-04,,
37142142,2025-12-04,,
37142792,2025-12-04,,
37143098,2025-12-04,,
37143651,2025-12-04,,
37144307,2025-12-04,,
37144317,2025-12-04,,
37144720,2025-12-04,,
37145031,2025-12-04,,
37145202,2025-12-04,,
37145235,2025-12-04,,
37145310,2025-12-04,,
37145349,2025-12-05,,
37145381,2025-12-05,,
37146016,2025-12-05,,
37146533,2025-12-05,,
37147024,2025-12-05,,
37147347,2025-12-05,,
37147458,2025-12-05,,
37147480,2025-12-05,,
37147826,2025-12-05,,
37152430,2025-12-05,,
37154432,2025-12-05,,
37155088,2025-12-05,,
37156446,2025-12-05,,
37156732,2025-12-05,,
37157869,2025-12-05,,
37158560,2025-12-05,,
37159015,2025-12-06,,
37159912,2025-12-06,,
37160546,2025-12-06,,
37161301,2025-12-06,,
37165467,2025-12-06,,
37167306,2025-12-06,,
37167460,2025-12-06,,
37167801,2025-12-06,,
37167897,2025-12-06,,
37168002,2025-12-06,,
37168911,2025-12-07,,
37169345,2025-12-07,,
37169943,2025-12-07,,
37173636,2025-12-07,,
37174534,2025-12-07,,
37176690,2025-12-07,,
37180482,2025-12-07,,
37184886,2025-12-07,,
37185801,2025-12-07,,
37186273,2025-12-08,,
37186753,2025-12-08,,
37194586,2025-12-08,,
37201700,2025-12-08,,
37205473,2025-12-08,,
37205825,2025-12-08,,
37206073,2025-12-08,,
37207868,2025-12-08,,
37209863,2025-12-08,,
37212131,2025-12-09,,
37213630,2025-12-09,,
37223679,2025-12-09,,
37226107,2025-12-09,,
37227336,2025-12-09,,
37227802,2025-12-09,,
37231104,2025-12-10,,
37231170,2025-12-10,,
37235982,2025-12-10,,
37236779,2025-12-10,,
37239401,2025-12-10,,
37239938,2025-12-10,,
37240629,2025-12-10,,
37241870,2025-12-10,,
37245013,2025-12-11,,
37246102,2025-12-11,,
37246311,2025-12-11,,
37249004,2025-12-11,,
37259448,2025-12-11,,
37263828,2025-12-12,,
37267516,2025-12-12,,
37269721,2025-12-12,,
37271018,2025-12-12,,
37271270,2025-12-12,,
37271490,2025-12-12,,
37273419,2025-12-12,,
37273533,2025-12-12,,
37273711,2025-12-12,,
37274187,2025-12-12,,
37275004,2025-12-13,,
37280754,2025-12-13,,
37285110,2025-12-14,,
37285295,2025-12-14,,
37286115,2025-12-14,,
37286221,2025-12-14,,
37291625,2025-12-14,,
37292554,2025-12-14,,
37293641,2025-12-15,,
37294195,2025-12-15,,
37295181,2025-12-15,,
37296204,2025-12-15,,
37298975,2025-12-15,,
37305529,2025-12-15,,
37306931,2025-12-15,,
37307113,2025-12-15,,
37308472,2025-12-15,,
37308493,2025-12-15,,
37308623,2025-12-15,,
37310695,2025-12-16,,
37311928,2025-12-16,,
37319589,2025-12-16,,
37320578,2025-12-16,,
37321218,2025-12-16,,
37321226,2025-12-16,,
37322269,2025-12-16,,
37322636,2025-12-16,,
37325029,2025-12-17,,
37326354,2025-12-17,,
37334416,2025-12-17,,
37337277,2025-12-17,,
37337522,2025-12-17,,
37338098,2025-12-18,,
37346836,2025-12-18,,
37347447,2025-12-18,,
37349937,2025-12-18,,
37350927,2025-12-18,,
37351653,2025-12-18,,
37352355,2025-12-19,,
37359395,2025-12-19,,
37363212,2025-12-19,,
37363979,2025-12-19,,
37364195,2025-12-19,,
37364377,2025-12-19,,
37365421,2025-12-20,,
37365574,2025-12-20,,
37365695,2025-12-20,,
37374192,2025-12-21,,
37374369,2025-12-21,,
37375535,2025-12-21,,
37379542,2025-12-21,,
37379866,2025-12-21,,
37381087,2025-12-22,,
37389509,2025-12-22,,
37391808,2025-12-22,,
37395063,2025-12-23,,
37395290,2025-12-23,,
37396686,2025-12-23,,
37403977,2025-12-23,,
37406198,2025-12-23,,
37416486,2025-12-24,,
37417077,2025-12-24,,
37418618,2025-12-24,,
37419536,2025-12-25,,
37427203,2025-12-25,,
37428174,2025-12-26,,
37429049,2025-12-26,,
37432867,2025-12-26,,
37436829,2025-12-26,,
37436957,2025-12-26,,
37437320,2025-12-26,,
37437711,2025-12-26,,
37439649,2025-12-27,,
37445773,2025-12-27,,
37446608,2025-12-27,,
37450423,2025-12-27,,
37451057,2025-12-28,,
37451697,2025-12-28,,
37452637,2025-12-28,,
37452923,2025-12-28,,
37455222,2025-12-28,,
37457995,2025-12-28,,
37461020,2025-12-28,,
37463059,2025-12-29,,
37480135,2025-12-30,,
37490859,2025-12-30,,
37493053,2025-12-30,,
37493767,2025-12-31,,
37493841,2025-12-31,,
37494815,2025-12-31,,
37494848,2025-12-31,,
37497538,2025-12-31,,
37499026,2025-12-31,,
37501062,2025-12-31,,
37502403,2025-12-31,,
37504246,2025-12-31,,
37507473,2025-12-31,,
37511004,2026-01-01,,
37518101,2026-01-01,,
37518221,2026-01-01,,
37518387,2026-01-01,,
37520549,2026-01-01,,
37521312,2026-01-01,,
37522214,2026-01-02,,
37522418,2026-01-02,,
37522621,2026-01-02,,
37526808,2026-01-02,,
37531314,2026-01-02,,
37531741,2026-01-02,,
37532467,2026-01-02,,
37537208,2026-01-02,,
37538133,2026-01-02,,
37542112,2026-01-03,,
37549543,2026-01-03,,
37550905,2026-01-03,,
37553982,2026-01-03,,
37554515,2026-01-04,,
37560371,2026-01-04,,
37563621,2026-01-04,,
37565366,2026-01-04,,
37565730,2026-01-04,,
37568835,2026-01-05,,
37569640,2026-01-05,,
37577072,2026-01-05,,
37580686,2026-01-05,,
37581361,2026-01-05,,
37583530,2026-01-05,,
37584452,2026-01-05,,
37585760,2026-01-05,,
37586420,2026-01-05,,
37586514,2026-01-05,,
37587791,2026-01-06,,
37589682,2026-01-06,,
37590542,2026-01-06,,
37598022,2026-01-06,,
37598616,2026-01-06,,
37600747,2026-01-06,,
37601749,2026-01-06,,
37602365,2026-01-06,,
37604144,2026-01-06,,
37604145,2026-01-06,,
37605713,2026-01-06,,
37606663,2026-01-06,,
37606787,2026-01-06,,
37616441,2026-01-07,,
37619000,2026-01-07,,
37621379,2026-01-07,,
37622994,2026-01-07,,
37624989,2026-01-07,,
37626743,2026-01-08,,
37639486,2026-01-08,,
37643096,2026-01-08,,
37644462,2026-01-08,,
37646556,2026-01-08,,
37647332,2026-01-09,,
37648074,2026-01-09,,
37648117,2026-01-09,,
37649163,2026-01-09,,
37651122,2026-01-09,,
37654757,2026-01-09,,
37660809,2026-01-09,,
37663365,2026-01-09,,
37664337,2026-01-09,,
37664839,2026-01-09,,
37665184,2026-01-10,,
37677493,2026-01-10,,
37677938,2026-01-10,,
37681150,2026-01-11,,
37681563,2026-01-11,,
37682729,2026-01-11,,
37687435,2026-01-11,,
37689066,2026-01-11,,
37689671,2026-01-11,,
37691151,2026-01-11,,
37701908,2026-01-12,,
37701998,2026-01-12,,
37708616,2026-01-12,,
37708694,2026-01-12,,
37710262,2026-01-13,,
37711594,2026-01-13,,
37711629,2026-01-13,,
37721285,2026-01-13,,
37726120,2026-01-13,,
37728234,2026-01-13,,
37729336,2026-01-14,,
37731250,2026-01-14,,
37733232,2026-01-14,,
37736602,2026-01-14,,
37738148,2026-01-14,,
37740873,2026-01-14,,
37746594,2026-01-14,,
37748335,2026-01-15,,
37749238,2026-01-15,,
37749310,2026-01-15,,
37749807,2026-01-15,,
37750163,2026-01-15,,
37754377,2026-01-15,,
37757154,2026-01-15,,
37759705,2026-01-15,,
37762275,2026-01-15,,
37763620,2026-01-15,,
37763725,2026-01-15,,
37765413,2026-01-15,,
37767870,2026-01-16,,
37768141,2026-01-16,,
37772705,2026-01-16,,
37773845,2026-01-16,,
37774127,2026-01-16,,
37775975,2026-01-16,,
37778524,2026-01-16,,
37780480,2026-01-16,,
37782567,2026-01-16,,
37782803,2026-01-16,,
37783372,2026-01-16,,
37784556,2026-01-16,,
37784731,2026-01-17,,
37785010,2026-01-17,,
37787073,2026-01-17,,
37787292,2026-01-17,,
37794855,2026-01-17,,
37796522,2026-01-17,,
37797376,2026-01-17,,
37797542,2026-01-17,,
37799227,2026-01-18,,
37800456,2026-01-18,,
37805934,2026-01-18,,
37807099,2026-01-18,,
37810457,2026-01-19,,
37810803,2026-01-19,,
37813454,2026-01-19,,
37813626,2026-01-19,,
37814846,2026-01-19,,
37824731,2026-01-19,,
37824761,2026-01-19,,
37827598,2026-01-19,,
37829408,2026-01-20,,
37829743,2026-01-20,,
37840635,2026-01-20,,
37843571,2026-01-20,,
37843646,2026-01-20,,
37843678,2026-01-20,,
37843743,2026-01-20,,
37843835,2026-01-20,,
37845272,2026-01-20,,
37849627,2026-01-20,,
37850506,2026-01-20,,
37851290,2026-01-21,,
37851414,2026-01-21,,
37865551,2026-01-21,,
37866844,2026-01-21,,
37869913,2026-01-21,,
37870220,2026-01-22,,
37870637,2026-01-22,,
37873142,2026-01-22,,
37875164,2026-01-22,,
37879624,2026-01-22,,
37880007,2026-01-22,,
37885423,2026-01-22,,
37885497,2026-01-22,,
37888200,2026-01-22,,
37891098,2026-01-23,,
37891313,2026-01-23,,
37901099,2026-01-23,,
37904060,2026-01-23,,
37904707,2026-01-23,,
37907369,2026-01-24,,
37907411,2026-01-24,,
37917547,2026-01-24,,
37919429,2026-01-24,,
37921723,2026-01-25,,
37927231,2026-01-25,,
37927773,2026-01-25,,
37928582,2026-01-25,,
37929049,2026-01-25,,
37929937,2026-01-25,,
37930064,2026-01-25,,
37939966,2026-01-26,,
37948540,2026-01-26,,
37948704,2026-01-26,,
37950363,2026-01-27,,
37958621,2026-01-27,,
37961183,2026-01-27,,
37962477,2026-01-27,,
37963242,2026-01-27,,
37963845,2026-01-27,,
37963971,2026-01-27,,
37968366,2026-01-27,,
37980275,2026-01-28,,
37981444,2026-01-28,,
37982996,2026-01-28,,
37985817,2026-01-28,,
37986106,2026-01-28,,
37986388,2026-01-28,,
37986507,2026-01-28,,
37986689,2026-01-28,,
37987856,2026-01-28,,
37990945,2026-01-29,,
37991261,2026-01-29,,
37995665,2026-01-29,,
37997335,2026-01-29,,
38004160,2026-01-29,,
38005757,2026-01-29,,
38008832,2026-01-29,,
38009656,2026-01-30,,
38009803,2026-01-30,,
38020376,2026-01-30,,
38023700,2026-01-30,,
38025933,2026-01-30,,
38026277,2026-01-30,,
38026744,2026-01-30,,
38028119,2026-01-31,,
38028880,2026-01-31,,
38034880,2026-01-31,,
38036712,2026-01-31,,
38036975,2026-01-31,,
38038791,2026-01-31,,
38039403,2026-01-31,,
38039694,2026-01-31,,
38040651,2026-01-31,,
38041307,2026-02-01,,
38041661,2026-02-01,,
38043013,2026-02-01,,
38043249,2026-02-01,,
38043543,2026-02-01,,
38046529,2026-02-01,,
38054863,2026-02-02,,
38067953,2026-02-02,,
38069516,2026-02-02,,
38071222,2026-02-02,,
38072209,2026-02-02,,
38072908,2026-02-03,,
38073488,2026-02-03,,
38073586,2026-02-03,,
38075129,2026-02-03,,
38083065,2026-02-03,,
38084863,2026-02-03,,
38085053,2026-02-03,,
38088015,2026-02-03,,
38088246,2026-02-03,,
38089243,2026-02-03,,
38089275,2026-02-03,,
38089711,2026-02-03,,
38090073,2026-02-03,,
38090077,2026-02-03,,
38090079,2026-02-03,,
38090368,2026-02-03,,
38092192,2026-02-04,,
38092722,2026-02-04,,
38099883,2026-02-04,,
38100422,2026-02-04,,
38102307,2026-02-04,,
38103445,2026-02-04,,
38105361,2026-02-04,,
38105722,2026-02-04,,
38107028,2026-02-04,,
38107722,2026-02-04,,
38108539,2026-02-04,,
38109231,2026-02-04,,
38112363,2026-02-05,,
38119880,2026-02-05,,
38126985,2026-02-05,,
38128341,2026-02-05,,
38128830,2026-02-05,,
38130223,2026-02-05,,
38131161,2026-02-05,,
38132315,2026-02-06,,
38135033,2026-02-06,,
38137494,2026-02-06,,
38144136,2026-02-06,,
38146520,2026-02-06,,
38146536,2026-02-06,,
38148183,2026-02-06,,
38148342,2026-02-06,,
38148885,2026-02-06,,
38149147,2026-02-06,,
38149465,2026-02-06,,
38151195,2026-02-07,,
38156681,2026-02-07,,
38157646,2026-02-07,,
38164773,2026-02-08,,
38165352,2026-02-08,,
38173911,2026-02-08,,
38174586,2026-02-08,,
38176856,2026-02-09,,
38176981,2026-02-09,,
38177576,2026-02-09,,
38185075,2026-02-09,,
38187483,2026-02-09,,
38187515,2026-02-09,,
38188648,2026-02-09,,
38189114,2026-02-09,,
38189902,2026-02-09,,
38191686,2026-02-09,,
38192815,2026-02-09,,
38193971,2026-02-09,,
38194291,2026-02-09,,
38195496,2026-02-09,,
38195633,2026-02-09,,
38196358,2026-02-10,,
38196401,2026-02-10,,
38198125,2026-02-10,,
38208243,2026-02-10,,
38211443,2026-02-10,,
38211830,2026-02-10,,
38213481,2026-02-10,,
38215553,2026-02-10,,
38215933,2026-02-10,,
38216418,2026-02-11,,
38219031,2026-02-11,,
38219072,2026-02-11,,
38224476,2026-02-11,,
38226581,2026-02-11,,
38226785,2026-02-11,,
38230847,2026-02-11,,
38233023,2026-02-11,,
38233435,2026-02-11,,
38234359,2026-02-11,,
38235712,2026-02-11,,
38237366,2026-02-12,,
38237393,2026-02-12,,
38237933,2026-02-12,,
38239484,2026-02-12,,
38240304,2026-02-12,,
38243179,2026-02-12,,
38246557,2026-02-12,,
38249902,2026-02-12,,
38250303,2026-02-12,,
38250949,2026-02-12,,
38250971,2026-02-12,,
38253191,2026-02-12,,
38254080,2026-02-12,,
38255000,2026-02-12,,
38255989,2026-02-13,,
38256000,2026-02-13,,
38256554,2026-02-13,,
38256907,2026-02-13,,
38257570,2026-02-13,,
38258038,2026-02-13,,
38259264,2026-02-13,,
38260263,2026-02-13,,
38260383,2026-02-13,,
38265996,2026-02-13,,
38266137,2026-02-13,,
38269391,2026-02-13,,
38269603,2026-02-13,,
38270112,2026-02-13,,
38271274,2026-02-13,,
38272191,2026-02-13,,
38272294,2026-02-13,,
38272497,2026-02-13,,
38272777,2026-02-13,,
38273030,2026-02-13,,
38273057,2026-02-13,,
38273087,2026-02-13,,
38273746,2026-02-14,,
38273815,2026-02-14,,
38274384,2026-02-14,,
38274997,2026-02-14,,
38275410,2026-02-14,,
38276637,2026-02-14,,
38277327,2026-02-14,,
38282498,2026-02-14,,
38283510,2026-02-14,,
38283557,2026-02-14,,
38284095,2026-02-14,,
38286103,2026-02-14,,
38286179,2026-02-14,,
38286205,2026-02-14,,
38286279,2026-02-14,,
38287000,2026-02-14,,
38287633,2026-02-15,,
38287976,2026-02-15,,
38288134,2026-02-15,,
38288214,2026-02-15,,
38288547,2026-02-15,,
38289159,2026-02-15,,
38289427,2026-02-15,,
38289785,2026-02-15,,
38289885,2026-02-15,,
38291336,2026-02-15,,
38291707,2026-02-15,,
38294372,2026-02-15,,
38295992,2026-02-15,,
38297204,2026-02-15,,
38297548,2026-02-15,,
38298759,2026-02-15,,
38300439,2026-02-15,,
38301898,2026-02-15,,
38302178,2026-02-16,,
38303710,2026-02-16,,
38304857,2026-02-16,,
38312523,2026-02-16,,
38315139,2026-02-16,,
38316424,2026-02-16,,
38317232,2026-02-16,,
38318786,2026-02-16,,
38320501,2026-02-16,,
38322204,2026-02-16,,
38323021,2026-02-17,,
38324231,2026-02-17,,
38324623,2026-02-17,,
38331692,2026-02-17,,
38336624,2026-02-17,,
38337924,2026-02-17,,
38338755,2026-02-17,,
38340644,2026-02-17,,
38341496,2026-02-17,,
38344990,2026-02-17,,
38346105,2026-02-18,,
38346574,2026-02-18,,
38351478,2026-02-18,,
38359970,2026-02-18,,
38363337,2026-02-18,,
38363889,2026-02-18,,
38371376,2026-02-19,,
38374296,2026-02-19,,
38376287,2026-02-19,,
38381955,2026-02-19,,
38383327,2026-02-19,,
38386280,2026-02-19,,
38386339,2026-02-19,,
38389198,2026-02-19,,
38390158,2026-02-19,,
38392152,2026-02-20,,
38394946,2026-02-20,,
38400326,2026-02-20,,
38404112,2026-02-20,,
38404742,2026-02-20,,
38408085,2026-02-20,,
38409496,2026-02-21,,
38414477,2026-02-21,,
38417718,2026-02-21,,
38418505,2026-02-21,,
38422674,2026-02-21,,
38426029,2026-02-22,,
38434272,2026-02-22,,
38436079,2026-02-22,,
38437343,2026-02-22,,
38439007,2026-02-23,,
38442900,2026-02-23,,
38451117,2026-02-23,,
38452870,2026-02-23,,
38453944,2026-02-23,,
38457540,2026-02-23,,
38459265,2026-02-24,,
38467889,2026-02-24,,
38468241,2026-02-24,,
38469998,2026-02-24,,
38471157,2026-02-24,,
38472091,2026-02-24,,
38476926,2026-02-24,,
38478898,2026-02-25,,
38478943,2026-02-25,,
38483072,2026-02-25,,
38485540,2026-02-25,,
38489497,2026-02-25,,
38489974,2026-02-25,,
38491623,2026-02-25,,
38494324,2026-02-25,,
38495354,2026-02-25,,
38498640,2026-02-26,,
38499589,2026-02-26,,
38511997,2026-02-26,,
38514153,2026-02-26,,
38514358,2026-02-26,,
38519095,2026-02-27,,
38527085,2026-02-27,,
38529051,2026-02-27,,
38530061,2026-02-27,,
38531866,2026-02-27,,
38532865,2026-02-27,,
38537255,2026-02-28,,
38540406,2026-02-28,,
38542120,2026-02-28,,
38543038,2026-02-28,,
38543976,2026-02-28,,
38544735,2026-02-28,,
38546268,2026-02-28,,
38548103,2026-03-01,,
38549088,2026-03-01,,
38553694,2026-03-01,,
38554426,2026-03-01,,
38554555,2026-03-01,,
38555332,2026-03-01,,
38555706,2026-03-01,,
38556359,2026-03-01,,
38557365,2026-03-02,,
38557628,2026-03-02,,
38557963,2026-03-02,,
38558325,2026-03-02,,
38558439,2026-03-02,,
38564247,2026-03-02,,
38567552,2026-03-02,,
38569348,2026-03-02,,
38574306,2026-03-02,,
38574648,2026-03-02,,
38575757,2026-03-02,,
38576160,2026-03-03,,
38576321,2026-03-03,,
38577317,2026-03-03,,
38578344,2026-03-03,,
38580448,2026-03-03,,
38583706,2026-03-03,,
38586801,2026-03-03,,
38587620,2026-03-03,,
38590125,2026-03-03,,
38590949,2026-03-03,,
38591069,2026-03-03,,
38591615,2026-03-03,,
38591734,2026-03-03,,
38593959,2026-03-03,,
38596858,2026-03-04,,
38605877,2026-03-04,,
38606236,2026-03-04,,
38607490,2026-03-04,,
38608443,2026-03-04,,
38608812,2026-03-04,,
38609137,2026-03-04,,
38609952,2026-03-04,,
38618053,2026-03-05,,
38623333,2026-03-05,,
38623695,2026-03-05,,
38625717,2026-03-05,,
38627589,2026-03-05,,
38646574,2026-03-06,,
38646862,2026-03-06,,
38649084,2026-03-06,,
38650791,2026-03-06,,
38652657,2026-03-07,,
38654793,2026-03-07,,
38660770,2026-03-07,,
38664665,2026-03-07,,
38669390,2026-03-08,,
38670364,2026-03-08,,
38670842,2026-03-08,,
38671073,2026-03-08,,
38672473,2026-03-08,,
38672973,2026-03-08,,
38678077,2026-03-09,,
38685289,2026-03-09,,
38685373,2026-03-09,,
38687902,2026-03-09,,
38687930,2026-03-09,,
38688182,2026-03-09,,
38688356,2026-03-09,,
38690027,2026-03-09,,
38692678,2026-03-09,,
38693211,2026-03-09,,
38703136,2026-03-10,,
38704555,2026-03-10,,
38706245,2026-03-10,,
38707698,2026-03-10,,
38708614,2026-03-10,,
38711762,2026-03-10,,
38715063,2026-03-11,,
38716616,2026-03-11,,
38724965,2026-03-11,,
38725012,2026-03-11,,
38726677,2026-03-11,,
38726714,2026-03-11,,
38727332,2026-03-11,,
38729986,2026-03-11,,
38731648,2026-03-11,,
38732902,2026-03-12,,
38739192,2026-03-12,,
38744148,2026-03-12,,
38744580,2026-03-12,,
38745468,2026-03-12,,
38745760,2026-03-12,,
38750143,2026-03-12,,
38750275,2026-03-12,,
38753210,2026-03-13,,
38755046,2026-03-13,,
38755051,2026-03-13,,
38755359,2026-03-13,,
38764279,2026-03-13,,
38765360,2026-03-13,,
38766598,2026-03-13,,
38768279,2026-03-13,,
38769098,2026-03-13,,
38769794,2026-03-13,,
38770228,2026-03-13,,
38772034,2026-03-13,,
38772616,2026-03-14,,
38772937,2026-03-14,,
38773130,2026-03-14,,
38773197,2026-03-14,,
38773231,2026-03-14,,
38773996,2026-03-14,,
38777842,2026-03-14,,
38778005,2026-03-14,,
38780370,2026-03-14,,
38786213,2026-03-15,,
38786705,2026-03-15,,
38787350,2026-03-15,,
38791247,2026-03-15,,
38796031,2026-03-15,,
38797352,2026-03-16,,
38798046,2026-03-16,,
38801173,2026-03-16,,
38801710,2026-03-16,,
38802504,2026-03-16,,
38804066,2026-03-16,,
38811329,2026-03-16,,
38811359,2026-03-16,,
38815011,2026-03-16,,
38816079,2026-03-16,,
38818088,2026-03-16,,
38824190,2026-03-17,,
38825811,2026-03-17,,
38831087,2026-03-17,,
38832606,2026-03-17,,
38833987,2026-03-17,,
38835182,2026-03-17,,
38836741,2026-03-17,,
38837018,2026-03-17,,
38837494,2026-03-17,,
38837574,2026-03-17,,
38837640,2026-03-17,,
38838434,2026-03-17,,
38838867,2026-03-17,,
38850615,2026-03-18,,
38850870,2026-03-18,,
38851125,2026-03-18,,
38854442,2026-03-18,,
38856566,2026-03-18,,
38858292,2026-03-18,,
38858335,2026-03-18,,
38859465,2026-03-18,,
38859697,2026-03-18,,
38860656,2026-03-19,,
38860952,2026-03-19,,
38861090,2026-03-19,,
38873169,2026-03-19,,
38874253,2026-03-19,,
38874411,2026-03-19,,
38876729,2026-03-19,,
38877362,2026-03-19,,
38878224,2026-03-20,,
38878793,2026-03-20,,
38884599,2026-03-20,,
38885887,2026-03-20,,
38886699,2026-03-20,,
38890321,2026-03-20,,
38892474,2026-03-21,,
38898630,2026-03-21,,
38899320,2026-03-21,,
38900351,2026-03-21,,
38900678,2026-03-21,,
38905067,2026-03-22,,
38905535,2026-03-22,,
38907937,2026-03-22,,
38908566,2026-03-22,,
38909220,2026-03-22,,
38909967,2026-03-23,,
38911546,2026-03-23,,
38919716,2026-03-23,,
38920842,2026-03-23,,
38921880,2026-03-23,,
38923922,2026-03-23,,
38924940,2026-03-24,,
38925226,2026-03-24,,
38933649,2026-03-24,,
38934059,2026-03-24,,
38934583,2026-03-24,,
38935371,2026-03-24,,
38937482,2026-03-24,,
38939221,2026-03-24,,
38939537,2026-03-24,,
38940225,2026-03-24,,
38941398,2026-03-24,,
38942947,2026-03-25,,
38943057,2026-03-25,,
38952681,2026-03-25,,
38956354,2026-03-25,,
38957366,2026-03-25,,
38961476,2026-03-26,,
38974176,2026-03-26,,
38975549,2026-03-26,,
38976173,2026-03-27,,
38977145,2026-03-27,,
38977177,2026-03-27,,
38977813,2026-03-27,,
38981935,2026-03-27,,
38984099,2026-03-27,,
38986803,2026-03-27,,
38995217,2026-03-27,,
39008808,2026-03-27,,
39008994,2026-03-27,,
39013184,2026-03-27,,
39015440,2026-03-27,,
39016603,2026-03-27,,
39020427,2026-03-28,,
39021066,2026-03-28,,
39022335,2026-03-28,,
39022768,2026-03-28,,
39023409,2026-03-28,,
39025979,2026-03-28,,
39027013,2026-03-28,,
39027473,2026-03-28,,
39029851,2026-03-28,,
39029868,2026-03-28,,
39030029,2026-03-28,,
39031339,2026-03-28,,
39031450,2026-03-28,,
39031510,2026-03-28,,
39032135,2026-03-28,,
39032258,2026-03-28,,
39032761,2026-03-28,,
39033108,2026-03-28,,
39033364,2026-03-28,,
39033367,2026-03-28,,
39034065,2026-03-29,,
39034683,2026-03-29,,
39035341,2026-03-29,,
39036876,2026-03-29,,
39037792,2026-03-29,,
39038966,2026-03-29,,
39039890,2026-03-29,,
39042369,2026-03-29,,
39042626,2026-03-29,,
39044352,2026-03-29,,
39044581,2026-03-29,,
39044618,2026-03-29,,
39045237,2026-03-29,,
39045413,2026-03-29,,
39046179,2026-03-30,,
39046372,2026-03-30,,
39046672,2026-03-30,,
39047176,2026-03-30,,
39048095,2026-03-30,,
39051991,2026-03-30,,
39054384,2026-03-30,,
39055215,2026-03-30,,
39055287,2026-03-30,,
39056066,2026-03-30,,
39056910,2026-03-30,,
39057086,2026-03-30,,
39058542,2026-03-30,,
39059278,2026-03-30,,
39059565,2026-03-30,,
39060163,2026-03-30,,
39060312,2026-03-30,,
39060375,2026-03-30,,
39061006,2026-03-30,,
39061046,2026-03-30,,
39061292,2026-03-30,,
39061293,2026-03-30,,
39061400,2026-03-30,,
39061415,2026-03-30,,
39062033,2026-03-30,,
39062093,2026-03-30,,
39062794,2026-03-30,,
39063393,2026-03-30,,
39063887,2026-03-30,,
39063928,2026-03-30,,
39064093,2026-03-31,,
39064211,2026-03-31,,
39064354,2026-03-31,,
39064460,2026-03-31,,
39064664,2026-03-31,,
39064757,2026-03-31,,
39064797,2026-03-31,,
39064837,2026-03-31,,
39065334,2026-03-31,,
39065459,2026-03-31,,
39065532,2026-03-31,,
39065617,2026-03-31,,
39065897,2026-03-31,,
39066260,2026-03-31,,
39066367,2026-03-31,,
39066522,2026-03-31,,
39066853,2026-03-31,,
39066960,2026-03-31,,
39067131,2026-03-31,,
39067190,2026-03-31,,
39068237,2026-03-31,,
39069306,2026-03-31,,
39072663,2026-03-31,,
39073774,2026-03-31,,
39074174,2026-03-31,,
39074702,2026-03-31,,
39074730,2026-03-31,,
39074797,2026-03-31,,
39075356,2026-03-31,,
39076041,2026-03-31,,
39076145,2026-03-31,,
39076173,2026-03-31,,
39077188,2026-03-31,,
39077219,2026-03-31,,
39077555,2026-03-31,,
39078495,2026-03-31,,
39078553,2026-03-31,,
39078925,2026-03-31,,
39078987,2026-03-31,,
39079170,2026-03-31,,
39079328,2026-03-31,,
39079644,2026-03-31,,
39080057,2026-03-31,,
39080069,2026-03-31,,
39080203,2026-03-31,,
39080420,2026-03-31,,
39080491,2026-03-31,,
39080624,2026-03-31,,
39080633,2026-03-31,,
39080753,2026-03-31,,
39080969,2026-03-31,,
39081268,2026-03-31,,
39081475,2026-03-31,,
39081543,2026-03-31,,
39081579,2026-03-31,,
39081649,2026-03-31,,
39081650,2026-03-31,,
39081766,2026-03-31,,
39081889,2026-03-31,,
39082096,2026-03-31,,
39082119,2026-03-31,,
39082127,2026-03-31,,
39082360,2026-04-01,,
39082438,2026-04-01,,
39082584,2026-04-01,,
39082802,2026-04-01,,
39082825,2026-04-01,,
39083279,2026-04-01,,
39083398,2026-04-01,,
39083406,2026-04-01,,
39083422,2026-04-01,,
39083856,2026-04-01,,
39083967,2026-04-01,,
39084150,2026-04-01,,
39084168,2026-04-01,,
39084221,2026-04-01,,
39084276,2026-04-01,,
39084378,2026-04-01,,
39084422,2026-04-01,,
39084436,2026-04-01,,
39084440,2026-04-01,,
39084530,2026-04-01,,
39084564,2026-04-01,,
39084827,2026-04-01,,
39086097,2026-04-01,,
39086876,2026-04-01,,
39088675,2026-04-01,,
39089233,2026-04-01,,
39089821,2026-04-01,,
39090275,2026-04-01,,
39090762,2026-04-01,,
39091555,2026-04-01,,
39091763,2026-04-01,,
39091835,2026-04-01,,
39092728,2026-04-01,,
39092782,2026-04-01,,
39093058,2026-04-01,,
39094301,2026-04-01,,
39094568,2026-04-01,,
39095930,2026-04-01,,
39096083,2026-04-01,,
39097552,2026-04-01,,
39097934,2026-04-01,,
39098144,2026-04-01,,
39098173,2026-04-01,,
39100017,2026-04-01,,
39100055,2026-04-01,,
39100338,2026-04-01,,
39101256,2026-04-01,,
39101548,2026-04-02,,
39101892,2026-04-02,,
39103462,2026-04-02,,
39103467,2026-04-02,,
39108348,2026-04-02,,
39111274,2026-04-02,,
39113804,2026-04-02,,
39114571,2026-04-02,,
39114935,2026-04-02,,
39115747,2026-04-02,,
39116691,2026-04-02,,
39117300,2026-04-02,,
39118147,2026-04-02,,
39119815,2026-04-03,,
39120401,2026-04-03,,
39123633,2026-04-03,,
39124321,2026-04-03,,
39125013,2026-04-03,,
39125169,2026-04-03,,
39127362,2026-04-03,,
39129116,2026-04-03,,
39129574,2026-04-03,,
39130885,2026-04-03,,
39131208,2026-04-03,,
39131292,2026-04-03,,
39131360,2026-04-03,,
39131534,2026-04-03,,
39131588,2026-04-03,,
39135846,2026-04-04,,
39140562,2026-04-04,,
39141267,2026-04-04,,
39141600,2026-04-04,,
39141957,2026-04-04,,
39143081,2026-04-05,,
39146961,2026-04-05,,
39148021,2026-04-05,,
39148611,2026-04-05,,
39150084,2026-04-05,,
39150210,2026-04-05,,
39160807,2026-04-06,,
39161857,2026-04-06,,
39162116,2026-04-06,,
39164135,2026-04-06,,
39167057,2026-04-07,,
39168445,2026-04-07,,
39168586,2026-04-07,,
39174682,2026-04-07,,
39178487,2026-04-07,,
39178971,2026-04-07,,
39179023,2026-04-07,,
39182016,2026-04-07,,
39184199,2026-04-08,,
39185017,2026-04-08,,
39196843,2026-04-08,,
39197042,2026-04-08,,
39199981,2026-04-09,,
39200757,2026-04-09,,
39201713,2026-04-09,,
39209590,2026-04-09,,
39210094,2026-04-09,,
39210598,2026-04-09,,
39212470,2026-04-09,,
39214615,2026-04-09,,
39214652,2026-04-09,,
39215399,2026-04-09,,
39217002,2026-04-09,,
39217590,2026-04-10,,
39218804,2026-04-10,,
39221120,2026-04-10,,
39226808,2026-04-10,,
39228703,2026-04-10,,
39229259,2026-04-10,,
39230788,2026-04-10,,
39231403,2026-04-10,,
39231683,2026-04-10,,
39231719,2026-04-10,,
39234431,2026-04-11,,
39241541,2026-04-11,,
39245506,2026-04-12,,
39245651,2026-04-12,,
39246535,2026-04-12,,
39246881,2026-04-12,,
39251350,2026-04-12,,
39252735,2026-04-12,,
39253465,2026-04-12,,
39254171,2026-04-12,,
39254283,2026-04-12,,
39255174,2026-04-13,,
39255774,2026-04-13,,
39263092,2026-04-13,,
39264967,2026-04-13,,
39265576,2026-04-13,,
39265871,2026-04-13,,
39266249,2026-04-13,,
39266639,2026-04-13,,
39267360,2026-04-13,,
39268492,2026-04-13,,
39270692,2026-04-13,,
39280329,2026-04-14,,
39282830,2026-04-14,,
39282977,2026-04-14,,
39287460,2026-04-14,,
39289303,2026-04-15,,
39290312,2026-04-15,,
39292095,2026-04-15,,
39292100,2026-04-15,,
39297356,2026-04-15,,
39298743,2026-04-15,,
39299415,2026-04-15,,
39299633,2026-04-15,,
39300788,2026-04-15,,
39301086,2026-04-15,,
39302136,2026-04-15,,
39302555,2026-04-15,,
39303526,2026-04-15,,
39303656,2026-04-15,,
39303903,2026-04-15,,
39303987,2026-04-15,,
39304226,2026-04-15,,
39304451,2026-04-16,,
39304625,2026-04-16,,
39304935,2026-04-16,,
39304992,2026-04-16,,
39305048,2026-04-16,,
39305062,2026-04-16,,
39305433,2026-04-16,,
39305455,2026-04-16,,
39305480,2026-04-16,,
39305930,2026-04-16,,
39306358,2026-04-16,,
39306793,2026-04-16,,
39306950,2026-04-16,,
39307581,2026-04-16,,
39307628,2026-04-16,,
39307653,2026-04-16,,
39308597,2026-04-16,,
39309314,2026-04-16,,
39310347,2026-04-16,,
39312817,2026-04-16,,
39312857,2026-04-16,,
39313019,2026-04-16,,
39313819,2026-04-16,,
39314109,2026-04-16,,
39314416,2026-04-16,,
39314739,2026-04-16,,
39314812,2026-04-16,,
39314827,2026-04-16,,
39314957,2026-04-16,,
39315030,2026-04-16,,
39315310,2026-04-16,,
39315649,2026-04-16,,
39315743,2026-04-16,,
39315874,2026-04-16,,
39315941,2026-04-16,,
39316012,2026-04-16,,
39316031,2026-04-16,,
39316763,2026-04-16,,
39316965,2026-04-16,,
39317035,2026-04-16,,
39317115,2026-04-16,,
39317386,2026-04-16,,
39317467,2026-04-16,,
39317486,2026-04-16,,
39318069,2026-04-16,,
39318308,2026-04-16,,
39318348,2026-04-16,,
39319069,2026-04-16,,
39319245,2026-04-16,,
39319571,2026-04-16,,
39319621,2026-04-16,,
39320182,2026-04-16,,
39320929,2026-04-16,,
39321057,2026-04-16,,
39321287,2026-04-17,,
39321579,2026-04-17,,
39321607,2026-04-17,,
39321732,2026-04-17,,
39321941,2026-04-17,,
39321970,2026-04-17,,
39321972,2026-04-17,,
39321985,2026-04-17,,
39322027,2026-04-17,,
39322032,2026-04-17,,
39322187,2026-04-17,,
39322284,2026-04-17,,
39322587,2026-04-17,,
39322947,2026-04-17,,
39323003,2026-04-17,,
39323308,2026-04-17,,
39328521,2026-04-17,,
39329579,2026-04-17,,
39329709,2026-04-17,,
39330590,2026-04-17,,
39331905,2026-04-17,,
39332490,2026-04-17,,
39332569,2026-04-17,,
39335965,2026-04-18,,
39337258,2026-04-18,,
39337277,2026-04-18,,
39344104,2026-04-18,,
39345478,2026-04-18,,
39352183,2026-04-19,,
39355002,2026-04-19,,
39355541,2026-04-19,,
39355885,2026-04-19,,
39356580,2026-04-19,,
39362255,2026-04-20,,
39365019,2026-04-20,,
39367197,2026-04-20,,
39368836,2026-04-20,,
39369153,2026-04-20,,
39370035,2026-04-20,,
39374883,2026-04-21,,
39385684,2026-04-21,,
39388452,2026-04-21,,
39391613,2026-04-22,,
39391947,2026-04-22,,
39392729,2026-04-22,,
39392907,2026-04-22,,
39395735,2026-04-22,,
39398803,2026-04-22,,
39400550,2026-04-22,,
39400623,2026-04-22,,
39402884,2026-04-22,,
39402943,2026-04-22,,
39403044,2026-04-22,,
39404124,2026-04-22,,
39404233,2026-04-22,,
39405159,2026-04-22,,
39406435,2026-04-22,,
39408065,2026-04-23,,
39408075,2026-04-23,,
39409275,2026-04-23,,
39413698,2026-04-23,,
39416481,2026-04-23,,
39419241,2026-04-23,,
39419788,2026-04-23,,
39420542,2026-04-23,,
39420994,2026-04-23,,
39421290,2026-04-23,,
39421589,2026-04-23,,
39423343,2026-04-24,,
39427938,2026-04-24,,
39430299,2026-04-24,,
39430311,2026-04-24,,
39436458,2026-04-25,,
39437086,2026-04-25,,
39437138,2026-04-25,,
39442143,2026-04-25,,
39443374,2026-04-25,,
39444370,2026-04-25,,
39445063,2026-04-25,,
39446570,2026-04-25,,
39453505,2026-04-26,,
39454159,2026-04-26,,
39455794,2026-04-26,,
39456313,2026-04-27,,
39463475,2026-04-27,,
39466230,2026-04-27,,
39468111,2026-04-27,,
39468885,2026-04-27,,
39469848,2026-04-27,,
39470053,2026-04-27,,
39470472,2026-04-27,,
39471578,2026-04-27,,
39472186,2026-04-28,,
39472757,2026-04-28,,
39473241,2026-04-28,,
39486939,2026-04-28,,
39487580,2026-04-28,,
39489266,2026-04-29,,
39490977,2026-04-29,,
39491619,2026-04-29,,
39496335,2026-04-29,,
39496723,2026-04-29,,
39502461,2026-04-29,,
39502994,2026-04-29,,
39503333,2026-04-29,,
39504840,2026-04-30,,
39505483,2026-04-30,,
39505884,2026-04-30,,
39507635,2026-04-30,,
39513152,2026-04-30,,
39514275,2026-04-30,,
39515303,2026-04-30,,
39516618,2026-04-30,,
39516944,2026-04-30,,
39522069,2026-05-01,,
39522272,2026-05-01,,
39522934,2026-05-01,,
39523059,2026-05-01,,
39529020,2026-05-01,,
39530997,2026-05-01,,
39531975,2026-05-01,,
39532454,2026-05-01,,
39534898,2026-05-01,,
39535249,2026-05-01,,
39536812,2026-05-02,,
39539125,2026-05-02,,
39542781,2026-05-02,,
39543004,2026-05-02,,
39543085,2026-05-02,,
39543110,2026-05-02,,
39544260,2026-05-02,,
39544265,2026-05-02,,
39544813,2026-05-02,,
39545933,2026-05-02,,
39546639,2026-05-02,,
39548334,2026-05-03,,
39548737,2026-05-03,,
39554458,2026-05-03,,
39554990,2026-05-03,,
39555301,2026-05-03,,
39556395,2026-05-03,,
39556642,2026-05-03,,
39556691,2026-05-03,,
39557181,2026-05-03,,
39558341,2026-05-04,,
39559950,2026-05-04,,
39560470,2026-05-04,,
39562967,2026-05-04,,
39565447,2026-05-04,,
39566638,2026-05-04,,
39568374,2026-05-04,,
39569030,2026-05-04,,
39569657,2026-05-04,,
39570199,2026-05-04,,
39570423,2026-05-04,,
39570587,2026-05-04,,
39570729,2026-05-04,,
39571325,2026-05-04,,
39571521,2026-05-04,,
39571953,2026-05-04,,
39572126,2026-05-04,,
39572147,2026-05-04,,
39573299,2026-05-05,,
39573500,2026-05-05,,
39574113,2026-05-05,,
39575829,2026-05-05,,
39576202,2026-05-05,,
39577775,2026-05-05,,
39581556,2026-05-05,,
39582436,2026-05-05,,
39583612,2026-05-05,,
39584180,2026-05-05,,
39584968,2026-05-05,,
39586493,2026-05-05,,
39586688,2026-05-05,,
39587217,2026-05-05,,
39587730,2026-05-05,,
39587922,2026-05-05,,
39589821,2026-05-05,,
39590429,2026-05-05,,
39591062,2026-05-06,,
39591215,2026-05-06,,
39592361,2026-05-06,,
39594610,2026-05-06,,
39596202,2026-05-06,,
39596427,2026-05-06,,
39601802,2026-05-06,,
39605350,2026-05-06,,
39605372,2026-05-06,,
39607585,2026-05-07,,
39617498,2026-05-07,,
39617842,2026-05-07,,
39618022,2026-05-07,,
39618121,2026-05-07,,
39618241,2026-05-07,,
39620996,2026-05-07,,
39624772,2026-05-08,,
39626519,2026-05-08,,
39628177,2026-05-08,,
39628274,2026-05-08,,
39632345,2026-05-08,,
39632924,2026-05-08,,
39634182,2026-05-08,,
39636374,2026-05-08,,
39638104,2026-05-09,,
39639452,2026-05-09,,
39645012,2026-05-09,,
39645430,2026-05-09,,
39645539,2026-05-09,,
39646266,2026-05-09,,
39646642,2026-05-09,,
39646648,2026-05-09,,
39649067,2026-05-10,,
39652078,2026-05-10,,
39652299,2026-05-10,,
39653331,2026-05-10,,
39653686,2026-05-10,,
39655234,2026-05-10,,
39655942,2026-05-10,,
39656197,2026-05-10,,
39656263,2026-05-10,,
39656550,2026-05-10,,
39656760,2026-05-10,,
39656916,2026-05-11,,
39657204,2026-05-11,,
39657891,2026-05-11,,
39658216,2026-05-11,,
39658451,2026-05-11,,
39658757,2026-05-11,,
39659961,2026-05-11,,
39663576,2026-05-11,,
39664683,2026-05-11,,
39667455,2026-05-11,,
39667576,2026-05-11,,
39667829,2026-05-11,,
39668565,2026-05-11,,
39668830,2026-05-11,,
39669399,2026-05-11,,
39669531,2026-05-11,,
39669657,2026-05-11,,
39671965,2026-05-11,,
39671979,2026-05-11,,
39672320,2026-05-11,,
39675990,2026-05-12,,
39676541,2026-05-12,,
39677621,2026-05-12,,
39679082,2026-05-12,,
39680033,2026-05-12,,
39683644,2026-05-12,,
39685545,2026-05-12,,
39685735,2026-05-12,,
39685746,2026-05-12,,
39687438,2026-05-12,,
39687820,2026-05-12,,
39687844,2026-05-12,,
39688946,2026-05-12,,
39689668,2026-05-12,,
39690219,2026-05-12,,
39690360,2026-05-12,,
39690561,2026-05-12,,
39691082,2026-05-12,,
39691308,2026-05-12,,
39691542,2026-05-12,,
39691856,2026-05-12,,
39692632,2026-05-13,,
39692678,2026-05-13,,
39692802,2026-05-13,,
39693635,2026-05-13,,
39694363,2026-05-13,,
39694718,2026-05-13,,
39696243,2026-05-13,,
39698574,2026-05-13,,
39701545,2026-05-13,,
39702162,2026-05-13,,
39702314,2026-05-13,,
39704483,2026-05-13,,
39704520,2026-05-13,,
39706950,2026-05-13,,
39707338,2026-05-13,,
39707527,2026-05-13,,
39707605,2026-05-13,,
39708395,2026-05-14,,
39708737,2026-05-14,,
39708998,2026-05-14,,
39709295,2026-05-14,,
39710489,2026-05-14,,
39710730,2026-05-14,,
39711672,2026-05-14,,
39711840,2026-05-14,,
39715882,2026-05-14,,
39716799,2026-05-14,,
39716990,2026-05-14,,
39717686,2026-05-14,,
39719005,2026-05-14,,
39719677,2026-05-14,,
39720423,2026-05-14,,
39720437,2026-05-14,,
39720603,2026-05-14,,
39721531,2026-05-14,,
39721989,2026-05-14,,
39722076,2026-05-14,,
39722399,2026-05-14,,
39723608,2026-05-14,,
39724103,2026-05-14,,
39724322,2026-05-14,,
39725287,2026-05-15,,
39731766,2026-05-15,,
39733279,2026-05-15,,
39734378,2026-05-15,,
39734441,2026-05-15,,
39734665,2026-05-15,,
39735229,2026-05-15,,
39735336,2026-05-15,,
39735509,2026-05-15,,
39736230,2026-05-15,,
39737675,2026-05-15,,
39739028,2026-05-15,,
39739813,2026-05-16,,
39739834,2026-05-16,,
39739866,2026-05-16,,
39741071,2026-05-16,,
39746032,2026-05-16,,
39746310,2026-05-16,,
39746556,2026-05-16,,
39747343,2026-05-16,,
39747901,2026-05-16,,
39747959,2026-05-16,,
39748038,2026-05-16,,
39748517,2026-05-16,,
39748849,2026-05-16,,
39749051,2026-05-16,,
39749358,2026-05-16,,
39749962,2026-05-16,,
39750101,2026-05-16,,
39751571,2026-05-17,,
39752777,2026-05-17,,
39755222,2026-05-17,,
39755468,2026-05-17,,
39755843,2026-05-17,,
39757220,2026-05-17,,
39759200,2026-05-17,,
39759515,2026-05-18,,
39760085,2026-05-18,,
39760672,2026-05-18,,
39760705,2026-05-18,,
39760933,2026-05-18,,
39762757,2026-05-18,,
39769019,2026-05-18,,
39770851,2026-05-18,,
39773093,2026-05-18,,
39773157,2026-05-18,,
39775482,2026-05-18,,
39776853,2026-05-18,,
39777254,2026-05-18,,
39778149,2026-05-19,,
39778597,2026-05-19,,
39778672,2026-05-19,,
39778856,2026-05-19,,
39779139,2026-05-19,,
39787581,2026-05-19,,
39789233,2026-05-19,,
39790998,2026-05-19,,
39791362,2026-05-19,,
39791660,2026-05-19,,
39791970,2026-05-19,,
39792773,2026-05-19,,
39793442,2026-05-19,,
39793503,2026-05-19,,
39793992,2026-05-20,,
39794080,2026-05-20,,
39794173,2026-05-20,,
39795226,2026-05-20,,
39795290,2026-05-20,,
39795506,2026-05-20,,
39798977,2026-05-20,,
39803487,2026-05-20,,
39805167,2026-05-20,,
39806645,2026-05-20,,
39806797,2026-05-20,,
39807911,2026-05-20,,
39808888,2026-05-20,,
39808980,2026-05-20,,
39809199,2026-05-20,,
39809540,2026-05-21,,
39810346,2026-05-21,,
39810424,2026-05-21,,
39811608,2026-05-21,,
39812308,2026-05-21,,
39813150,2026-05-21,,
39818379,2026-05-21,,
39820371,2026-05-21,,
39821383,2026-05-21,,
39822599,2026-05-21,,
39823095,2026-05-21,,
39823217,2026-05-21,,
39823701,2026-05-21,,
39825910,2026-05-22,,
39826191,2026-05-22,,
39827219,2026-05-22,,
39829722,2026-05-22,,
39829903,2026-05-22,,
39834725,2026-05-22,,
39834733,2026-05-22,,
39835082,2026-05-22,,
39837557,2026-05-22,,
39837638,2026-05-22,,
39838288,2026-05-22,,
39838826,2026-05-22,,
39839591,2026-05-23,,
39843107,2026-05-23,,
39843477,2026-05-23,,
39846258,2026-05-23,,
39847683,2026-05-23,,
39848478,2026-05-23,,
39849477,2026-05-23,,
39849578,2026-05-23,,
39849638,2026-05-23,,
39849646,2026-05-23,,
39850820,2026-05-23,,
39850945,2026-05-23,,
39851282,2026-05-23,,
39852626,2026-05-24,,
39852976,2026-05-24,,
39853086,2026-05-24,,
39853622,2026-05-24,,
39853842,2026-05-24,,
39855490,2026-05-24,,
39856600,2026-05-24,,
39857837,2026-05-24,,
39858851,2026-05-24,,
39858890,2026-05-24,,
39859748,2026-05-24,,
39860676,2026-05-24,,
39861058,2026-05-25,,
39861123,2026-05-25,,
39861594,2026-05-25,,
39869166,2026-05-25,,
39871169,2026-05-25,,
39872357,2026-05-25,,
39873205,2026-05-25,,
39874030,2026-05-25,,
39874697,2026-05-25,,
39874943,2026-05-25,,
39875326,2026-05-25,,
39876749,2026-05-26,,
39877157,2026-05-26,,
39877165,2026-05-26,,
39877326,2026-05-26,,
39877552,2026-05-26,,
39878999,2026-05-26,,
39879928,2026-05-26,,
39882936,2026-05-26,,
39883683,2026-05-26,,
39884007,2026-05-26,,
39884726,2026-05-26,,
39886254,2026-05-26,,
39886397,2026-05-26,,
39888898,2026-05-26,,
39889046,2026-05-26,,
39889305,2026-05-26,,
39889416,2026-05-26,,
39889737,2026-05-26,,
39889764,2026-05-26,,
39889903,2026-05-26,,
39890268,2026-05-26,,
39890481,2026-05-27,,
39890522,2026-05-27,,
39890594,2026-05-27,,
39891079,2026-05-27,,
39891354,2026-05-27,,
39891898,2026-05-27,,
39892287,2026-05-27,,
39892523,2026-05-27,,
39892886,2026-05-27,,
39895317,2026-05-27,,
39898553,2026-05-27,,
39899835,2026-05-27,,
39900040,2026-05-27,,
39901231,2026-05-27,,
39901722,2026-05-27,,
39902253,2026-05-27,,
39902628,2026-05-27,,
39903409,2026-05-27,,
39903532,2026-05-27,,
39904319,2026-05-28,,
39904634,2026-05-28,,
39905504,2026-05-28,,
39905939,2026-05-28,,
39905958,2026-05-28,,
39906767,2026-05-28,,
39908143,2026-05-28,,
39910177,2026-05-28,,
39910993,2026-05-28,,
39911750,2026-05-28,,
39913690,2026-05-28,,
39913978,2026-05-28,,
39914944,2026-05-28,,
39916118,2026-05-28,,
39919348,2026-05-28,,
39920180,2026-05-28,,
39921114,2026-05-28,,
39921909,2026-05-28,,
39922332,2026-05-28,,
39923137,2026-05-29,,
39928561,2026-05-29,,
39932138,2026-05-29,,
39932987,2026-05-29,,
39937936,2026-05-29,,
39938857,2026-05-29,,
39940647,2026-05-29,,
39941858,2026-05-29,,
39942687,2026-05-29,,
39943540,2026-05-29,,
39944100,2026-05-29,,
39944145,2026-05-29,,
39944158,2026-05-29,,
39944314,2026-05-29,,
39946556,2026-05-30,,
39946593,2026-05-30,,
39949276,2026-05-30,,
39950019,2026-05-30,,
39951319,2026-05-30,,
39953024,2026-05-30,,
39953225,2026-05-30,,
39953411,2026-05-30,,
39953790,2026-05-30,,
39954220,2026-05-30,,
39954334,2026-05-30,,
39954605,2026-05-30,,
39955024,2026-05-30,,
39955232,2026-05-30,,
39955585,2026-05-31,,
39955728,2026-05-31,,
39956052,2026-05-31,,
39956098,2026-05-31,,
39956991,2026-05-31,,
39957243,2026-05-31,,
39957289,2026-05-31,,
39959338,2026-05-31,,
39959594,2026-05-31,,
39959912,2026-05-31,,
39960092,2026-05-31,,
39960699,2026-05-31,,
39961137,2026-05-31,,
39962426,2026-05-31,,
39963632,2026-05-31,,
39964526,2026-05-31,,
39964884,2026-05-31,,
39964949,2026-05-31,,
39965051,2026-05-31,,
39965173,2026-05-31,,
39965320,2026-05-31,,
39965384,2026-05-31,,
39965510,2026-05-31,,
39965814,2026-05-31,,
39965816,2026-05-31,,
39965894,2026-05-31,,
39965976,2026-05-31,,
39966467,2026-05-31,,
39966494,2026-05-31,,
39967029,2026-06-01,,
39967184,2026-06-01,,
39967254,2026-06-01,,
39967619,2026-06-01,,
39967678,2026-06-01,,
39967883,2026-06-01,,
39968025,2026-06-01,,
39968424,2026-06-01,,
39968435,2026-06-01,,
39968529,2026-06-01,,
39968572,2026-06-01,,
39968640,2026-06-01,,
39968706,2026-06-01,,
39968757,2026-06-01,,
39968834,2026-06-01,,
39968862,2026-06-01,,
39968889,2026-06-01,,
39968942,2026-06-01,,
39969036,2026-06-01,,
39969058,2026-06-01,,
39969063,2026-06-01,,
39969101,2026-06-01,,
39969202,2026-06-01,,
39969253,2026-06-01,,
39969426,2026-06-01,,
39969563,2026-06-01,,
39970120,2026-06-01,,
39970171,2026-06-01,,
39975263,2026-06-01,,
39975686,2026-06-01,,
39976214,2026-06-01,,
39977206,2026-06-01,,
39978027,2026-06-01,,
39978372,2026-06-01,,
39979542,2026-06-01,,
39979764,2026-06-01,,
39979873,2026-06-01,,
39980250,2026-06-01,,
39980350,2026-06-01,,
39981228,2026-06-01,,
39983073,2026-06-01,,
39983538,2026-06-01,,
39984752,2026-06-01,,
39985019,2026-06-02,,
39985108,2026-06-02,,
39985195,2026-06-02,,
39985623,2026-06-02,,
39985629,2026-06-02,,
39985824,2026-06-02,,
39986554,2026-06-02,,
39987247,2026-06-02,,
39987604,2026-06-02,,
39993210,2026-06-02,,
39998277,2026-06-02,,
39998550,2026-06-02,,
39998846,2026-06-02,,
39999885,2026-06-02,,
40002892,2026-06-03,,
40008403,2026-06-03,,
40012545,2026-06-03,,
40013223,2026-06-03,,
40014176,2026-06-03,,
40014628,2026-06-03,,
40014723,2026-06-03,,
40015711,2026-06-03,,
40016186,2026-06-03,,
40020722,2026-06-04,,
40022886,2026-06-04,,
40024657,2026-06-04,,
40025284,2026-06-04,,
40026988,2026-06-04,,
40027032,2026-06-04,,
40027187,2026-06-04,,
40028094,2026-06-04,,
40029794,2026-06-04,,
40030047,2026-06-04,,
40031388,2026-06-04,,
40031516,2026-06-04,,
40032128,2026-06-04,,
40032920,2026-06-05,,
40033059,2026-06-05,,
40041597,2026-06-05,,
40041624,2026-06-05,,
40044567,2026-06-05,,
40045203,2026-06-05,,
40046309,2026-06-06,,
40047662,2026-06-06,,
40051522,2026-06-06,,
40051974,2026-06-06,,
40052931,2026-06-06,,
40054328,2026-06-06,,
40055622,2026-06-06,,
40055901,2026-06-06,,
40057725,2026-06-07,,
40058763,2026-06-07,,
40059066,2026-06-07,,
40061399,2026-06-07,,
40062448,2026-06-07,,
40062565,2026-06-07,,
40062834,2026-06-07,,
40063054,2026-06-07,,
40064063,2026-06-07,,
40065296,2026-06-08,,
40066687,2026-06-08,,
40071130,2026-06-08,,
40071614,2026-06-08,,
40071954,2026-06-08,,
40073280,2026-06-08,,
40075556,2026-06-08,,
40078302,2026-06-08,,
40079610,2026-06-08,,
40080596,2026-06-09,,
40090416,2026-06-09,,
40095707,2026-06-09,,
40096911,2026-06-10,,
40101263,2026-06-10,,
40104026,2026-06-10,,
40104237,2026-06-10,,
40105539,2026-06-10,,
40106335,2026-06-10,,
40106351,2026-06-10,,
40106411,2026-06-10,,
40106960,2026-06-10,,
40107451,2026-06-10,,
40110788,2026-06-11,,
40111111,2026-06-11,,
40111572,2026-06-11,,
40116448,2026-06-11,,
40118924,2026-06-11,,
40119359,2026-06-11,,
40121491,2026-06-11,,
40121544,2026-06-11,,
40122577,2026-06-11,,
40123697,2026-06-11,,
40127159,2026-06-12,,
40127302,2026-06-12,,
40128197,2026-06-12,,
40137517,2026-06-12,,
40139097,2026-06-12,,
40141764,2026-06-13,,
40144304,2026-06-13,,
40147428,2026-06-13,,
40150586,2026-06-13,,
40152009,2026-06-13,,
40153309,2026-06-14,,
40153597,2026-06-14,,
40153707,2026-06-14,,
40156714,2026-06-14,,
40157594,2026-06-14,,
40157765,2026-06-14,,
40157925,2026-06-14,,
40158762,2026-06-14,,
40158899,2026-06-14,,
40159983,2026-06-14,,
40160006,2026-06-14,,
40161503,2026-06-15,,
40162078,2026-06-15,,
40162218,2026-06-15,,
40162699,2026-06-15,,
40163333,2026-06-15,,
40168217,2026-06-15,,
40171381,2026-06-15,,
40171574,2026-06-15,,
40174117,2026-06-15,,
40174896,2026-06-15,,
40175601,2026-06-16,,
40175624,2026-06-16,,
40176963,2026-06-16,,
40178148,2026-06-16,,
40182059,2026-06-16,,
40185010,2026-06-16,,
40185273,2026-06-16,,
40185629,2026-06-16,,
40185708,2026-06-16,,
40186039,2026-06-16,,
40188738,2026-06-16,,
40189895,2026-06-16,,
40190486,2026-06-16,,
40191971,2026-06-17,,
40192410,2026-06-17,,
40194773,2026-06-17,,
40197774,2026-06-17,,
40197869,2026-06-17,,
40199160,2026-06-17,,
40200871,2026-06-17,,
40200976,2026-06-17,,
40201462,2026-06-17,,
40201745,2026-06-17,,
40201755,2026-06-17,,
40202703,2026-06-17,,
40203568,2026-06-17,,
40206930,2026-06-18,,
40214674,2026-06-18,,
40214960,2026-06-18,,
40217889,2026-06-18,,
40218066,2026-06-18,,
40221755,2026-06-19,,
40227968,2026-06-19,,
40228378,2026-06-19,,
40230665,2026-06-19,,
40233673,2026-06-19,,
40233693,2026-06-19,,
40234789,2026-06-20,,
40238292,2026-06-20,,
40239637,2026-06-20,,
40240172,2026-06-20,,
40240596,2026-06-20,,
40242441,2026-06-20,,
40242889,2026-06-20,,
40244226,2026-06-20,,
40244778,2026-06-20,,
40244788,2026-06-20,,
40251855,2026-06-21,,
40253859,2026-06-21,,
40254145,2026-06-22,,
40254193,2026-06-22,,
40255270,2026-06-22,,
40258974,2026-06-22,,
40262769,2026-06-22,,
40263795,2026-06-22,,
40265060,2026-06-22,,
40266963,2026-06-22,,
40267386,2026-06-22,,
40267639,2026-06-22,,
40269223,2026-06-22,,
40269496,2026-06-22,,
40270893,2026-06-23,,
40271915,2026-06-23,,
40280730,2026-06-23,,
40281093,2026-06-23,,
40282050,2026-06-23,,
40282248,2026-06-23,,
40283297,2026-06-23,,
40285220,2026-06-23,,
40285776,2026-06-23,,
40286056,2026-06-23,,
40286332,2026-06-23,,
40286739,2026-06-23,,
40287001,2026-06-23,,
40289127,2026-06-24,,
40289231,2026-06-24,,
40299884,2026-06-24,,
40300643,2026-06-24,,
40302689,2026-06-24,,
40302866,2026-06-24,,
40303265,2026-06-25,,
40309635,2026-06-25,,
40313322,2026-06-25,,
40314250,2026-06-25,,
40314415,2026-06-25,,
40315025,2026-06-25,,
40315642,2026-06-25,,
40320082,2026-06-26,,
40323617,2026-06-26,,
40327694,2026-06-26,,
40329635,2026-06-26,,
40331336,2026-06-26,,
40331395,2026-06-26,,
40334021,2026-06-27,,
40338962,2026-06-27,,
40340255,2026-06-27,,
40340969,2026-06-27,,
40341152,2026-06-27,,
40341434,2026-06-27,,
40347779,2026-06-28,,
40347849,2026-06-28,,
40348364,2026-06-28,,
40351016,2026-06-28,,
40352211,2026-06-28,,
40354585,2026-06-29,,
40356224,2026-06-29,,
40360482,2026-06-29,,
40363848,2026-06-29,,
40365791,2026-06-29,,
40366208,2026-06-29,,
40368849,2026-06-29,,
40369779,2026-06-30,,
40370578,2026-06-30,,
40370789,2026-06-30,,
40376830,2026-06-30,,
40379473,2026-06-30,,
40380340,2026-06-30,,
40380736,2026-06-30,,
40382060,2026-06-30,,
40382520,2026-06-30,,
40382590,2026-06-30,,
40383918,2026-06-30,,
40384120,2026-06-30,,
40384137,2026-06-30,,
40384461,2026-06-30,,
40385397,2026-07-01,,
40385677,2026-07-01,,
40386037,2026-07-01,,
40388040,2026-07-01,,
40393026,2026-07-01,,
40395021,2026-07-01,,
40395218,2026-07-01,,
40395221,2026-07-01,,
40395222,2026-07-01,,
40395224,2026-07-01,,
40395225,2026-07-01,,
40395227,2026-07-01,,
40395228,2026-07-01,,
40395232,2026-07-01,,
40395238,2026-07-01,,
40395240,2026-07-01,,
40395243,2026-07-01,,
40395248,2026-07-01,,
40395251,2026-07-01,,
40395253,2026-07-01,,
40395255,2026-07-01,,
40395256,2026-07-01,,
40395258,2026-07-01,,
40395259,2026-07-01,,
40395260,2026-07-01,,
40395262,2026-07-01,,
40395263,2026-07-01,,
40395264,2026-07-01,,
40395266,2026-07-01,,
40395269,2026-07-01,,
40395287,2026-07-01,,
40395300,2026-07-01,,
40398311,2026-07-01,,
40398412,2026-07-01,,
40398413,2026-07-01,,
40398415,2026-07-01,,
40398416,2026-07-01,,
40398417,2026-07-01,,
40398418,2026-07-01,,
40398419,2026-07-01,,
40398420,2026-07-01,,
40398426,2026-07-01,,
40398427,2026-07-01,,
40398428,2026-07-01,,
40398429,2026-07-01,,
40398436,2026-07-01,,
40398437,2026-07-01,,
40398439,2026-07-01,,
40398440,2026-07-01,,
40398441,2026-07-01,,
40398442,2026-07-01,,
40398443,2026-07-01,,
40398445,2026-07-01,,
40398446,2026-07-01,,
40398447,2026-07-01,,
40398448,2026-07-01,,
40398449,2026-07-01,,
40398450,2026-07-01,,
40398451,2026-07-01,,
40398452,2026-07-01,,
40398453,2026-07-01,,
40398454,2026-07-01,,
40398456,2026-07-01,,
40398457,2026-07-01,,
40398458,2026-07-01,,
40398460,2026-07-01,,
40398464,2026-07-01,,
40398466,2026-07-01,,
40398469,2026-07-01,,
40398470,2026-07-01,,
40398472,2026-07-01,,
40398474,2026-07-01,,
40398475,2026-07-01,,
40398476,2026-07-01,,
40398477,2026-07-01,,
40398478,2026-07-01,,
40398479,2026-07-01,,
40398480,2026-07-01,,
40398483,2026-07-01,,
40398484,2026-07-01,,
40398488,2026-07-01,,
40398489,2026-07-01,,
40398490,2026-07-01,,
40398492,2026-07-01,,
40398495,2026-07-01,,
40398497,2026-07-01,,
40398498,2026-07-01,,
40398499,2026-07-01,,
40398500,2026-07-01,,
40398501,2026-07-01,,
40398503,2026-07-01,,
40398504,2026-07-01,,
40398506,2026-07-01,,
40398507,2026-07-01,,
40398508,2026-07-01,,
40398509,2026-07-01,,
40398510,2026-07-01,,
40398512,2026-07-01,,
40398513,2026-07-01,,
40398514,2026-07-01,,
40398516,2026-07-01,,
40398517,2026-07-01,,
40398518,2026-07-01,,
40398519,2026-07-01,,
40398520,2026-07-01,,
40398521,2026-07-01,,
40398522,2026-07-01,,
40398523,2026-07-01,,
40398524,2026-07-01,,
40398525,2026-07-01,,
40398526,2026-07-01,,
40398528,2026-07-01,,
40398530,2026-07-01,,
40398531,2026-07-01,,
40398532,2026-07-01,,
40398534,2026-07-01,,
40398535,2026-07-01,,
40398536,2026-07-01,,
40398537,2026-07-01,,
40398541,2026-07-01,,
40398542,2026-07-01,,
40398543,2026-07-01,,
40398544,2026-07-01,,
40398545,2026-07-01,,
40398546,2026-07-01,,
40398547,2026-07-01,,
40398550,2026-07-01,,
40398551,2026-07-01,,
40398554,2026-07-01,,
40398556,2026-07-01,,
40398558,2026-07-01,,
40398559,2026-07-01,,
40398560,2026-07-01,,
40398561,2026-07-01,,
40398562,2026-07-01,,
40398564,2026-07-01,,
40398565,2026-07-01,,
40398569,2026-07-01,,
40398570,2026-07-01,,
40398571,2026-07-01,,
40398573,2026-07-01,,
40398575,2026-07-01,,
40398577,2026-07-01,,
40398578,2026-07-01,,
40398580,2026-07-01,,
40398582,2026-07-01,,
40398583,2026-07-01,,
40398586,2026-07-01,,
40398589,2026-07-01,,
40398591,2026-07-01,,
40398592,2026-07-01,,
40398593,2026-07-01,,
40398594,2026-07-01,,
40398595,2026-07-01,,
40398596,2026-07-01,,
40398597,2026-07-01,,
40398598,2026-07-01,,
40398599,2026-07-01,,
40398600,2026-07-01,,
40398601,2026-07-01,,
40398602,2026-07-01,,
40398605,2026-07-01,,
40398607,2026-07-01,,
40398608,2026-07-01,,
40398609,2026-07-01,,
40398611,2026-07-01,,
40398612,2026-07-01,,
40398615,2026-07-01,,
40398617,2026-07-01,,
40398618,2026-07-01,,
40398619,2026-07-01,,
40398621,2026-07-01,,
40398622,2026-07-01,,
40398623,2026-07-01,,
40398626,2026-07-01,,
40398627,2026-07-01,,
40398628,2026-07-01,,
40398630,2026-07-01,,
40398632,2026-07-01,,
40398634,2026-07-01,,
40398635,2026-07-01,,
40398636,2026-07-01,,
40398640,2026-07-01,,
40398641,2026-07-01,,
40398642,2026-07-01,,
40398643,2026-07-01,,
40398645,2026-07-01,,
40398647,2026-07-01,,
40398648,2026-07-01,,
40398649,2026-07-01,,
40398653,2026-07-01,,
40398654,2026-07-01,,
40398657,2026-07-01,,
40398658,2026-07-01,,
40398660,2026-07-01,,
40398661,2026-07-01,,
40398662,2026-07-01,,
40398664,2026-07-01,,
40398665,2026-07-01,,
40398668,2026-07-01,,
40398670,2026-07-01,,
40398671,2026-07-01,,
40398672,2026-07-01,,
40398673,2026-07-01,,
40398674,2026-07-01,,
40398675,2026-07-01,,
40398676,2026-07-01,,
40398677,2026-07-01,,
40398679,2026-07-01,,
40398681,2026-07-01,,
40398682,2026-07-01,,
40398683,2026-07-01,,
40398684,2026-07-01,,
40398685,2026-07-01,,
40398687,2026-07-01,,
40398688,2026-07-01,,
40398689,2026-07-01,,
40398705,2026-07-01,,
40398802,2026-07-01,,
40399217,2026-07-01,,
40399802,2026-07-01,,
40399980,2026-07-01,,
40400229,2026-07-01,,
40400297,2026-07-01,,
40400546,2026-07-01,,
40401203,2026-07-01,,
40401450,2026-07-01,,
40407376,2026-07-02,,
40409348,2026-07-02,,
40410082,2026-07-02,,
40410099,2026-07-02,,
40411735,2026-07-02,,
40412305,2026-07-02,,
40412348,2026-07-02,,
40412805,2026-07-02,,
40413576,2026-07-02,,
40414066,2026-07-02,,
40414086,2026-07-02,,
40414373,2026-07-02,,
40414414,2026-07-02,,
40414419,2026-07-02,,
40415170,2026-07-02,,
40416032,2026-07-02,,
40416250,2026-07-02,,
40416314,2026-07-02,,
40416327,2026-07-02,,
40416356,2026-07-02,,
40416474,2026-07-02,,
40416498,2026-07-02,,
40416500,2026-07-02,,
40416712,2026-07-02,,
40416733,2026-07-02,,
40416834,2026-07-02,,
40416911,2026-07-02,,
40417455,2026-07-03,,
40417587,2026-07-03,,
40417881,2026-07-03,,
40418656,2026-07-03,,
40419448,2026-07-03,,
40420051,2026-07-03,,
40420127,2026-07-03,,
40420620,2026-07-03,,
40424320,2026-07-03,,
40425145,2026-07-03,,
40426088,2026-07-03,,
40426376,2026-07-03,,
40427983,2026-07-03,,
40428328,2026-07-03,,
40428987,2026-07-03,,
40429092,2026-07-03,,
40429151,2026-07-03,,
40430071,2026-07-03,,
40430477,2026-07-03,,
40432828,2026-07-04,,
40433607,2026-07-04,,
40438465,2026-07-04,,
40438571,2026-07-04,,
40438672,2026-07-04,,
40438849,2026-07-04,,
40439676,2026-07-04,,
40440149,2026-07-04,,
40440192,2026-07-04,,
40440303,2026-07-04,,
40441089,2026-07-04,,
40441281,2026-07-04,,
40441430,2026-07-04,,
40441650,2026-07-04,,
40442703,2026-07-05,,
40442887,2026-07-05,,
40443042,2026-07-05,,
40445478,2026-07-05,,
40446160,2026-07-05,,
40448589,2026-07-05,,
40448647,2026-07-05,,
40449291,2026-07-05,,
40449853,2026-07-05,,
40450138,2026-07-05,,
40450304,2026-07-05,,
40451356,2026-07-05,,
40452022,2026-07-06,,
40452194,2026-07-06,,
40452482,2026-07-06,,
40452945,2026-07-06,,
40453034,2026-07-06,,
40453501,2026-07-06,,
40454129,2026-07-06,,
40454164,2026-07-06,,
40454182,2026-07-06,,
40457210,2026-07-06,,
40459128,2026-07-06,,
40459581,2026-07-06,,
40460185,2026-07-06,,
40460188,2026-07-06,,
40461846,2026-07-06,,
40462491,2026-07-06,,
40462584,2026-07-06,,
40463108,2026-07-06,,
40463399,2026-07-06,,
40463449,2026-07-06,,
40463599,2026-07-06,,
40463814,2026-07-06,,
40464170,2026-07-06,,
40464256,2026-07-06,,
40464488,2026-07-06,,
40464703,2026-07-06,,
40465009,2026-07-06,,
40465420,2026-07-06,,
40466067,2026-07-06,,
40466101,2026-07-06,,
40466192,2026-07-06,,
40466204,2026-07-06,,
40466515,2026-07-06,,
40466605,2026-07-06,,
40466775,2026-07-06,,
40467142,2026-07-06,,
40467786,2026-07-06,,
40467843,2026-07-06,,
40469808,2026-07-07,,
40470178,2026-07-07,,
40470432,2026-07-07,,
40471628,2026-07-07,,
40474621,2026-07-07,,
40478732,2026-07-07,,
40478976,2026-07-07,,
40480739,2026-07-07,,
40481434,2026-07-07,,
40482151,2026-07-07,,
40482410,2026-07-07,,
40484022,2026-07-07,,
40484152,2026-07-07,,
40484375,2026-07-07,,
40484401,2026-07-07,,
40484407,2026-07-07,,
40484445,2026-07-07,,
40484718,2026-07-07,,
40485233,2026-07-07,,
40485396,2026-07-07,,
40485607,2026-07-07,,
40486199,2026-07-07,,
40486341,2026-07-07,,
40486833,2026-07-07,,
40487481,2026-07-08,,
40487802,2026-07-08,,
40488465,2026-07-08,,
40489100,2026-07-08,,
40489439,2026-07-08,,
40492974,2026-07-08,,
40493180,2026-07-08,,
40497846,2026-07-08,,
40499605,2026-07-08,,
40501206,2026-07-08,,
40502688,2026-07-08,,
40503557,2026-07-08,,
40504618,2026-07-08,,
40505108,2026-07-09,,
40505650,2026-07-09,,
40506129,2026-07-09,,
40507076,2026-07-09,,
40507145,2026-07-09,,
40507637,2026-07-09,,
40509794,2026-07-09,,
40510746,2026-07-09,,
40517078,2026-07-09,,
40517135,2026-07-09,,
40517173,2026-07-09,,
40517305,2026-07-09,,
40517754,2026-07-09,,
40518658,2026-07-09,,
40520259,2026-07-09,,
40520395,2026-07-09,,
40521109,2026-07-09,,
40521185,2026-07-09,,
40521527,2026-07-09,,
40521751,2026-07-09,,
40522462,2026-07-09,,
40523248,2026-07-10,,
40523374,2026-07-10,,
40523486,2026-07-10,,
40523492,2026-07-10,,
40523819,2026-07-10,,
40527170,2026-07-10,,
40531233,2026-07-10,,
40532345,2026-07-10,,
40532609,2026-07-10,,
40535793,2026-07-10,,
40536066,2026-07-10,,
40536143,2026-07-10,,
40536477,2026-07-10,,
40538004,2026-07-10,,
40538502,2026-07-10,,
40539285,2026-07-11,,
40539687,2026-07-11,,
40540460,2026-07-11,,
40545279,2026-07-11,,
40547388,2026-07-11,,
40548150,2026-07-11,,
40548325,2026-07-11,,
40550438,2026-07-11,,
40552596,2026-07-11,,
40553228,2026-07-12,,
40553672,2026-07-12,,
40553957,2026-07-12,,
40554434,2026-07-12,,
40562007,2026-07-12,,
40564163,2026-07-12,,
40564215,2026-07-12,,
40564253,2026-07-12,,
40564807,2026-07-13,,
40565067,2026-07-13,,
40565416,2026-07-13,,
40565438,2026-07-13,,
40565945,2026-07-13,,
40566222,2026-07-13,,
40574877,2026-07-13,,
40575830,2026-07-13,,
40576423,2026-07-13,,
40576797,2026-07-13,,
40577905,2026-07-13,,
40579479,2026-07-13,,
40581424,2026-07-13,,
40581495,2026-07-13,,
40581498,2026-07-13,,
40581774,2026-07-13,,
40582006,2026-07-13,,
40582014,2026-07-13,,
40582040,2026-07-13,,
40582736,2026-07-14,,
40582910,2026-07-14,,
40583423,2026-07-14,,
40583813,2026-07-14,,
40583941,2026-07-14,,
40587948,2026-07-14,,
40590420,2026-07-14,,
40590589,2026-07-14,,
40592775,2026-07-14,,
40593609,2026-07-14,,
40595922,2026-07-14,,
40598653,2026-07-14,,
40599045,2026-07-14,,
40599355,2026-07-14,,
40600322,2026-07-14,,
40600412,2026-07-14,,
40600466,2026-07-14,,
40600486,2026-07-14,,
40600588,2026-07-14,,
40600830,2026-07-14,,
40601686,2026-07-15,,
40601903,2026-07-15,,
40603010,2026-07-15,,
40604890,2026-07-15,,
40611794,2026-07-15,,
40611901,2026-07-15,,
40615285,2026-07-15,,
40616003,2026-07-15,,
40616336,2026-07-15,,
40616901,2026-07-15,,
40616922,2026-07-15,,
40617033,2026-07-15,,
40617197,2026-07-15,,
40617281,2026-07-15,,
40617365,2026-07-15,,
40618056,2026-07-15,,
40618307,2026-07-15,,
40618562,2026-07-15,,
40618788,2026-07-16,,
40620669,2026-07-16,,
40621452,2026-07-16,,
40621953,2026-07-16,,
40627938,2026-07-16,,
40630570,2026-07-16,,
40633607,2026-07-16,,
40634089,2026-07-16,,
40634160,2026-07-16,,
40635469,2026-07-16,,
40635813,2026-07-16,,
40636244,2026-07-16,,
40636482,2026-07-16,,
40636654,2026-07-16,,
40636807,2026-07-17,,
40636814,2026-07-17,,
40636857,2026-07-17,,
40637413,2026-07-17,,
40637843,2026-07-17,,
40638336,2026-07-17,,
40640755,2026-07-17,,
40641887,2026-07-17,,
40647494,2026-07-17,,
40647495,2026-07-17,,
40648980,2026-07-17,,
40650585,2026-07-17,,
40650649,2026-07-17,,
40651405,2026-07-17,,
40651441,2026-07-17,,
40651520,2026-07-17,,
40651524,2026-07-17,,
40651867,2026-07-17,,
40652658,2026-07-17,,
40652671,2026-07-17,,
40652678,2026-07-17,,
40653048,2026-07-18,,
40653591,2026-07-18,,
40653666,2026-07-18,,
40654327,2026-07-18,,
40658480,2026-07-18,,
40661589,2026-07-18,,
40662476,2026-07-18,,
40662610,2026-07-18,,
40665820,2026-07-18,,
40666740,2026-07-18,,
40667641,2026-07-19,,
40667876,2026-07-19,,
40668040,2026-07-19,,
40668413,2026-07-19,,
40668418,2026-07-19,,
40668614,2026-07-19,,
40668698,2026-07-19,,
40674114,2026-07-19,,
40674298,2026-07-19,,
40674739,2026-07-19,,
40678793,2026-07-20,,
40678794,2026-07-20,,
40679153,2026-07-20,,
40680596,2026-07-20,,
40685829,2026-07-20,,
40686088,2026-07-20,,
40686959,2026-07-20,,
40690324,2026-07-20,,
40691236,2026-07-20,,
40691252,2026-07-20,,
40692634,2026-07-20,,
40692875,2026-07-20,,
40693183,2026-07-20,,
40693283,2026-07-20,,
40693800,2026-07-20,,
40696780,2026-07-20,,
40697513,2026-07-21,,
40697809,2026-07-21,,
40698847,2026-07-21,,
40699560,2026-07-21,,
40701687,2026-07-21,,
40709636,2026-07-21,,
40711859,2026-07-21,,
40712098,2026-07-21,,
40712557,2026-07-21,,
40713324,2026-07-21,,
40713359,2026-07-21,,
40713453,2026-07-21,,
40713611,2026-07-21,,
40713873,2026-07-21,,
40714198,2026-07-21,,
40714308,2026-07-21,,
40715634,2026-07-21,,
40715967,2026-07-21,,
40716525,2026-07-22,,
40716655,2026-07-22,,
40719431,2026-07-22,,
40728741,2026-07-22,,
40728883,2026-07-22,,
40729570,2026-07-22,,
40729687,2026-07-22,,
40731035,2026-07-22,,
40732014,2026-07-22,,
40732552,2026-07-22,,
40733431,2026-07-22,,
40733563,2026-07-22,,
40734078,2026-07-22,,
40735909,2026-07-23,,
40735958,2026-07-23,,
40736080,2026-07-23,,
40737792,2026-07-23,,
40739457,2026-07-23,,
40739605,2026-07-23,,
40739695,2026-07-23,,
40739967,2026-07-23,,
40741554,2026-07-23,,
40746361,2026-07-23,,
40746397,2026-07-23,,
40746844,2026-07-23,,
40746959,2026-07-23,,
40747739,2026-07-23,,
40747950,2026-07-23,,
40749440,2026-07-23,,
40749500,2026-07-23,,
40749607,2026-07-23,,
40749769,2026-07-23,,
40750764,2026-07-23,,
40751182,2026-07-23,,
40752347,2026-07-23,,
40753539,2026-07-24,,
40754225,2026-07-24,,
40754558,2026-07-24,,
40755212,2026-07-24,,
40756281,2026-07-24,,
40756374,2026-07-24,,
40759231,2026-07-24,,
40763091,2026-07-24,,
40763629,2026-07-24,,
40764390,2026-07-24,,
40765306,2026-07-24,,
40765821,2026-07-24,,
40766320,2026-07-24,,
40766328,2026-07-24,,
40766449,2026-07-24,,
40766835,2026-07-24,,
40766892,2026-07-24,,
40767199,2026-07-24,,
40767273,2026-07-24,,
40767462,2026-07-24,,
40767516,2026-07-24,,
40767960,2026-07-24,,
40768248,2026-07-24,,
40768396,2026-07-24,,
40769973,2026-07-25,,
40770393,2026-07-25,,
40775441,2026-07-25,,
40778464,2026-07-25,,
40779498,2026-07-25,,
40779985,2026-07-25,,
40780508,2026-07-25,,
40781180,2026-07-25,,
40781394,2026-07-25,,
40781480,2026-07-25,,
40781699,2026-07-25,,
40781906,2026-07-25,,
40782623,2026-07-25,,
40782771,2026-07-25,,
40782807,2026-07-25,,
40783607,2026-07-26,,
40784038,2026-07-26,,
40784092,2026-07-26,,
40784159,2026-07-26,,
40784286,2026-07-26,,
40784615,2026-07-26,,
40784811,2026-07-26,,
40785341,2026-07-26,,
40787079,2026-07-26,,
40787906,2026-07-26,,
40790881,2026-07-26,,
40793409,2026-07-26,,
40794591,2026-07-26,,
40796283,2026-07-27,,
40798329,2026-07-27,,
40799215,2026-07-27,,
40799237,2026-07-27,,
40806720,2026-07-27,,
40806812,2026-07-27,,
40807562,2026-07-27,,
40807899,2026-07-27,,
40808137,2026-07-27,,
40808623,2026-07-27,,
40808624,2026-07-27,,
40808895,2026-07-27,,
40809255,2026-07-27,,
40809643,2026-07-27,,
40810229,2026-07-27,,
40810782,2026-07-27,,
40810969,2026-07-27,,
40811101,2026-07-27,,
40814028,2026-07-27,,
40814786,2026-07-28,,
40814950,2026-07-28,,
40815226,2026-07-28,,
40815623,2026-07-28,,
40816768,2026-07-28,,
40818849,2026-07-28,,
40823681,2026-07-28,,
40823908,2026-07-28,,
40824722,2026-07-28,,
40827090,2026-07-28,,
40827243,2026-07-28,,
40828576,2026-07-28,,
40828909,2026-07-28,,
40829100,2026-07-28,,
40829570,2026-07-28,,
40831503,2026-07-28,,
40832221,2026-07-28,,
40832349,2026-07-28,,
40833251,2026-07-28,,
40833279,2026-07-28,,
40833844,2026-07-28,,
40833854,2026-07-28,,
40834163,2026-07-29,,
40834590,2026-07-29,,
40840850,2026-07-29,,
40845762,2026-07-29,,
40845800,2026-07-29,,
40846539,2026-07-29,,
40847121,2026-07-29,,
40848198,2026-07-29,,
40850283,2026-07-29,,
40852619,2026-07-29,,
40852812,2026-07-29,,
40853235,2026-07-29,,
40853617,2026-07-29,,
40854162,2026-07-30,,
40854357,2026-07-30,,
40854785,2026-07-30,,
40856968,2026-07-30,,
40858811,2026-07-30,,
40859265,2026-07-30,,
40860753,2026-07-30,,
40867025,2026-07-30,,
40867647,2026-07-30,,
40869419,2026-07-30,,
40870740,2026-07-30,,
40871372,2026-07-30,,
40871878,2026-07-30,,
40872221,2026-07-30,,
40872229,2026-07-30,,
40872233,2026-07-30,,
40872234,2026-07-30,,
40872235,2026-07-30,,
40872355,2026-07-30,,
40872407,2026-07-30,,
40872721,2026-07-30,,
40872829,2026-07-31,,
40872864,2026-07-31,,
40872974,2026-07-31,,
40873013,2026-07-31,,
40873094,2026-07-31,,
40873208,2026-07-31,,
40873211,2026-07-31,,
40873274,2026-07-31,,
40873348,2026-07-31,,
40873471,2026-07-31,,
40873582,2026-07-31,,
40873901,2026-07-31,,
40874046,2026-07-31,,
40874461,2026-07-31,,
40875405,2026-07-31,,
40876308,2026-07-31,,
40876499,2026-07-31,,
40876527,2026-07-31,,
40876840,2026-07-31,,
40877059,2026-07-31,,
40877397,2026-07-31,,
40877487,2026-07-31,,
40877518,2026-07-31,,
40879688,2026-07-31,,
40879874,2026-07-31,,
40880427,2026-07-31,,
40881519,2026-07-31,,
40883829,2026-07-31,,
40883977,2026-07-31,,
40884295,2026-07-31,,
40885085,2026-07-31,,
40885446,2026-07-31,,
40886287,2026-07-31,,
40886606,2026-07-31,,
40886880,2026-07-31,,
40886969,2026-07-31,,
40887164,2026-07-31,,
40887182,2026-07-31,,
40887406,2026-07-31,,
40887655,2026-07-31,,
40887763,2026-07-31,,
40887815,2026-07-31,,
40888253,2026-07-31,,
40888394,2026-07-31,,
40888476,2026-07-31,,
40888608,2026-07-31,,
40888722,2026-07-31,,
40888779,2026-07-31,,
40888795,2026-07-31,,
40888799,2026-07-31,,
40888820,2026-07-31,,
40888861,2026-07-31,,
40888894,2026-07-31,,
40888984,2026-08-01,,
40889093,2026-08-01,,
40889101,2026-08-01,,
40889109,2026-08-01,,
40889150,2026-08-01,,
40889190,2026-08-01,,
40889193,2026-08-01,,
40889207,2026-08-01,,
40889222,2026-08-01,,
40889371,2026-08-01,,
40889492,2026-08-01,,
40889667,2026-08-01,,
40889750,2026-08-01,,
40889770,2026-08-01,,
40889871,2026-08-01,,
40889882,2026-08-01,,
40889905,2026-08-01,,
40889908,2026-08-01,,
40889997,2026-08-01,,
40890078,2026-08-01,,
40890119,2026-08-01,,
40890120,2026-08-01,,
40890146,2026-08-01,,
40890153,2026-08-01,,
40890229,2026-08-01,,
40890231,2026-08-01,,
40890259,2026-08-01,,
40890262,2026-08-01,,
40890290,2026-08-01,,
40890297,2026-08-01,,
40890314,2026-08-01,,
40890323,2026-08-01,,
40890327,2026-08-01,,
40890365,2026-08-01,,
40890405,2026-08-01,,
40890413,2026-08-01,,
40890448,2026-08-01,,
40890583,2026-08-01,,
40890762,2026-08-01,,
40890817,2026-08-01,,
40892651,2026-08-01,,
40893488,2026-08-01,,
40893721,2026-08-01,,
40894883,2026-08-01,,
40897230,2026-08-01,,
40897262,2026-08-01,,
40897316,2026-08-01,,
40899249,2026-08-01,,
40899519,2026-08-01,,
40901380,2026-08-01,,
40901384,2026-08-01,,
40901492,2026-08-01,,
40901503,2026-08-01,,
40901518,2026-08-01,,
40902681,2026-08-01,,
40903606,2026-08-02,,
40904326,2026-08-02,,
40906152,2026-08-02,,
40908645,2026-08-02,,
40908667,2026-08-02,,
40912098,2026-08-02,,
40912313,2026-08-02,,
40914731,2026-08-03,,
40915053,2026-08-03,,
40915996,2026-08-03,,
40915999,2026-08-03,,
40916587,2026-08-03,,
40919179,2026-08-03,,
40923364,2026-08-03,,
40926280,2026-08-03,,
40926868,2026-08-03,,
40928746,2026-08-03,,
40929459,2026-08-03,,
40929856,2026-08-03,,
40930670,2026-08-03,,
40932183,2026-08-03,,
40932467,2026-08-03,,
40932519,2026-08-03,,
40932789,2026-08-04,,
40933154,2026-08-04,,
40933450,2026-08-04,,
40934287,2026-08-04,,
40934726,2026-08-04,,
40942535,2026-08-04,,
40942998,2026-08-04,,
40943137,2026-08-04,,
40943695,2026-08-04,,
40944451,2026-08-04,,
40946051,2026-08-04,,
40946055,2026-08-04,,
40946080,2026-08-04,,
40946083,2026-08-04,,
40946086,2026-08-04,,
40946088,2026-08-04,,
40946092,2026-08-04,,
40946095,2026-08-04,,
40946097,2026-08-04,,
40946100,2026-08-04,,
40946102,2026-08-04,,
40946104,2026-08-04,,
40946107,2026-08-04,,
40946110,2026-08-04,,
40946113,2026-08-04,,
40946116,2026-08-04,,
40946118,2026-08-04,,
40946123,2026-08-04,,
40946125,2026-08-04,,
40946128,2026-08-04,,
40946131,2026-08-04,,
40946134,2026-08-04,,
40946137,2026-08-04,,
40946139,2026-08-04,,
40946140,2026-08-04,,
40946144,2026-08-04,,
40946147,2026-08-04,,
40946150,2026-08-04,,
40946156,2026-08-04,,
40946161,2026-08-04,,
40946167,2026-08-04,,
40946169,2026-08-04,,
40946174,2026-08-04,,
40946178,2026-08-04,,
40946183,2026-08-04,,
40946188,2026-08-04,,
40946193,2026-08-04,,
40946200,2026-08-04,,
40946202,2026-08-04,,
40946207,2026-08-04,,
40946212,2026-08-04,,
40946218,2026-08-04,,
40946220,2026-08-04,,
40946223,2026-08-04,,
40946226,2026-08-04,,
40946229,2026-08-04,,
40946235,2026-08-04,,
40946237,2026-08-04,,
40946241,2026-08-04,,
40946243,2026-08-04,,
40946245,2026-08-04,,
40946246,2026-08-04,,
40946247,2026-08-04,,
40946249,2026-08-04,,
40946251,2026-08-04,,
40946256,2026-08-04,,
40946258,2026-08-04,,
40946261,2026-08-04,,
40946263,2026-08-04,,
40946267,2026-08-04,,
40946271,2026-08-04,,
40946274,2026-08-04,,
40946276,2026-08-04,,
40946280,2026-08-04,,
40946282,2026-08-04,,
40946286,2026-08-04,,
40946296,2026-08-04,,
40946300,2026-08-04,,
40946303,2026-08-04,,
40946306,2026-08-04,,
40946311,2026-08-04,,
40946314,2026-08-04,,
40946316,2026-08-04,,
40946321,2026-08-04,,
40946325,2026-08-04,,
40946329,2026-08-04,,
40946334,2026-08-04,,
40946339,2026-08-04,,
40946341,2026-08-04,,
40946343,2026-08-04,,
40946344,2026-08-04,,
40946351,2026-08-04,,
40946357,2026-08-04,,
40946363,2026-08-04,,
40946368,2026-08-04,,
40946370,2026-08-04,,
40946373,2026-08-04,,
40946374,2026-08-04,,
40946376,2026-08-04,,
40946378,2026-08-04,,
40946380,2026-08-04,,
40946386,2026-08-04,,
40946389,2026-08-04,,
40946391,2026-08-04,,
40946394,2026-08-04,,
40946398,2026-08-04,,
40946403,2026-08-04,,
40946406,2026-08-04,,
40946409,2026-08-04,,
40946416,2026-08-04,,
40946418,2026-08-04,,
40946421,2026-08-04,,
40946425,2026-08-04,,
40946429,2026-08-04,,
40946433,2026-08-04,,
40946438,2026-08-04,,
40946440,2026-08-04,,
40946444,2026-08-04,,
40946446,2026-08-04,,
40946452,2026-08-04,,
40946456,2026-08-04,,
40946460,2026-08-04,,
40946461,2026-08-04,,
40946464,2026-08-04,,
40946465,2026-08-04,,
40946467,2026-08-04,,
40946472,2026-08-04,,
40946474,2026-08-04,,
40946476,2026-08-04,,
40946478,2026-08-04,,
40946479,2026-08-04,,
40946483,2026-08-04,,
40946485,2026-08-04,,
40946490,2026-08-04,,
40946497,2026-08-04,,
40946498,2026-08-04,,
40946500,2026-08-04,,
40946502,2026-08-04,,
40946505,2026-08-04,,
40946508,2026-08-04,,
40946512,2026-08-04,,
40946514,2026-08-04,,
40946518,2026-08-04,,
40946524,2026-08-04,,
40946530,2026-08-04,,
40946532,2026-08-04,,
40946535,2026-08-04,,
40946536,2026-08-04,,
40946538,2026-08-04,,
40946539,2026-08-04,,
40946543,2026-08-04,,
40946547,2026-08-04,,
40946550,2026-08-04,,
40946551,2026-08-04,,
40946554,2026-08-04,,
40946555,2026-08-04,,
40946557,2026-08-04,,
40946560,2026-08-04,,
40946566,2026-08-04,,
40946571,2026-08-04,,
40946573,2026-08-04,,
40946575,2026-08-04,,
40946579,2026-08-04,,
40946580,2026-08-04,,
40946582,2026-08-04,,
40946586,2026-08-04,,
40946589,2026-08-04,,
40946591,2026-08-04,,
40946594,2026-08-04,,
40946596,2026-08-04,,
40946601,2026-08-04,,
40946604,2026-08-04,,
40946649,2026-08-04,,
40946651,2026-08-04,,
40946654,2026-08-04,,
40946657,2026-08-04,,
40946661,2026-08-04,,
40946663,2026-08-04,,
40946665,2026-08-04,,
40946666,2026-08-04,,
40946669,2026-08-04,,
40946671,2026-08-04,,
40946673,2026-08-04,,
40946676,2026-08-04,,
40946680,2026-08-04,,
40947021,2026-08-04,,
40947024,2026-08-04,,
40947026,2026-08-04,,
40947031,2026-08-04,,
40947032,2026-08-04,,
40947037,2026-08-04,,
40947038,2026-08-04,,
40947042,2026-08-04,,
40948057,2026-08-04,,
40948229,2026-08-04,,
40948661,2026-08-04,,
40948750,2026-08-04,,
40949036,2026-08-04,,
40949488,2026-08-04,,
40950810,2026-08-04,,
40951392,2026-08-04,,
40951561,2026-08-04,,
40951712,2026-08-04,,
40954233,2026-08-05,,
40955411,2026-08-05,,
40955452,2026-08-05,,
40959811,2026-08-05,,
40959813,2026-08-05,,
40959818,2026-08-05,,
40959822,2026-08-05,,
40959825,2026-08-05,,
40959832,2026-08-05,,
40959833,2026-08-05,,
40959836,2026-08-05,,
40959846,2026-08-05,,
40964570,2026-08-05,,
40966071,2026-08-05,,
40966968,2026-08-05,,
40967166,2026-08-05,,
40971126,2026-08-05,,
40971153,2026-08-05,,
40971187,2026-08-05,,
40971212,2026-08-05,,
40971411,2026-08-06,,
40971666,2026-08-06,,
40972203,2026-08-06,,
40972777,2026-08-06,,
40976326,2026-08-06,,
40976360,2026-08-06,,
40976363,2026-08-06,,
40976369,2026-08-06,,
40976375,2026-08-06,,
40976378,2026-08-06,,
40977228,2026-08-06,,
40977596,2026-08-06,,
40979668,2026-08-06,,
40979999,2026-08-06,,
40980364,2026-08-06,,
40981477,2026-08-06,,
40982171,2026-08-06,,
40982321,2026-08-06,,
40982716,2026-08-06,,
40983290,2026-08-06,,
40983299,2026-08-06,,
40984293,2026-08-06,,
40984702,2026-08-06,,
40985332,2026-08-06,,
40985759,2026-08-06,,
40985870,2026-08-06,,
40986879,2026-08-06,,
40987420,2026-08-06,,
40987553,2026-08-06,,
40987614,2026-08-06,,
40988402,2026-08-06,,
40988843,2026-08-06,,
40988885,2026-08-06,,
40989152,2026-08-06,,
40990404,2026-08-07,,
40990419,2026-08-07,,
40990648,2026-08-07,,
40990669,2026-08-07,,
40990817,2026-08-07,,
40994648,2026-08-07,,
40994656,2026-08-07,,
40994658,2026-08-07,,
40994662,2026-08-07,,
40994665,2026-08-07,,
40994666,2026-08-07,,
40994668,2026-08-07,,
40999838,2026-08-07,,
41000877,2026-08-07,,
41001266,2026-08-07,,
41001604,2026-08-07,,
41001681,2026-08-07,,
41001817,2026-08-07,,
41001944,2026-08-07,,
41002508,2026-08-07,,
41003332,2026-08-07,,
41003498,2026-08-07,,
41003919,2026-08-07,,
41004537,2026-08-07,,
41004575,2026-08-07,,
41005330,2026-08-07,,
41005583,2026-08-07,,
41005586,2026-08-07,,
41005887,2026-08-07,,
41006511,2026-08-07,,
41006873,2026-08-08,,
41006891,2026-08-08,,
41007157,2026-08-08,,
41007184,2026-08-08,,
41007704,2026-08-08,,
41007791,2026-08-08,,
41007932,2026-08-08,,
41009828,2026-08-08,,
41010663,2026-08-08,,
41010675,2026-08-08,,
41010677,2026-08-08,,
41010679,2026-08-08,,
41010680,2026-08-08,,
41010681,2026-08-08,,
41010685,2026-08-08,,
41010689,2026-08-08,,
41010690,2026-08-08,,
41010823,2026-08-08,,
41010851,2026-08-08,,
41010936,2026-08-08,,
41012043,2026-08-08,,
41013596,2026-08-08,,
41016945,2026-08-08,,
41017740,2026-08-08,,
41017788,2026-08-08,,
41018061,2026-08-08,,
41018150,2026-08-08,,
41018153,2026-08-08,,
41018604,2026-08-08,,
41018650,2026-08-08,,
41019068,2026-08-08,,
41019092,2026-08-08,,
41019646,2026-08-08,,
41020033,2026-08-08,,
41022058,2026-08-09,,
41023066,2026-08-09,,
41023856,2026-08-09,,
41023858,2026-08-09,,
41023859,2026-08-09,,
41023861,2026-08-09,,
41023863,2026-08-09,,
41023864,2026-08-09,,
41023866,2026-08-09,,
41023868,2026-08-09,,
41023871,2026-08-09,,
41025944,2026-08-09,,
41027267,2026-08-09,,
41027597,2026-08-09,,
41027705,2026-08-09,,
41028006,2026-08-09,,
41028615,2026-08-09,,
41028626,2026-08-09,,
41028890,2026-08-09,,
41028937,2026-08-09,,
41029038,2026-08-09,,
41029174,2026-08-09,,
41029701,2026-08-09,,
41030018,2026-08-09,,
41030066,2026-08-09,,
41031151,2026-08-09,,
41032236,2026-08-09,,
41032398,2026-08-09,,
41033453,2026-08-10,,
41033630,2026-08-10,,
41033656,2026-08-10,,
41033710,2026-08-10,,
41033722,2026-08-10,,
41034946,2026-08-10,,
41036621,2026-08-10,,
41037321,2026-08-10,,
41038088,2026-08-10,,
41038142,2026-08-10,,
41038149,2026-08-10,,
41038156,2026-08-10,,
41038158,2026-08-10,,
41040781,2026-08-10,,
41043868,2026-08-10,,
41044726,2026-08-10,,
41045769,2026-08-10,,
41045969,2026-08-10,,
41046224,2026-08-10,,
41046915,2026-08-10,,
41047067,2026-08-10,,
41047460,2026-08-10,,
41047490,2026-08-10,,
41049011,2026-08-10,,
41049220,2026-08-10,,
41049947,2026-08-10,,
41050602,2026-08-10,,
41051140,2026-08-10,,
41051437,2026-08-10,,
41052648,2026-08-11,,
41056199,2026-08-11,,
41057922,2026-08-11,,
41057924,2026-08-11,,
41057931,2026-08-11,,
41057933,2026-08-11,,
41057936,2026-08-11,,
41057939,2026-08-11,,
41058437,2026-08-11,,
41062045,2026-08-11,,
41062658,2026-08-11,,
41062684,2026-08-11,,
41063469,2026-08-11,,
41065954,2026-08-11,,
41066251,2026-08-11,,
41066345,2026-08-11,,
41066671,2026-08-11,,
41067690,2026-08-11,,
41068670,2026-08-11,,
41068701,2026-08-11,,
41069969,2026-08-11,,
41070374,2026-08-11,,
41070801,2026-08-11,,
41071275,2026-08-11,,
41071611,2026-08-11,,
41072959,2026-08-12,,
41073083,2026-08-12,,
41074274,2026-08-12,,
41076306,2026-08-12,,
41077465,2026-08-12,,
41077469,2026-08-12,,
41077471,2026-08-12,,
41077472,2026-08-12,,
41077476,2026-08-12,,
41077479,2026-08-12,,
41077484,2026-08-12,,
41077488,2026-08-12,,
41082556,2026-08-12,,
41083694,2026-08-12,,
41083827,2026-08-12,,
41084696,2026-08-12,,
41090779,2026-08-12,,
41091042,2026-08-12,,
41091247,2026-08-12,,
41091372,2026-08-12,,
41091591,2026-08-12,,
41092159,2026-08-12,,
41092291,2026-08-12,,
41092761,2026-08-12,,
41092787,2026-08-12,,
41094264,2026-08-13,,
41094439,2026-08-13,,
41094855,2026-08-13,,
41094884,2026-08-13,,
41095039,2026-08-13,,
41097400,2026-08-13,,
41098021,2026-08-13,,
41098022,2026-08-13,,
41098024,2026-08-13,,
41098028,2026-08-13,,
41098030,2026-08-13,,
41098032,2026-08-13,,
41098035,2026-08-13,,
41098039,2026-08-13,,
41098042,2026-08-13,,
41098045,2026-08-13,,
41098125,2026-08-13,,
41102240,2026-08-13,,
41102279,2026-08-13,,
41102459,2026-08-13,,
41102574,2026-08-13,,
41103701,2026-08-13,,
41104448,2026-08-13,,
41106129,2026-08-13,,
41106521,2026-08-13,,
41107147,2026-08-13,,
41107372,2026-08-13,,
41108115,2026-08-13,,
41108421,2026-08-13,,
41108760,2026-08-13,,
41109051,2026-08-13,,
41109559,2026-08-13,,
41110283,2026-08-14,,
41110297,2026-08-14,,
41111537,2026-08-14,,
41111669,2026-08-14,,
41111680,2026-08-14,,
41111713,2026-08-14,,
41112366,2026-08-14,,
41113731,2026-08-14,,
41114274,2026-08-14,,
41114276,2026-08-14,,
41114279,2026-08-14,,
41114280,2026-08-14,,
41114281,2026-08-14,,
41114282,2026-08-14,,
41114284,2026-08-14,,
41114286,2026-08-14,,
41114287,2026-08-14,,
41114288,2026-08-14,,
41115910,2026-08-14,,
41116615,2026-08-14,,
41119007,2026-08-14,,
41120023,2026-08-14,,
41120151,2026-08-14,,
41120191,2026-08-14,,
41120507,2026-08-14,,
41121055,2026-08-14,,
41121522,2026-08-14,,
41121591,2026-08-14,,
41121602,2026-08-14,,
41121917,2026-08-14,,
41122840,2026-08-14,,
41122894,2026-08-14,,
41123089,2026-08-14,,
41123618,2026-08-14,,
41123625,2026-08-14,,
41123846,2026-08-14,,
41123978,2026-08-14,,
41125344,2026-08-15,,
41125761,2026-08-15,,
41127401,2026-08-15,,
41127674,2026-08-15,,
41128616,2026-08-15,,
41128619,2026-08-15,,
41128621,2026-08-15,,
41128625,2026-08-15,,
41128626,2026-08-15,,
41128628,2026-08-15,,
41128631,2026-08-15,,
41128636,2026-08-15,,
41128641,2026-08-15,,
41128650,2026-08-15,,
41128657,2026-08-15,,
41132722,2026-08-15,,
41133948,2026-08-15,,
41134137,2026-08-15,,
41134754,2026-08-15,,
41135833,2026-08-15,,
41135981,2026-08-15,,
41136351,2026-08-15,,
41136925,2026-08-15,,
41137037,2026-08-15,,
41137574,2026-08-16,,
41137810,2026-08-16,,
41137896,2026-08-16,,
41138427,2026-08-16,,
41138507,2026-08-16,,
41140319,2026-08-16,,
41140323,2026-08-16,,
41140326,2026-08-16,,
41140328,2026-08-16,,
41140330,2026-08-16,,
41140333,2026-08-16,,
41140337,2026-08-16,,
41140339,2026-08-16,,
41140341,2026-08-16,,
41140342,2026-08-16,,
41141560,2026-08-16,,
41141636,2026-08-16,,
41141638,2026-08-16,,
41141639,2026-08-16,,
41142597,2026-08-16,,
41145824,2026-08-16,,
41146381,2026-08-16,,
41146440,2026-08-16,,
41147364,2026-08-16,,
41148004,2026-08-16,,
41148133,2026-08-16,,
41148275,2026-08-16,,
41149008,2026-08-17,,
41149245,2026-08-17,,
41149543,2026-08-17,,
41149749,2026-08-17,,
41150147,2026-08-17,,
41150738,2026-08-17,,
41151007,2026-08-17,,
41153426,2026-08-17,,
41153429,2026-08-17,,
41153430,2026-08-17,,
41153432,2026-08-17,,
41153436,2026-08-17,,
41153440,2026-08-17,,
41153442,2026-08-17,,
41153444,2026-08-17,,
41153445,2026-08-17,,
41153446,2026-08-17,,
41154217,2026-08-17,,
41158833,2026-08-17,,
41159507,2026-08-17,,
41161551,2026-08-17,,
41162194,2026-08-17,,
41162260,2026-08-17,,
41162897,2026-08-17,,
41164645,2026-08-17,,
41164940,2026-08-17,,
41165491,2026-08-17,,
41165519,2026-08-17,,
41166254,2026-08-17,,
41166307,2026-08-17,,
41166720,2026-08-17,,
41167343,2026-08-17,,
41167385,2026-08-17,,
41167758,2026-08-18,,
41167845,2026-08-18,,
41168686,2026-08-18,,
41172776,2026-08-18,,
41173000,2026-08-18,,
41173417,2026-08-18,,
41173424,2026-08-18,,
41173427,2026-08-18,,
41173430,2026-08-18,,
41173433,2026-08-18,,
41173435,2026-08-18,,
41173437,2026-08-18,,
41173439,2026-08-18,,
41180164,2026-08-18,,
41181029,2026-08-18,,
41181534,2026-08-18,,
41181691,2026-08-18,,
